{"schema":{"fields":[{"name":"index","type":"integer"},{"name":"personal_essay","type":"string"}],"primaryKey":["index"],"pandas_version":"0.20.0"},"data":[{"index":0,"personal_essay":"For all her conforming to American culture, my mother never lost her aptitude for creating delicious and original food.The kitchen is her fortress. She dislikes it when people hover around her kitchen space while she works her magic. If I ever announce 'I'm going to make pasta' and pull out a box of spaghetti, it doesn't matter if she's on the opposite end of the apartment, she will rise, set water to boil, add salt and pour the pasta. In short, I'd had little opportunity to test my cooking abilities, until one fateful summer day. Did I know brownies could burn so badly as to leave soot on the whole interior of an oven? No, but I learned.I was too embarrassed to ask my mother, my cooking queen, for help or advice. I was scared of disappointing her and decided I could figure it out myself. So I kept cooking in secret, sifting through her dog-eared cookbooks, following instructions meticulously, until one day I managed to produce carbonara sauce - which I had to throw away, because the spaghetti I was supposed to eat with it had caught on fire - and anyways, the sauce was most definitely over-salted.I wasn't used to such a streak of failures. My tendency has always been to grow curious of a skill and hone it until I become somewhat proficient. That's what happened when I taught myself sudoku strategies and went on to win a newspaper prize for solving a puzzle. Or when I tried fashioning my hair into a French braid, had to cut out a fist of hopelessly knotted hair, and five months later aced my braiding technique. I even tried my hand at gardening: after killing off one or two cacti, I wound up with a beautiful, healthy little mint plant. In other words, I had a history of pursuing skill-learning to fruition, so it was frustrating that cooking resisted me so.One day, I was leafing through one of my mother's cookbooks when I noticed one of the recipes had pencil marks on it. I soon realized these were notes, my mother's, providing insight on the instructions: '150 grams of sugar, not 220,' '175\u00b0C = 350\u00b0F,' 'Lower to 300\u00b0F after 15 minutes in oven,' etc. I gathered the ingredients and closely followed the recipe, heeding my mother's advice.Two hours later, I set a steaming pound cake on the table. 'It smells great!' my mother remarked when she walked into the apartment. I was delighted, but feared disappointment. At dinner, I cut her a slice.'This is a quatre-quarts, isn't it?' my mother observed. Her fork came to roost next to an empty plate. I nodded, beaming.'My grandmother used to make it for me. She also made crepes.' My mother paused and furrowed her brow. 'Do you know how to make crepes?''Non,' I replied.'I can teach you, if you'd like.'And so my mother taught me how to make crepes. Instead of listing off ingredient ratios, she taught me to recognize the right consistency, taste and aspect of the dough. That day, I acquired instincts, but not necessarily knowledge. Later I realized how futile it'd been to try self-teaching these sorts of things: this skill was human, unbelievably so.Later that day, as we feasted on golden crepes, I started brainstorming new projects. Learning how to play David Bowie on the recorder, perhaps? Or nailing a split? How about teaching myself how to knit a sweater? Finally, something dawned on me: there were invaluable lessons to learn right before my eyes.'Can you teach me how to make scones?' I asked my mother.'Of course.'There will be time for David Bowie partitions, gymnastic attempts, knitted presents and more, as far as my curiosity will take me. But for now, I welcome my mother's expertise, knowing we'll always learn together, no matter the time or the dish."},{"index":1,"personal_essay":"I indicated that I am 'undecided' because many topics interest me. Although I elected engineering-geared studies in high school on account of my affinity for math, I find humanities very compelling as well. For instance, I enjoy the way history, though it may seem the most empirical of humanities, prompts debate between students. I enjoy the art of interpreting, notably during my cinema elective, where we use historical context to interpret shots and decipher their meanings. To me, learning facts is a precious step in understanding context and proceeding to interpretation. Therefore I love analyzing the intersection of politics, science and literature as exemplified by the Age of Enlightenment in Europe. My inclination towards all-encompassing context explains why I take interest in so many subjects, as they have consistently overlapped throughout history.Why are you drawn to the area(s) of study you indicated earlier in the application? If you are 'undecided' or not sure which Brown concentrations match your interests, consider describing more generally the academic topics or modes of thought that engage you currently.Throughout August of 2016, I interned at a literary agency in New York called Writers House. There, my job consisted of three parts: receptionist, accountant, and most important, assistant to a literary agent. This last job primarily involved reviewing manuscripts submitted by authors and providing my agent, Michael Mejias, with an editorial letter. This letter's purpose was to help Mr. Mejias counsel the author. By reading a range of manuscripts of varying quality, I came to understand what writing techniques are effective or ineffective, which helped me improve my own creative writing skills. In effect, I now have a better idea of what I appreciate as a reader and how I might translate those qualities in my own writing.Please briefly elaborate on one of your extracurricular activities or work experiences.I joined my school's track and field team in 9th grade. Up until then, I'd practiced martial arts. My experience of the latter was very solitary; when I started training with other athletes, I discovered a spirit of mutual aid that I had never witnessed before. Whether it's helping each other stretch or pushing each other during a race, track and field epitomizes a common endeavor towards excellence. When I win a medal for my team, it's as though the entire group has earned a medal. Consequently, my attitude as a team player has significantly improved.We all exist within communities or groups of various sizes, origins, and purposes; pick one and tell us why it is important to you, and how it has shaped you."}]}