{"schema":{"fields":[{"name":"index","type":"integer"},{"name":"personal_essay","type":"string"}],"primaryKey":["index"],"pandas_version":"0.20.0"},"data":[{"index":0,"personal_essay":"'Hi Man Hing. Pick up or delivery?'Whether I liked it or not, this phrase has and will continue to follow me throughout my entire life\u2014and not just because I say it about 100 times a day. Growing up as a Chinese kid in a predominantly Caucasian area, I was often alienated because of my foreign lifestyle. Not taking into account the cruel, savage nature of children, I often blamed myself for not fitting in with the status quo. The worst offender that allocated me as an 'outlier' was my parents' Chinese take-out restaurant right in town: Man Hing. With relentless 'ching chongs' and comments about using cats and dogs in our food, I quickly grew to resent my family restaurant and the albatross it hung around my neck. Rather than sharing and appreciating my Fuzhounese culture, I began to bury my roots and Americanize myself as much as possible. Adding to the fiery resentment that burned within, I was stripped of my childhood and thrown into the workforce at the age of 11. Taking orders, working the cash register, preparing food\u2014this is not what a child should be doing at such a young age. I found my grades faltering because 'I had work.' I took the easiest classes available, never challenging myself, knowing that I could use the restaurant as an excuse for having no time to focus on school.However, something felt inexplicably wrong about my mediocre lifestyle. On a blustery October night in 2012, Hurricane Sandy ran rampant through Fair Lawn. The ceiling lights flickered on and off until the restaurant was consumed in what I thought was a void of darkness. Our phones provided glimpses of light in the pitch-black store, revealing obscurities I had never seen before. My petulant, 13 year-old mind that was once shrouded in the darkness of spite had cleared up seeing my parents' stressed, pale faces. While they could have weathered the storm in the comfort of our home, they ran the restaurant during the hurricane, keeping my best interests in mind.The torrential storm blew away the darkness within my mind and brought light upon the privilege and fortune Man Hing has brought to my life. I started to realize the strain that this restaurant put on my parents. They worked countless hours every day, seven days a week, 52 weeks a year. My parents slaved over vats of boiling oil and woks full of General Tso's Chicken all so that I could have everything I needed in life. Man Hing wasn't a curse; it was a blessing.After finally acknowledging my ignorance as a child, I felt the need to work harder\u2014not only at the restaurant, but also at school. By immersing myself in both worlds, all different facets of my life benefitted from my newfound determination. I grew to love the satisfaction of helping customers and receiving a warm, genuine smile in return for my service. I grew to love exploring my innate, intellectual curiosity by working to my full potential in school. And I grew to love Man Hing and all that my culture has to offer through the ethnic foods and traditions the restaurant exposed me to.No matter where the future may take me, I will never forget that I owe my success to the place that gave me so much more than just an income. Man Hing has given birth to my love for service and helped to cultivate my insatiability for knowledge. Man Hing has taught me to work hard for what I want and to rise above petty discouragement. Man Hing has been my second home for the past 17 years and inspired me to be proud of the person that I am today. In essence, Man Hing has made me an outlier."},{"index":1,"personal_essay":"Chemistry is a world of endless possibilities, constantly seeking new answers and explanations: a reminder that there are always discoveries to be made. It serves as a medium through which I can view a world different from what exists, while helping me visualize and understand what actually does. With aspirations to benefit people worldwide, I plan to pursue chemistry or chemical engineering. Drawn to mathematics and science because of their complexity and Promethean natures, yet infatuated by the creativity of artistic disciplines, they are the quintessential blends of my intellectual interests. Chemistry oxidizes my mentality, removing all negativity, leaving a positive disposition that truly enables me to (ionically) bond with and fathom the world. Why do these areas appeal to you? (up to approximately 100 words).At Yale, I see a place to pursue all my interests through its interdisciplinary collaboration and programs including 'STARS' and 'Expository Writing', not to mention College Teas. I see the best research university and endless resources 'to engage in life-long learning.' I see the fountainhead of world-class professors and students who will shed light upon the darkest corners of my world, or perhaps re-enlighten it completely, to collaborate with and grow as a scientist, writer, and artist. I see an opportunity to finally, honestly, and truly be challenged.Yale opens doors; the only question remaining is which to walk through.Why does Yale appeal to you? (100 words or less)1. Possibility\u2014with it on my side, I am unstoppable2. Anne Frank\u2014to see the virtue within everyone3. How to be Hipster 101\u2014to encourage people to transcend beyond conformity4. A mean wonton soup\u2026 and vitalityPlease respond in no more than 200 characters to each of the following questions: 1. Who or what is a source of inspiration for you?2. If you could live for a day as another person, past or present, who would it be? Why?3. You are teaching a Yale course. What is it called?4. Most Yale freshmen live in suites of four to six students. What would you contribute to the dynamic of your suite?When I realized my passion for chemistry, I spent every waking moment learning more about it. However, the initial magic of examining matter eventually began to feel like a routine. I became desperate for something, anything, to free me from this cyclical pattern.I found my escape in writing. Penning a story instilled a rush of adrenaline similar to when I first discovered chemistry. The ability to evoke emotions through words inspires me to explore this different side of life. As I continue to immerse myself in this craft, writing feels both comfortably familiar and enticingly new. By playing with words on paper, I found a renewed sense of purpose, along with my hunger for experiences that could expand my horizons and enlighten my mind. Writing is an adventure in itself. Having the power to create different worlds with the strokes of a pen allows me to subsist in my own fantasies. While it may seem contradicting, writing has rekindled my love for chemistry, reminding me to always seek the excitement within the mundane. The world is rich with adventure, and writing gives me the opportunity for exploration whether it's in the lab, at my desk, or anywhere in between.Reflect on a time in the last few years when you felt genuine excitement learning about something.While it may seem superficial and trivial, I love taking photographs and uploading them on Instagram. In the technology-obsessed, selfie-taking world today, I look past Instagram as a means of social media but rather as a medium of expression. Although my original intentions were to create an aesthetic collection of photographs, the reasons behind my photography have evolved into something much more than simply 'taking pretty pictures.' It's evoking emotions and thoughts and telling a story that truly draws me to art. By utilizing components such as depth, symmetry, color, contrast, and exposure, I've been able to express myself in ways words cannot. I no longer aspire to create art; I have grown into an artist.My Instagram serves as the journal in which I record my story and allows me to share it with the world to see. It has opened my eyes and led me to art: my escape from the mundane, sparking creativity in everything I do and making my world a more vibrant place. Ultimately, Instagram has extended beyond a medium of expression for me. It has painted a story on my canvas, enabling me to visualize who I am and who I want to be.2. Write about something that you love to do.Throughout high school, I've been warned time after time, 'Don't bite off more than you can chew.' Being the sassy, adamant freshman I was, two thoughts came to mind. First: Don't tell me what to do. Second: I'll bite off as much as I want to bite off. By defying these limitations, I've pursued whatever interested me, eventually discovering what I truly love: community service, photography, mathematics, biology, and chemistry. While most colleges only allow me to pursue one of my ambitions, the University of Pennsylvania will give me the opportunity to explore them all through its service opportunities and unparalleled education.One of the most appealing aspects of Penn is how highly the institution and its students value community service. Community service is an essential facet of my life because it allows me to positively impact others while opening my eyes to different perspectives of the world. It serves as the center of most of my endeavors, including the National Honor Society and Liberty in North Korea, which I hope to continue through Penn for LiNK. The Academically Based Community Service courses are meaningful opportunities I hope to try because they allow students to not only further their knowledge, but also the knowledge of thousands of Philadelphia students. 'ABCS Chemistry Outreach' and 'Biology of Food' both embody subjects that genuinely fascinate me and provide me the chance to improve the quality of life for others. For the School of Engineering and Applied Science, Engineers Without Borders is a great service learning outreach because it extends beyond the scope of Penn, helping developing communities worldwide through hands-on engineering projects. By participating, I would have the opportunity to make a difference locally and globally using the knowledge I've learned about engineering and sustainable development. I believe the best universities should focus on bettering their surroundings and the world through applying the knowledge taught to real-life problems, making Penn the ideal institution for me.SEAS also embodies everything I desire academically. With aspirations to benefit people worldwide, I plan to pursue Chemical and Biomolecular Engineering. Drawn to mathematics and science because of their complexity and Promethean natures, yet infatuated by the creativity of artistic disciplines, Chemical and Biomolecular Engineering is the quintessential blend of all my academic interests. Penn is one of the only colleges that offers this dynamic major, making it the perfect place to cultivate my passions and jumpstart my dreams. I imagine myself in the same classrooms where scientific legends like Ei-ichi Negishi learned and where eminent innovators and professors like Karen I. Winey teach. In addition, Penn enthusiastically encourages students to explore all facets of their interests. Having been captivated by photography, I hope to improve my technique by taking courses at the College of Arts and Sciences like 'Photographic Thinking'. Penn's dedication to providing an interdisciplinary education is incomparable, creating an intellectually stimulating and vibrantly nurturing home that would shape me to be an endlessly inquisitive, hyper-attentive student of the world.Similar to my freshman year self, I hope to continue nurturing my unfettered curiosity and pursuing opportunities I would never think to try at the University of Pennsylvania. Penn will further cultivate my insatiability for community service, photography, mathematics, biology, and chemistry; however, it will not confine me to that list. I plan to try activities and take a wide breadth of courses outside my comfort zone such as joining an a cappella group (hopefully PennYo) or enrolling in the 'Animation of Disney'. In essence, I want to attend the University of Pennsylvania in hopes of gaining the skills and knowledge necessary to become a catalyst for change. The School of Engineering and Applied Science is truly, as it claims to be, 'the path for students who want to shape the future.' I seek a new frontier to explore, and Penn's community-based, interdisciplinary approach to education guides me in the direction needed to reach my destination.How will you explore your intellectual and academic interests at the University of Pennsylvania? Please answer this question given the specific undergraduate school to which you are applying. (400-650 words)"}]}