{"schema":{"fields":[{"name":"index","type":"integer"},{"name":"personal_essay","type":"string"}],"primaryKey":["index"],"pandas_version":"0.20.0"},"data":[{"index":0,"personal_essay":"]  I didn't see many rainbows in India. They hide in the monsoon rains, or are too frightened by the hot, stifling climate. Likewise, I was terrified of showing that side of myself in a homophobic country, especially to the host family I had grown to love. 'Why India?', my friends would ask. They knew the cruel, anti-gay laws in that country. I knew I had to go anyway. I felt an obligation to see what life must be like when society ignores you, constricts you like a tightly-wound sari. And subconsciously, I hoped that I might somehow change opinions. Yet when I arrived, I was scared to broach the subject, even with Aditya, my 13-year old, smart, but immature, host brother. Only a pink, flimsy curtain separated our shared bedroom from the corridor, but nevertheless a sort of secret camaraderie developed during our nightly hushed conversation. We hoped Aji and Baba wouldn't hear us. As Aditya asked me which of the girls on my program I liked, I remembered the sleepovers of my childhood, during which the discussion of romance was dreaded and confusing. Now, I countered with ease. 'Sophia is pretty', I diplomatically replied, releasing the moment's tension that only I perceived. I began to enjoy responding to his provocative questions, the answers to which he already knew, teaching him what were accepted topics of discussion within my culture. 'What is dating?' 'How are babies made?' I reveled in his squirming and shock when I gave a blunt, sex-ed-type answer. 'Have you ever liked a girl?' Personal pronouns had never before been so treacherous, nor so masterfully avoided. I found myself relishing the satisfaction of self-knowledge, the thrill of carrying a secret, the transition from a very private introvert to now a big brother for the second time in my life-candid about everything-except for one. 'He's the biggest homosexual in my class', he snorted, while discussing his classmates. I seized up, but I willed myself to speak, venturing into unsafe airspace. 'Aditya, you shouldn't make fun of gay people.' I sounded like a cheesy tolerance advertisement. 'Did you know that they' (the safety of third-person!) 'don't choose to be gay?' He disagreed. We continued bantering in the first truly meaningful debate of my life, though the culture clash was played with blunted weapons. The notion of me having gay friends astounded him. The thought of telling him the truth, which for my own safety I couldn't do, was appealing. Instead, I took a different risk as I exposed myself to the likelihood of disappointment. 'Did you know that in some parts of America, two men or two women can get married?' He did. 'What do you think about that?' I expected him to disapprove and prepared to brush off the ignorance. His experience was far different than my own. I remembered how lucky I was to live in colorful Massachusetts.After a long pause, he replied. 'I think it's good. As long as a gay person doesn't have to marry a non-gay person.' I remember being overwhelmed by the hope that must have spilled from our humid apartment into the street below. I believed then, as now, that I had done a tiny part in the global quest for justice, and I was proud. Or perhaps progress was to come without my actions. Yet the unexpectedness of his affirmation, coupled with the innocent humor of its qualification, made me smile as the night's tropical rains descended on India. We would find out the morning's weather soon enough. "},{"index":1,"personal_essay":"Harvard asked for an optional essay about anything we wanted to write about!  I wrote a comedic poem in iambic pentameter and Shakespearean language about my experiences performing Romeo and Juliet."}]}