{"schema":{"fields":[{"name":"index","type":"integer"},{"name":"personal_essay","type":"string"}],"primaryKey":["index"],"pandas_version":"0.20.0"},"data":[{"index":0,"personal_essay":"] At the age of ten I had the jarring realization that parents are not perfect when I discovered that my dad was a gambler. He left in the middle of the night, pawned my Wii, and played poker until I called him to scream for what felt like an hour. I have never understood his reasoning for gambling, insisting that it was to 'help out with money.' Sure he was thinking about our family and hoping that one day he would meet Lady Luck, but a greater part of him was selfish. This addiction consumed him, and it overwhelmed the entire family to know that he fell in love with the game that tore our family apart. To drown out my parents' arguments about how my dad should try his luck at the unemployment counter instead of the blackjack table, I was concentrating on my education. The disagreements worsened in 2009 as my dad had an attack of gout preventing him from working as a taxi driver. But this did not stop him from stealing my mom's money to take a taxi to the casino. Those days were filled with anger toward my dad. I was unable to spend time at the library with friends, but he was able to pawn my guitar and cash-in my birthday checks. After the gout worsened my dad became bedridden, and I could see the fragmented expressions of pain the whole family had suffered through. Then one day he broke down. He spent an entire afternoon apologizing to my family for his failures as a father. As the raw sentiments fell down his cheek, I began to feel humbled. Even though I was constantly angry with him, he allowed me the chance to restart our relationship. For this I am eternally grateful as we are on better terms now.However, to make up for the lack of funds, my family went to food banks every Sunday morning. I loved the notion of charity until I was the one receiving it. It was a cynical and ungrateful perspective, but eventually these trips became highlights of my week because I witnessed compassion in each person that I met. While my friends were at the mall, I was at Sunday mass for guidance on turning my perceived tragedies into triumphs.  In retrospect, I have never been more thankful for a period of my life than when my family was literally struggling through each day. These experiences have shaped my philosophies, established my priorities, and motivated my passions. Growing up in a financially unstable environment revealed to me the importance of a significant support system. Without those struggles, I do not think I would have been as interested in pursuing my education. I like to think that my motivation to excel is a combination of my innate sense of curiosity and my need to survive. Rather than letting my financial and family background dictate my life, I choose to focus my energy into school. I am a learner. My eighth grade science teacher introduced me to TED Talks, and there were several speakers from impoverished backgrounds. These eighteen minute speeches ended my notion that I was not allowed to have aspirations because my family is poor. However, this idea was not an epiphany. It was a gradual realization that if I study diligently, engage actively in discussion, and take advantage of every opportunity afforded to me, then I can achieve my goals as a student. I am grateful that I was raised on the principle that happiness comes through hard work, and strength of my family, because without it I would not have taken the initiative to apply for the math and science magnet program at Ed W. Clark High School or joining Speech and Debate. I became devoted to answering every question even if I was wrong and joining the most challenging clubs on campus because if there is anything that my parents instilled in me, it is that I should not let life pass me by. Our life is a struggle, but without these crusades for improvement, I would not have my sense of passion. My family may be full of individuals who have let their struggles and addictions define them, but I have learned to acknowledge mine and control their effect on my life with a sense of conviction. "},{"index":1,"personal_essay":"In Stanford's supplemental essay on intellectual curiosity, I described my experience with research and how it changed my outlook on education and the nuances of knowledge in this era."}]}