{"schema":{"fields":[{"name":"index","type":"integer"},{"name":"personal_essay","type":"string"}],"primaryKey":["index"],"pandas_version":"0.20.0"},"data":[{"index":0,"personal_essay":"Will DeLorean-esque time machines ever roam the universe, traversing time and space at 88 miles-per-hour? Will wrinkled, blanket-clad aliens actually fit snugly into bicycle baskets? Will my mother's Honda Pilot ever join an army of vehicles that metamorphose into giant, destructive robots? Such questions blossomed in my brain almost immediately when I recently learned that the atomic bomb, space travel, and the moon landing\u2014among other scientific advancements\u2014had all been prefigured in science fiction novels, some even centuries old.I used to believe that science fiction is perhaps just as far away as you could get from actual science. As a literary genre most frequently associated with paranormal abilities and nuclear armageddon, science fiction would seem an unlikely source of predictions about the future of legitimate scientific research. Nevertheless, history actually does show that some of the surrealistic fabrications of science fiction may one day emerge as scientific fact.Thus, I thought to myself: Would some light sci-fi reading help facilitate the arduous, sometimes decades-long, process of amassing traditional scientific research? After all, every scientist knows that failure is endemic to the scientific process. Even the slightest mishap\u2014measurements off by .0001 mm, solutions a tad too diluted, or samples contaminated by a single speck of dust\u2014can completely ruin an experiment, prolonging the process of data collection by years. With failure always looming in the background, perhaps scientists should question the biases of conventional science and consider the unlikely to produce desirable results.On top of their susceptibility to failure, scientists are taught to be skeptics, to only accept theories validated by a hefty amount of evidence. Indeed, as an aspiring scientist, I have long attempted to adopt this same mindset. Though skepticism is key in science, I have found that scientists occasionally become overly dismissive of every bold idea that arises. Perhaps scientists should take note from the likes of the fictional Dr. Emmett Brown of \u200bBack to the Future fame, who has incited my fascination in science's limitless bounds with his distinct disregard of the conventionally impossible. Scientists ought to consider and investigate the absurd, and allow the scientific method to identify the impossible initiative.This phenomenon between what was previously considered impossible and what was not has propelled me to consider monumental scientific discoveries that were completely discarded for lack of widespread support in the scientific community. The narrative is familiar: a brilliant but 'blasphemous' theory is proposed\u2014heliocentrism, the atom, evolution\u2014and effectively tossed in the scientific garbage can for decades, if not longer. Consider what would have happened if longstanding theories had never been challenged with ideas that were considered nonsensical. Would pilots cross the Atlantic in straight lines under the belief that the globe is flat? Would NASA send scientists into space to monitor the Sun's orbit around the Earth?However, science fiction itself is not capable of kindling the eureka moment of discovery. Though the theoretical creativity present in science fiction should be emulated in the actual world, science fiction itself cannot possibly take part in the grueling labor of scientific experimentation. However brilliant or novel an idea might be, its validity cannot be affirmed by mere words on a page; only a thorough application of the scientific method can establish the truth, as I have discerned myself through conducting experiments of my own.Thus, perhaps the most sensible resolution to the apparent conflict between science and science fiction is to integrate the most valuable aspects of both disciplines- the strict, exacting practice of the scientific method interlaced with the unrestricted theoretical speculation of science fiction. And so, as I embark on my academic and professional career, I will arm myself with knowledge not only of cell structures, but also of sci-fi history and trivia. After all, my groundbreaking discovery might surface from microscope slides or even page 94 of the latest science fiction bestseller."},{"index":1,"personal_essay":"The origins behind the every action of living things fascinate me.How, for instance, do the circadian clocks of certain primates and rodents suddenly halt when they enter hibernation, and then restart weeks or months later precisely when the animals awaken? Why do humans, despite having two fully functional arms, develop a dominant hand as they enter childhood? And by what means do ants use pheromones as their primary medium of social communication within their colonies?I hope to eventually witness such questions meeting their answers. Thus, I am thrilled by the prospect of enrolling in Penn's distinctive Biological Basis of Behavior program. Rather than study general biology, I yearn to investigate the complex biology that drives the behavior of living beings. The BBB program is one of the primary reasons I am so drawn to Penn; it is uniquely interdisciplinary and would enable me to delve deeper into what makes living things tick, what biological motivation underlies their every action.Most recently, the following questions regarding animal behavior have been consuming my mind: Why do mosquitoes choose to bite certain people over others, inflicting them with oftentimes fatal diseases? Which cues trigger the beginning of their frenzied mission to find a suitable host to feed from? These multifaceted questions are equally as difficult to answer. I eagerly confronted these questions directly while working in the Vosshall lab at Rockefeller University last summer. Though, on the first day I ran trials, I may have accidentally released five mosquitoes.Not ideal, to say the least. The ensuing experiments I conducted, fortunately, had more favorable outcomes. Though lengthy and fatiguing, the process of collecting data was humbling. During my first few weeks at the lab, my activities focused not on actual trials, but rather on preparing the environment in which our experiments would later take place. Only after dozens of meticulous adjustments, affirming that conditions were standard as to not upset the mosquitoes' already erratic behavior, could I finally begin trials. The process of collecting and recording data, however, proved equally demanding and exhausting. Hours of carefully gripping onto cages brimming with thousands of buzzing mosquitoes for dear life, performing experiments in a room with a sweltering 80% relative humidity, and entering hundreds of numbers into Excel sheets later, I finally obtained results that dared to respond to our daunting research questions. Developing questions and searching for the answers in an environment spanning beyond the classroom is the manifestation of true intellectual exploration. I know that Penn's investments in individual academic exploration and interdisciplinary studies will support my quest to answer the questions I form that simply beckon answers. BBB classes like Drugs, Brain, and Mind pique my interest as they explore the research methodologies employed to reach the discoveries I would be studying. Classes from other departments, such as the HSOC class, Race and Gender in Global Science, complement the BBB curriculum as it explores the very origins of the categorial scientific data present in research today.The BBB program is especially appealing to me as laboratory research is embedded into the coursework. Penn's emphasis on problem-solving by traversing disciplines is hugely evident in its neuroscientific research, as drawing from psychology and biology, on top of other fields, is necessary for a comprehensive analysis of the brain. Take Dr. Joseph Kable's work exploring the neural mechanisms that control decision making in humans, for instance. The anatomy of the frontal cortex and the oxytocin signaling pathway? All drawn from biology. Identifying affiliate behavior and stimulus value learning? Staples of psychological research. Economic decision making, computer imaging; all of these are facets of different fields amassed together that encompass Dr. Kable's work. Only through combining these various disciplines can we even fathom answering the question of why humans make the decisions they do. So what compels living beings to perform the actions they do? At Penn, I intend to find out.How will you explore your intellectual and academic interests at the University of Pennsylvania? Please answer this question given the specific undergraduate school to which you are applying. (400-650 words)The origins behind the every action of living things fascinate me.How, for instance, do the circadian clocks of certain primates and rodents suddenly halt when they enter hibernation, and then restart weeks later precisely when the animals awaken? Why do humans, despite having two fully functional arms, develop a dominant hand as they enter childhood? And by what means do ants use pheromones as their primary medium of social communication within their colonies?I hope to eventually witness such questions meeting their answers. Thus, I am thrilled by the prospect of enrolling at Boston University to specialize in behavioral biology. Rather than study general biology, I yearn to investigate the complex biology that drives the behavior of living beings. The option to major in biology and specialize in behavioral biology is one of the primary reasons I am so drawn to BU; the major is uniquely interdisciplinarian and would enable me to delve deeper into what makes living things tick, what biological motivation underlies their actions.Developing questions and searching for the answers in an environment spanning beyond the classroom is the manifestation of true intellectual exploration. Only through combining disciplines such as evolution, anthropology, and sociobiology can such complex behavioral questions be answered. I know that BU's investments in academic research and interdisciplinary studies will support my quest to answer the questions I form that simply beckon answers. So what compels living beings to perform the actions they do? At BU, I intend to find out.What about being a student at Boston University most excites you?About a month and a half ago, when visiting the University of Chicago for the first time, I gawked at its imposing gothic architecture and the many gargoyles adorning the tops of its buildings. I left my tour that morning completely in awe; I could not keep my mind off of what I had seen that day.Perhaps, the moment that I can most specifically pinpoint as being the beginning of my fascination with UChicago was my abrupt yet memorable encounter with Dean Nondorf. My father and I, after spending several minutes scanning the admissions materials given to us, came across an interdisciplinary capstone program entitled, 'Big Problems'. Amused by the straightforward title of the program, we chuckled. Out incidentally emerged Dean Nondorf from his office, asking my father and I what was making us laugh. My father told him, to which Dean Nondorf responded, 'Well at UChicago, the only problems we have are big ones!'His response struck a chord with me. Never had a dean of admissions so nonchalantly approached prospective students at any other campus that I have visited before. But this was not the only peculiarity I encountered on my trip. At my information session later that day, the admissions counselor did not speak in 'or's but rather in 'and's. Never had an admissions counselor described to me an academic culture in which such intellectual exploration is encouraged. Perhaps taking a look inside my own intellectual curiosities and how I have formed them will elucidate why I long to set foot onto Hyde Park this fall. My current attitude towards asking and answering questions was shaped, in part, by my childhood fantasies and imagination. When I was eight years old, I developed a serious suspicion that I was actually a mermaid. My lack of flowing blonde locks and harmonious singing voice did not deter me from my belief; I sincerely thought that I would one day miraculously grow scales and become one with the ocean. As an avid viewer of the Australian television show, H2O: Just Add Water, I believed that my transformation would occur upon contact with water. After countless trials in the shower, pool, and oceans I heavy-heartedly concluded that I was, in fact, not a mermaid. While these experiments came to an unfortunate close, my tendency to hypothesize and experiment has not. My fantasies within my mind of living in an underwater utopia have now been replaced with scientific theories and postulates. I now use pipettes and Excel spreadsheets to generate and analyze my findings. Though my intellectual curiosity now manifests itself in more realistic ways, I have not lost my childhood aptness to imagine and investigate the impossible. In fact, my childhood fascination with the seemingly impossible is perhaps the main instigator of my current fixation on solving the questions my mind forms. How does the University of Chicago, as you know it now, satisfy your desire for a particular kind of learning, community, and future? Please address with some specificity your own wishes and how they relate to UChicago.The reasons behind why living things do the things they do fascinate me.How, for instance, do the circadian clocks of certain primates and rodents suddenly halt when they enter hibernation, and then restart precisely when the animals awaken? Why do humans, despite having two  functional arms, develop a dominant hand as they enter childhood? By what means do ants use pheromones as their primary medium of social communication within their colonies?I hope to eventually witness such questions meeting their answers. Thus, I am thrilled by the prospect of enrolling in Northwestern's distinctive Cognitive Science program. Rather than study general biology, I yearn to investigate the complex biology that drives the behavior of living beings, to understand what causes humans to want, to learn, to feel. The Cognitive Science program is one of the primary reasons I am so drawn to Northwestern; it is uniquely interdisciplinarian, traversing areas like anthropology, psychology, and computer science that are all vital in understanding the inner workings of the human mind. How can we understand why humans prefer certain traits in a partner if we ignore how their preferences evolved? How can we visualize the anatomy of the brain without computer imaging?Such interdisciplinary approaches are  employed across research laboratories at Northwestern. Northwestern supports such individual academic exploration for students through research positions and summer fellowships. As a Northwestern student, I intend to fully immerse myself in laboratory research to answer the questions I form that simply beckon answers. Northwestern's quarter system would allow me to dip my toes into as many disciplines, academic areas, and weirdly specific but nonetheless engrossing areas as possible while my four years of college fly by, as I predict they will. As for the winters? I mean, they can't be much different from New Jersey winters...right?Other parts of your application give us a sense for how you might contribute to Northwestern. But we also want to consider how Northwestern will contribute to your interests and goals. In 300 words or less, help us understand what aspects of Northwestern appeal most to you, and how you'll make use of specific resources and opportunities here. "}]}