{"schema":{"fields":[{"name":"index","type":"integer"},{"name":"personal_essay","type":"string"}],"primaryKey":["index"],"pandas_version":"0.20.0"},"data":[{"index":0,"personal_essay":""},{"index":1,"personal_essay":"Although I am passionate about neuroscience and computing, I also care about social justice. Brown is the idealschool for me because of its culture of progressive activism. I was inspired to lead a campaign for IndigenousPeople's Day in my town because of Brown's initiative. I imagine myself thriving among the passionate anddevoted people at Brown.Brown also has some of the best neuroscience and computer science departments in the world. With the flexibilityof Brown's open curriculum, I can create a concentration in artificial intelligence across both of these departments.The open curriculum will also allow me to continue developing my passionate for literature and philosophy, whilestill majoring in science.Finally, the opportunity for undergraduate research at Brown is unparalleled. I am intrigued by ProfessorStephanie Jones's computational neuroscience research developing biologically accurate models of neuralcircuits, and would love to be involved in her work.I want to study the intersection of computer science and neuroscience because I am fascinated by how computingcan be used to model and study the brain. This summer, as a lab assistant in a Yale neuroscience lab underMarvin Chun, I made my own small research contribution. I demonstrated that brain scan data taken over shortintervals of time from attention experiments can be used to predict a person's performance on the attention task. Itwas no watershed discovery, but the feeling that I had unearthed even a bit of knowledge was incrediblyrewarding. With a better understanding of the brain, we might be able to cure disorders like Alzheimer's or createtrue artificial intelligence. AI interests me because it has the potential to solve complex problems in every area. Ihope to make a meaningful impact on the world through advancing brain science and artificial intelligence."}]}