{"schema":{"fields":[{"name":"index","type":"integer"},{"name":"personal_essay","type":"string"}],"primaryKey":["index"],"pandas_version":"0.20.0"},"data":[{"index":0,"personal_essay":"Six cities and seven schools haven't just changed the languages I speak or the foods I eat. They have changed the color of my skin. Perhaps I'm a chameleon, employing chromatophores to transform pigment and travel a multitude of backdrops, adjusting myself as I experiment around the lab, leap across the theatre stage and ascend the MUN debate floor.Agarose gel, glycerol, supplanting water with urea. My mind whirls with the influx of chemical protocols in the lab as I observe my mentor conducting a gel electrophoresis. Powdery white hands pivot from magnetic stirrers to micropipette caps, anticipating the next apparatus that my mentor, a PhD student, requires. Suddenly, disappointment reigns, turning my face cloudy grey, as I discover our electrophoresis gels ripped from matrix molds into slender shreds following overly vigorous shaking. So I turn to him for guidance and, two weeks later, find my mood lightening when I've repeated the processes frequently enough to acquire proper technique. With every protocol, I gain perspective to overcome obstacles. No filtration mechanism? No problem. I adjust our approach, manipulating clamp stands and tube racks into a workable method.Leaving behind my concerns from the chemical engineering lab \u2013 with its cell lines and growth factors \u2013 I take another life on stage. My skin deepens into the purplish blue of the Persian sky while playing Scheherazade, enchanting my husband with tales of cursed queens and thieving woodcutters in Arabian Nights. On another audition stage in L.A., I turn forest green to camouflage the character Reese on her mission to retrieve classified documents in Rat Labs. When thecasting director declares'you've read the character all wrong; she's sweet and delightful, not sassy,' I want to curl up and turn scarlet red, embarrassed by his criticism. Yet I'm unable to accept defeat, so I reach deep for confidence and ask for a re-run. Channeling affective memories and building on encouraging words from my fellow actors, I sweeten the character Reese to a blushing pink.I switch from embodying scripted characters to composing impromptu debate. As a delegate in Model United Nations, pleasing every delegation is not directed by a laboratory protocol. Each committee brings unfamiliar faces with national priorities. I turn sunburnt orange as I embody the country of Myanmar, juggling solutions protecting migrant worker rights with schemes to combat slash-and-burn farming practices. When the delegate of DPRK declares my resolution 'pointless, useless and incompatible', I take a step back to assess the colors around me.Sitting amongst a plethora of countries \u2013 some bold blue allies, other dark maroon antagonists \u2013 I gauge support and coalesce peers' ideas to rewrite the resolution. Just as a delicate balance of chemicals creates the perfect gel, with every conference one must blend a new diplomatic palette of international endorsement and domestic approval.Like a chameleon I transfigure pigment. But rather than camouflage myself, I amplify my own character and transition between interests. Going forward, I will continue varying my colors \u2013delving into human behavior and neuroscience to support research in the lab by day and creatingconvincing characters on cameraby night.And further down the line, I will meet challenges requiring me to blend distinct hues \u2013 combining film and biochemistryto document novel scientific discoveries or communicating throughdebatethecontroversies of embryonic CRISPR gene editing.Though a chameleon might run from thethreat ofthese challenges,I absorb them andexpandmy color palette."},{"index":1,"personal_essay":"Brown appeals to me the way improvisational theatre does \u2013 with every scene or semester, one devises different characters or delves into new disciplines. Similarly, in Open Curriculum, I'll return to the academic freedom I experienced as a Montessori student in Montr\u00e9al, Canada \u2013 scouring book catalogues to design my reading curriculum, and a homeschooler in Kobe, Japan \u2013 spending free time choreographing musicals with my neighbors. Not only will I gain depth in Biochemistry through a year of hands-on research and find interconnections between biology and media through classes like \\\u2018Communicating Science', I'll also gain experience in diverse courses to shape my intellectual character. The number one rule of improv is to 'never say no' to another character. Similarly, in Open Curriculum, I'll apply the same rule to knowledge acquisition, pushing myself out of my comfort zone to explore the unexpected.Why are you drawn to the area(s) of study you indicated?'Convey superhydrophobicity without language' was my first assignment at California Nanoscience Institute this past summer.Scrambling for ideas, my first thought was of my IB biology teacher, who once assured me the secret to this science was learning its language. Hidden in such complex terms were snippets of Latin. I should break terms down and decipher the meaning. But how was I to explain a concept without using language?Stuck by the unbelievably long, nineteen-character word, I began doodling pictures of its Latin roots. Slowly the doodles transformed into a storyline. With a bit of imagination, I had defined this nanoscience term in a series of images.Looking back, I realize storytelling is vital to science. Whether presenting an avant-garde technical topic at an academic conference, convincing businesses to invest in my lab, or gaining consumer trust in my novel medicine, science (Biochemistry) and storytelling (MCM) go hand in hand.Tell us where you have lived - and for how long - since you were born; whether you've always lived in thesame place, or perhaps in a variety of places.Taang duan zai na'er? Moving from Singapore to Thailand means stumbling over intonations and rolled consonants, unintentionally switching between Mandarin and Thai in the same sentence. Before that, the challenge was navigating a labyrinth of monotonous skyscrapers while living in Tokyo or conquering steep inclines leading to rural mountain homes in Kobe. And distant memories blur lemonade stands in my birth town Chicago with snowball fights in Montr\u00e9al.So I treasure the transient moments of harmony \u2013 getting through one sentence without switching between languages, or arriving at the correct destination after a game of charades with Thai taxi drivers.Communities or groups: pick one and tell us why it is important to you, and how it has shaped you.Octopus and wasabi in Japan, ice cream bread sandwiches in Singapore and fried tarantulas in Thailand. My family and I make a habit of trying the unexpected for the sake of adventure, so it's not uncommon to find us catching baby eels barehanded at a Japanese fishing festival or befriending local schoolboys to hunt for stag beetles in bamboo forests. While moving between continents, my family have become my constant, moving community. They foster my cultural curiosity and challenge me to continually expand my knowledge through experience.Please briefly elaborate on one of your extracurricular activities or work experiences.The days of smoothing straw from my hair had long since passed. I smudged dirt contours across my face and dug my feet until they squelched in the mud. The transition from seventeen-year-old girl to tyrannical pig was underway on the set of Animal Farm.But the real challenge wasn't finding affinity between myself and the murderous antagonist. It was assimilating my character within the ensemble.Storytelling in unity confuses the best brains and stumbles the quickest tongues. A cohesive chorus is rare because one synonym fractures congruity in narration.The breakthrough came dress rehearsal night, after I skipped half of Act Two and gave the wrong music cue.Setting aside my mental list of queues and relying on the dialogue around me as prompts, I left behind memorized lines and listened to intuition. There, I learned to synchronize my voice with the cast.'Why Northwestern' Statement:When people ask me the highly anticipated question 'so what do you want to study in college?', I answer 'biochemistry and film'. Although met with either confusion or surprise, my response becomes clearer when I share my equal passion for \\\u2018why' things work (biochemistry) and \\\u2018how' information is conveyed (film). Providing a platform to study both interests is the reason Northwestern appeals most to me.To deepen my scientific knowledge, Weinberg's model of learning based on culture, data and nature forms the basis for understanding the \\\u2018why' behind nature. Classes such as 'Sequence and Structure Analysis' will further my critical and analytical skills, important in this data-rich age where tweets are used to track norovirus cases. To further my 'Northwestern mindset', I will join a community of science-lovers at Biology Students Association to discuss the controversy of three-person in-vitro fertility techniques. Just as my own zeal for science was sparked as a preschooler attending Northwestern's Center for Talent Development; likewise, as a student at Northwestern, I will give back through Y.O.U.'s 'after school science' mentoring program.Beyond my involvement in theatre and MUN, which form the basis of my communication knowledge, I filmed a short documentary about a Thai social enterprise. At Northwestern, I would gain experience about \\\u2018how' ideas are communicated through Studio 22, and apply for a grant to produce original content using cutting-edge technology such as RED ONE to advance my filmmaking.Northwestern also has the resources to weave together my interests in science and storytelling. As my fellow Wildcats and I make discoveries in the lab, I will publish our findings in Northwestern's Helix magazine, a platform conveying complex scientific findings in a compelling and accessible manner. Northwestern is the ideal place to engage my scientific enquiry while exploring my interest in communication. Whether presenting avant-garde topics at academic conferences, convincing businesses to invest in my lab, or gaining consumer trust in novel medicines, science and storytelling go hand in hand. A 'Northwestern mindset' will enable me to find success in this field, and is the exact reason Weinberg's emphasis on interdisciplinary thinking appeals to me.Describe something outside of your intended academic focus about which you are interested in learning.The days of pulling straw from my hair and wiping soil from my cheeks had long since passed. Now, I embraced the dirt contours across my face and dug my feet until they squelched in the mud. The transition from seventeen- year-old girl to tyrannical pig was well underway on the set of Animal Farm. But the real challenge wasn't finding affinity between myself and the murderous antagonist. It was assimilating my character into the ensemble.Storytelling in unity notoriously confuses the best brains and stumbles the quickest tongues. A cohesive chorus is rare as one synonym fractures congruity in narration. There's no luxury of mouthing words and relying on the rest of the ensemble; in such a small set, the audience is sure to discern ad lib. The breakthrough for me came on dress rehearsal night, after I skipped half of Act Two and gave the wrong music cue. Only then, feeling my lowest with the pressure of a looming opening night, did I leave behind memorized lines and begin relying on the dialogue around me as prompts. There, I learned to synchronize my voice with the cast.But learning to act in the moment, enunciate as an ensemble and master a realistic pig squeal is just the beginning of my theatre journey. I long to experiment in an arena theatre, immerse myself in multicultural performance, and attempt promenade theatre in new settings.Academic Interest:Whether presenting avant-garde topics at academic conferences, convincing businesses to invest in my lab, or gaining consumer trust in novel medicines, science and storytelling go hand in hand. USC is the ideal place to pursue my interests in both biochemistry and film.To immerse myself in biochemistry beyond the classroom, I will continue gaining hands-on experience in the lab. Perhaps I can support professors in their research through a Rose Hills fellowship, secure internships through USC's biotechnology network, or both. As a Trojan health volunteer through the Joint Educational Project, I will spend time in clinical settings, gaining exposure to medical dilemmas I will attempt to solve throughout my career. After developing entrepreneurial skills at Blackstone Launchpad and running ideas through one of USC's incubators such as D-Health, I will be equipped to develop viable strategies for biotech solutions.I will also pursue my interest in storytelling by immersing myself in the Writing Division's Script Library, soaking up new characters and technique from the works of acclaimed scriptwriters. Afterwards, I will head over to auditions for one of many professional student-films, or book a slot in a cutting-edge post-production lab to edit one of my own pieces.With the ultimate goal of combining science and storytelling as an academic pursuit, USC will help me pursue my two interests through a unique interdisciplinary study program such as a minor in Cinema-Television for Health Professions.Describe yourself in three words:Tenacious. Spontaneous. Empathetic.What is your favorite snack?Mango - fresh mango, dried mango, or green mango.Favorite app\/website:www.schaechter.asmblog.orgBest movie of all time:Ferris Bueller's Day OffHashtag to describe yourself:#SelfEmployedFoodTasterDream job:Part-time founder of a biotech company, part-time actress\/filmmaker.What is your theme song?Oceans by HillsongDream trip:Cycling and photography the Long Math route in China.What TV show will you binge watch next?Planet EarthPlace you are most content?Underwater while scuba divingWhy Davidson?Biology was once a distant subject filled with a wealth of information I could not grasp.Then, Ms. Thew, my IB Higher Biology instructor, changed everything. She jumped aroundclass, portraying an energized electron and brought in a homemade life-sized model of thealimentary canal. She also never once complained about the numerous questions I raised inclass or the multiple visits to her office to gather advice for my independent research projecton plasma membrane permeability.At Davidson, teachers share the same enthusiasm for instruction. Faculty such as Professor Campbell, who publishes on effective teaching, demonstrate the quality and dedication of instructors. In addition, I see myself supporting Professor Hales' investigation on mitochondrial mechanisms in fruit flies or designing my own research in Professor El Bejjanni's lab. With support from teachers and students alike, I hope to eventually earn the Vann Fellow in Biomedical Research to support my interests in nanobiotechnology and the microbial world.Davidson also appeals to me for its community. I am excited to share my multicultural background with my peers, while learning from my fellow, diverse Wildcats and promoting global empathy. Davidson's investment in Challenge Courses and Outdoor Trips exemplify the close-knit undergrad community strengthened by these character-building activities. My experiences learning in shared classrooms as a Montessori student led me to value a cooperative learning environment where teaching younger students helped to consolidate my own knowledge. Likewise, at Davidson, I see opportunity to found a student-led academic mentoring initiative, a proposal I am pushing for at my high school through our student government. Overall, the Davidson community excites me, striking me as a place where I will be challenged, grow, and form lasting relationships with my professors and peers.List the books you have read in the past year for school or leisure. Place an asterisk by those books required for classes you have taken.On China (Henry Kissinger)Everything I Never Told You (Celeste Ng)The Alchemist (Paulo Coelho)Unbroken (Laura Hillenbrand)Emotional Intelligence 2.0 (Travis Bradberry)Smarter Faster Better (Charles Duhigg)Crazy Rich Asians (Kevin Kwan)The Bell Jar (Sylvia Plath)Elon Musk (Ashlee Vance)The Metamorphosis (Franz Kafka) *Chronicle of a Death Foretold (Gabriel Garc\u00eda M\u00e0rquez) *The Great Gatsby (F. Scott Fitzgerald) *Othello (William Shakespeare) *Master Harold... and the boys (Athol Fugard) *Death of a Salesman (Arthur Miller) *Please describe why you are interested in attending Tulane University (optional).Planning to pursue a career in biomedical science while honing my communication and storytelling skills, Tulane appeals to me because of its health-related research focus and capacity for theatre and film experience.Beginning my Tulane journey in the Newcomb-Tulane College will allow me time to explore interdisciplinary connections between my fields of interests before gaining depth in science and communication. Perhaps I'll combine my cultural curiosity with interest in medicine through a TIDES course in global health or gain appreciation for my new home while carrying on my love for theatre through a seminar in \\\u2018New Orleans Performance Culture'.After broadening my experience in diverse courses, Tulane's history as a medical college with passion and funding for health research make it the ideal location to gain depth and hands-on experience in science. I can engage my scientific enquiry at a Carnegie 1 Research Institution and still make lasting connections with undergraduate-focused professors. The cutting-edge Brain Institute will also allow me to continue studying neuron regeneration to battle diseases like Alzheimer's, while learning about human interactions and psychology to better understand characters I perform on stage. Seminars in bio-innovation and entrepreneurship will prepare me to enter the world of scientific research with knowledge about novel technologies.Additionally, having initiated PNP (Physical, Nutritional, Psychological) Health, the first health club at my high school, the Goldring Center for Culinary Medicine has the resources to enrich my knowledge in food science and nutrition. With programs like the Social Innovation Symposium gearing scientific research towards socially innovative ventures and the Changemaker Institute Accelerator helping to create viable strategies, I can combine ideas from PNP Health with community oriented health education and create plans to provide affordable and nutritious food to locals.Tulane is also the perfect place to pursue film and acting. Through Digital Media Production capstone projects, I will step beyond the theory and criticism of media to physically design and create content. New Orleans' flourishing entertainment industry provides a network of professional film internship opportunities, and a location geared towards student filmmaking. In addition, I'll develop my public speaking and character exploration through electives in Communication and Theatre, and also stimulate my creative side to bring unconventional approaches to solving medical dilemmas.Outside the classroom, I will continue food blogging by day through Spoon University, sharing New Orleans' celebrated food culture online. My weekends will include chatting with friends about the last Green Wave game while selling fresh produce from Grow Dat Youth Farm at local farmers' markets. I'll join Tulane's Improv Club by night, devising new characters, pushing myself out of my comfort zone with every show and drawing inspiration from performances my peers direct and produce.While moving between continents, my family and I made a habit of trying the unexpected for the sake of experience, so it's not uncommon to find us sampling octopus and wasabi in Japan, ice cream bread sandwiches in Singapore and fried tarantulas in Thailand. Similarly, I am excited for my first taste of crawfish amongst an international student body at Crawfest, adapting within the melting pot of culture at Tulane. The diverse student body will expose me to new traditions every day, a microcosm of the destinations my fellow students and I will visit through study abroad programs.Looking towards my future, storytelling is vital to science. Whether presenting an avant-garde technical topic at an academic conference, convincing businesses to invest in my lab, or gaining consumer trust in my novel medicine, science and storytelling go hand in hand. I would be grateful to join the diverse Tulane incoming class to continue the tradition of giving back to the community, while exploring science and media in a university focused on undergraduate education.Write one paragraph describing your most meaningful community service activity, either past or present. Focus on how your motivations for volunteering with this speci c organization exemplify your broader interests and aspirations in community engagement. If relevant for you, also describe how your identities motivate your service work or community engagement. The first documentary short-film I created was at the last-minute request of World Food Project, a community service organization dedicated to alleviating hunger in local Thai communities. Although I'm not directly involved with the club, this organization aligned closely with my interest in sustainable nutrition as indicated through my work with PNP Health. With the help of Thai classmates who served as translators, I interviewed members of an organic rice farm and documented their story. This farm in Suphan Buri, Thailand was one of few farms to transition to the less-economically-stable organic produce market. The farmers turned away from old farming practices that caused several deaths from cancer within their family, opting for the tougher road of harvesting pesticide-free produce. A couple years from now, I see myself making documentaries from a scientific and environmental perspective. Having encountered people suffering from malnutrition and chemical or radiation-induced illness around Thailand through medical internships, I hope to reveal miscarriages of sustainability and social justice. The filmmaking skills I've developed through PNP Health and my commitment to environmental sustainability derived from work in SEC allow me to bridge the gap between scientists and the non-science community. I aspire to convey complex threats to local ecosystems or polluting byproducts of harmful farming practices through film or AR in a comprehensible manner to the world at large.Research a New Orleans based nonprofit or community-based organization that you find interesting. Discuss your interest in their work and why you would want to serve with that organization. With the organization's mission statement in mind, what type of service project would you want to do with this organization. Community Kitchen Collective appeals to me because it blends combatting food waste and hunger to provide nutrition to the local New Orleans community while reducing the environmental impact of food waste. I admire the organization's mission of upholding Campesina's principles of food sovereignty, and find their mission closely linked with my interest in supporting and promoting organic, pesticide-free, locally grown produce. I hope to partner with Community Kitchen to improve the nutritional content of the meals served to those in need. Using the knowledge I've gained through my biology classes as well as my work in PNP Health, I would evaluate the meal plans to ensure the macronutrient ratios and vitamin\/mineral levels are suitable. In addition to merely serving meals, I would implement the quote 'give a man a fish and he eats for a day; teach a man to fish and he eats for a year'. I plan on organizing and hosting community cooking lessons, so that the fresh food distributed by Community Kitchen will go beyond satisfying caloric content, also preventing nutritional deficiencies. This initiative would reinforce the kitchen's aim to bring together 'folks who love to grow, gather, cook, and serve food' because cooks, farmers and neighbors could teach and share their own recipes (that will be approved for nutritional content) amongst a community of food lovers. Beyond imprint nutrition, I would combine my passion for film and food by creating short clips for the organization to promote its cause and attract more food donations. Using my experience as 'Sponsor Liaison' from Habitat for Humanity, I will acquire support from local supermarkets or food companies to extend Community Kitchen's reach to all in need of nutrition in New Orleans.I also was required to submit an additional letter of rec from a community service supervisor & attach a community service resume. Don't just list your activities, write a paragraph talking about your impact in them so the university can envision you doing the same on their campus! I was chosen as 1 of 15 incoming Tulane freshman to receive the Community Service Fellowship. Make sure you check the requirements of scholarships\/fellowships. For example, this fellowship required a yearly commitment of community service hours.Why Yale:'Stop writing philosophically; follow the Theory of Knowledge framework!' my teacher declared. Unsatisfied by the potentially confining framework of essay writing in TOK, I turned to Yale's Open Courses, clicked on \\\u2018Philosophy', and was immediately struck by Professor Kagan's \u2013 or rather Shelly's \u2013 down-to-earth, interactive teaching style. His pertinent lectures opened my eyes to a caliber of education both satiating my curiosity and answering questions I grappled with in class that my teacher once proclaimed 'too complex'. Now I long to enter Yale lecture halls in real time, raise my hand and pose a question.SHORT ESSAYS1. The elevator shuddered to a halt. I turned to the only other girl on our travelling MUN debate team, the most shaken by the incident. After calming her down, I assured her we would live to see our resolutions pass the next day. Minutes ticked by, our clothes sticky with sweat, so I recounted the day, cracking (cringe-inducing) jokes to take our minds off the uncomfortable situation. As our usual friendly banter and conversation resumed, I smiled at how easily we teased each other about tough opposition in committees that day, and offered advice to improve our debate. When we first set off from Bangkok, we had been brought together across three grades for our shared love of current issues and diplomacy. Over the past couple of days, I broke tradition and invited the entire team to explore Singapore with the senior students in our free time. When we finally climbed out of the elevator to safety, I was relieved at the prospect of a clean bed and shower, but also that I had succeeded in transcending gender and age differences, weaving us into a team that, to this day, still jokes about our elevator 'team bonding' experience.3. The days of pulling straw from my hair and wiping soil from my cheeks had long since passed. Now, I embraced dirt contours across my face and dug my feet into the oozing mud. The transition from seventeen-year-old girl to tyrannical pig was well underway on the set of Animal Farm. I love the challenge of finding affinity between myself and complex characters, but the real test was learning to act in the moment, leaving behind the stiffness of memorized delivery.Ironically, the breakthrough arrived dress rehearsal night, after skipping half of Act Two and giving the wrong music cue. Only then, feeling my lowest with the pressure of a looming opening night, did I set aside memorized lines and begin relying on dialogue around me as prompts. When lines were skipped, actors improvised, elaborating on the scene with disguised prompts transitioning to the next scene. This improvisation added another dimension, intensifying the plot, giving way to a natural flow and real interaction between characters. So, this time, when I turned to my fellow actors, I let emotion flood my face before memorized lines kicked in. There, I produced spontaneity and realism, learning the value of 'unmemorizing' the script.SHORT RESPONSES1. Who or what is a source of inspiration for you?The curious old man peered at me through one eye as he prepared coconuts for sale. Life in Bangkok provides a cornucopia of idiosyncrasies to observe, adding depth to characters I portray on stage.2. If you could live for a day as another person, past or present, who would it be? Why?To learn what inspired her when she faced sexism and house arrest for fifteen years, to grasp true resilience and grit, I would live as Aung San Suu Kyi.3. You are teaching a Yale course. What is it called?Scientific Storytelling: bridging the gap between science and society by exploring modes of communication such as film, AR, and language, enabling future scientists to convey complex discoveries.4. Most Yale freshmen live in suites of four to six students. What would you contribute to the dynamic of your suite?I've learned in order to contribute, I must first listen, absorbing what people say, learning from their world view. I add to a group by going beyond differences to find our common identity.Agriculture and Life Sciences ResponseI have always been fascinated with the invisible. Moving between countries exposed me to a wealth of biodiversity - stag beetles in Kobe bamboo forests and monitor lizards in Thailand - but what really sparked my curiosity was the seemingly mythical realm of biochemistry and microbiology. As a young homeschooler growing up in Japan, I wondered what enabled my tomato plants' growth. This enticed me into the world of micro science and the \\\u2018why' behind the invisible. Now in high school, I read about 'UFOs' such as carbapenem-resistant bacteria showing up on a farm where antibiotic resistance is unnecessary for survival. This motivates me to solve these invisible mysteries and harness unique microbial adaptations for positive healthcare strategies.Unsure of which biological field to specialize in, CALS first appeals to me for the freedom to explore a range of concentrations in Biological Sciences. CALS will also help me delve into the invisible through unconventional courses such as 'Locker Rooms, Kitchens and Bedrooms: The Microbiology of College Life'. In addition, Cornell is at the vanguard of scientific research. With CALS leaders presenting new models of bioenergy-biochar systems to reduce carbon dioxide levels, Cornell is clearly the ideal location to engage in scientific enquiry. I can already envision myself assisting Professor Batt apply nanobiotechnology to cancer treatment, investigating biosensors to increase the quality of pathogen detection in food with Professor Baeumner, or even making use of opportunities to design my own research. Over the past two summers, research experiences at Stanford and UCLA opened my eyes to practical learning. At Cornell, the focus on undergraduate research facilitates opportunities to continue my involvement in lab work, where the invisible becomes visible.Having started the first student health initiative - Physical Nutritional Psychological Health - at my high school, CALS also provides unique opportunities to satiate my interest in food science and nutrition while learning about agriculture. With hands-on education such as medicinal tea blend creation or food science ice cream contests, CALS promises a challenging and interactive environment. Outside of classroom learning, I'll head to 'Dilmun Hill' student organic farm to chat with friends about the winter Big Red hockey season while harvesting produce for student-run farmers' markets. This will help me learn about niche farming techniques such as high tunnel tomato production in a hands-on environment. In addition, field days at the 'Homer Thompson Vegetable Research Farm' will further my knowledge in organic vegetable planting as I work towards sustainable and nutritious solutions to global food security.Cornell also offers opportunities to knit my background in communication with science. Courses such as 'Toxicology Journal Club' will help me hone this interdisciplinary skill. On the weekends, I'll continue discussing controversial scientific issues such as three-person in-vitro fertilization techniques with my peers through 'Debate in Sciences and Health' public forums. I will learn to bridge the gap between science and communication to ensure complex but pressing scientific dilemmas are presented in an engaging and accessible form to the world at large.CALS appeals to me first for its strength in biology and opportunities to engage in science outside the classroom. Beyond my primary academic focus, the numerous offerings in food and agricultural science promise a unique education, and Cornell's wide array of minors across colleges allow me to weave together communication and science. Whether presenting avant-garde topics at academic conferences or gaining consumer trust in novel technologies, an interdisciplinary Cornell education will ensure I am equipped to succeed in my future endeavors.In 150 to 250 words, please write about why you are interested in applying to and attending Swarthmore.In history class, my peers and I often sidetrack into other discussions. Some days we'll debate the role of geographical determinism in wars, and on others, we'll question whether history is controlled by public ideology or the 'big man'. At Swarthmore, I see myself continuing these discussions, challenged by differing viewpoints from passionate students. I can already envision myself chatting to peers about the controversy of three-person in-vitro fertility techniques over Midnight Breakfast and then releasing my college-student exam stress through the Primal Scream minutes later.With 94% of students living on campus and residential colleges providing constant community, I also imagine myself working with fellow Swatties on research assignments or helping each other revise for finals. I look forward to getting assistance from Student Academic Mentors, and giving back by becoming a Writing Associate. A former Montessori student and homeschooler myself, I realize teaching others is the best way to consolidate my own knowledge and long to return to the cooperative learning environment Swarthmore is home to.This open environment extends beyond the classroom. Swarthmore is even more appealing because events are non-exclusive and open to all members of campus. I can be the Biochemistry geek chatting to the Psychology major about the science and politics of food at a weekend barbeque, or the filmmaker engrossed in conversation with the Peace & Conflicts student regarding a historical drama short film we plan to co-direct. No matter the venue, Swarthmore is a place where I can be challenged and grow."}]}