{"schema":{"fields":[{"name":"index","type":"integer"},{"name":"personal_essay","type":"string"}],"primaryKey":["index"],"pandas_version":"0.20.0"},"data":[{"index":0,"personal_essay":"Sick Tiger  'I will do everything in my power to fail you. And you will do everything in your power to pass,' Mr. Akhmedov said.For several moments, the mass of 34 students, bristling with vigor just moments ago, stopped its cacophonous chorus.'If you don't like the way how I handle things, you can always leave.'And thus, my freshman year began.Several Mondays into the term, I was sitting in the math office, frantically flipping through hastily drawn free body diagrams for my test the following period. My commotion drew the attention of a lanky senior with moon-shaped glasses.'Akhmedov, I presume?' he said.'Well, yeah. How did you guess?' I asked stunned.'You're going to fail. You should have listened to him and transferred out.'That senior's words lingered like a bad taste. He couldn't be right, though. I fought to attend a top school like Stuyvesant, and I wasn't going to waste it by sulking. But as much as I wished and dreamed, I found it difficult to translate it into results. The class average for that exam was a 56. Although I got a 64; it was the first time I failed an exam.A few months later on a mid-December Sunday night, once again I was frantically studying for a physics test, this time for electromagnetism. Drumming my fingers against my desk, I glanced at the bottom right corner of my laptop screen. 10:30 PM.He usually sends out the answer key to the review packets by now...After jabbing the refresh key six times in a row, I snorted loudly and dug my nails into my palm.'You know what, I give up. There's no way I can pass.' I cried out.'Say that again.'My entire body tensed up and I could feel electricity racing down my spine. My mother was standing right behind me.'Say that again,' my mom said in an ominously calm tone.Silence.'You know what, he is right. Go fail your test tomorrow. And to think you were born in the Year of the Tiger. You're      such a sick tiger, weak and unable to fight.'I was completely stunned. My instinctive reaction was to protest, but I couldn't because I knew she was right.Every other time I did poorly on an exam, I wasn't reprimanded because I had never donned a bad attitude, but my lack of will changed everything.My experience that night taught me that attitude is just as meaningful as results. More importantly, I also realized that in order to accomplish my goals, I had to take serious action instead of merely dreaming. Had my mother not caught me, my lack of will that night would have primed me for a toxic streak of self-inflicted failure both academically and in life.With this new attitude, I managed to salvage an 88 in the class. It was not ideal and was my lowest grade for the term, but was integral to guiding me to the right path.Now when I face daunting roadblocks, I make sure to not be overwhelmed by the present challenges. I step back and look at the bigger picture. When I took over Caliper, my school's literary magazine, last year, its poor membership and finances compromised its existence. Instead of blaming the situation on the previous board's management, I calmly formulated a plan to save the publication, namely through relentless advertising and aggressively accumulating funds, which tripled the net budget. The publication now has the best finances it has had in years and is no longer in danger of becoming defunct.My humiliating pitfall in Akhmedov's class has allowed me to metamorphose from a common dreamer to an optimistic doer. I do not know what lies ahead of me in the future, but that won't stop me from trying to build a more successful one."},{"index":1,"personal_essay":"The University of Chicago is renowned for many things: its quirkiness, annual Scavengerhunt, world-class economics program, and perhaps even undefeated winning streak against NotreDame's football team. However, what attracts me the most is the unique and challenginglearning environment. The Core and the Life of the Mind philosophy promote a distinct culturethat strongly encourages academic immersion, inquiry, and open-mindedness.A current student from the Prospective Students Advisory Committee told me that 'whatcharacterizes the Life of the Mind is a spirit of interest and excitement to learn more every day,'and that 'conversations can easily flow from Beyonc\u00e9's latest red carpet outfit to why everyoneloves to hate Freud' in locations like Hutch Commons. This seamless integration of academicand social life is a new concept to me, and one that I would love to experience.The most engaging and meaningful classes I've taken in Stuyvesant were those thatprodded my mind. Last year in my AP English class, we were reading The Adventures ofHuckleberry Finn. The controversy began when we were introduced to Jim the slave. There wasa discussion on whether to refer to Jim as a 'nigger' for authenticity's sake or to follow the routeof political correctness. For as racially regressive and offensive as it could seem on the surface, Ifelt that forgoing to emulate the novel's language would have taken away from its effect. Iwouldn't have seen it from the perspective of a mid-19th century American citizen. Eventually,there was a consensus to use the term nigger. Unfortunately, at Stuyvesant, this kind ofstimulating discussion is mostly limited to the classroom.In addition to the smooth integration of student and intellectual life the Core brings about,what excites me is the freedom to choose from a huge selection of classes to meet the Corerequirements. Unlike at many other schools, whose core curriculums comprise of individual andspecific classes, at UChicago I would have the freedom to take extraordinarily interesting classeslike 'NEHC 20011 Ancient Empires I' and 'HIPS 17300 Science, Culture, and Society inWestern Civilization' for the Civilization core requirement. There are so many ways to immersemyself intellectually in this school that even if I wanted to, I could never stop learning. The sameperson from PSAC also told me that 'this variety of choice and perspectives within the Core isthe reason the Life of the Mind continues to flourish at UChicago.' The University of Chicago'semphasis on intellectual exploration and immersion would provide me with the idealenvironment to pursue my academic endeavors and greatly expand my mind.'What a heartless Republican!''UGH! I can't believe you bleeding liberals are destroying our country!' Browse through any social media post that's even remotely related to politics, and I'll bet you'll come across entertaining slapdash political slander like this. Of course, there's a fine line between how people act online and in real life, so I find it easy to forget about this comical bigotry once I leave Facebook. But recently, I've begun to notice that even in an intellectual bastion like Stuyvesant, people can display a surprisingly similar degree of close-mindedness.Back in February, I held an Opinions meeting in which this exact paradox happened. Somebody brought up feminism, and while it generated a prolonged discussion, it was very one-sided. As editor and moderator, it was my duty to have as many different voices represented as possible. I tried bringing up points like men's perspective to shift the flow, but they were disregarded. About an hour into the discussion, someone disputed that women are oppressed. He immediately received icy glares and was accused of being a misogynist. The meeting's irony was disappointing. The Opinions department thrives on freedom of thought and open discussion, yet the meeting was anything but. It would be hypocritical for me, though, to hold them so accountable. When Mayor Bill de Blasio proposed to remove the SHSAT as Stuyvesant's sole admissions criteria in the name of increasing racial diversity, I was horrified. I saw the test as an irreplaceable part of Stuyvesant's culture and as the fairest way to admit students. How could a test possibly be racist? His proposal to include trivial factors like attendance was an insult to the hard work people did to get in. I hated this proposal so much that I began to despise the mayor. Hearing his name on television ads made me tense up. My anger was so palpable that family members and friends alike began to distance themselves from me. It was only then that I noticed I was being too extreme, so I then decided to get to the root of my animosity and think. I looked at his website and read several articles commending his initiative to understand his perspective. For days, I tried rationalizing his approach to no avail. Did he genuinely want to increase racial diversity or was it just a ploy to gain more votes from blacks and Hispanics?  It took days of reflecting and playing devil's advocate for me to come to a partial epiphany. I came to understand that diversifying racial representation was more than accepting people with different skin colors. My neighborhood of over 10 years is comprised of mostly well-off Caucasians. Because most people I knew came from the same socioeconomic background, I thought racial diversity was superficial. It took attending a melting pot like Stuyvesant for two years and de Blasio's plan to make me see that increasing racial diversity could enrich students' experiences by making them more open to different cultures.  That's not to say I completely agree with the mayor. Although I now recognize that demographics are an issue, I strongly believe that he's taking the wrong approach. Diversity is important, but it shouldn't come at the expense of the SHSAT. There are other ways to increase diversity, such as offering free test prep to minorities. As clich\u00e9 it may seem, I came to understand that that almost every issue has two valid sides. I learned to empathize with people I strongly disagree with. This prompted me to adopt a more open-minded persona and better acknowledge ideas I disagree with, while preventing my personal opinions from clouding my judgment. One of my favorite books is Walter Isaacson's masterpiece biography Steve Jobs. Thisbook not only reveals the idiosyncrasies and previously confidential information about theformer visionary, but also has a profound influence on my outlook towards life. One scene thatstood out to me was when his father was teaching him how to paint his own fence. Jobs' fatherwas telling his son that it was important to delicately paint the side of the fence that passerbycouldn't see. Paul Jobs greatly valued quality and integrity, and tried to impart on his son themessage that it is important to do things the right way even if others will not necessarilyappreciate it. This message stayed with Steve Jobs throughout the rest of his life and promptedhim to optimize and significantly streamline Apple products' designs, producing the classic sleeklooks that define Apple's iconic aesthetics. After reading this, I began to grow an appreciationfor doing things that do not have a foreseeable useful outcome. Instead of grumbling on how Iwas never going to regularly speak Italian outside of school, I stepped back and tried to look at itas another means to become knowledgeable. I began to realize the value of doing things formyself, and doing so has allowed me to appreciate my experiences much more.Another one of my favorite books is Sherwood Anderson's Winesburg, Ohio. Itemphasizes the grotesque, an ideal taken to an extreme that ends up corrupting a person, in everychapter. This book takes cherished themes like love, passion, and ambition and turns them intocharacters' downfalls. In one chapter, a beloved schoolteacher is exiled from his hometownbecause he loves children too much and touches them inappropriately. In another series ofchapters, Jesse Bentley, the son of a poor farmer, has a rag-to-riches story. He works relentlesslyto improve his family's farm and becomes a very successful farmer. However, his ambitionconsumes him and he becomes hostile to his family. He also sees himself as God's chosen one.His hostility and fanaticism cause him lose his grandson, the person he values the most.Winesburg's theme taught me the importance of self-control. This book made me realize thatbeing a perfectionist is detrimental. For instance, I didn't submit papers until I scrutinized everyline and was satisfied with them. I insisted on writing very high-caliber first drafts, editing mygrammar on the spot and refusing to write my body paragraphs if I had trouble writing analluring introduction. This attitude was counterproductive; it often gave me writer's block andgenerally made me dissatisfied with my work and myself. Now I no longer have this attitude andbetter appreciate myself for my efforts.The College of Arts and Sciences at NYU is a learning environment that will be an ideal place for me to develop my interest in politics, which is my planed major. The school offers a rich and diverse selection of courses that provides a comprehensive education on politics that is both practical and theoretical. Why does Donald Trump's campaign still thrive despite many political pundits predicting its demise? The 'Campaign Strategy and Media in Domestic and International Campaigns' course may offer answer. The 'American Public Opinion and Pressure Group' course is relevant in today's social-media dominated society, where peer pressure has become a very influential force. In addition to these stimulating and practical courses, the College of Arts and Sciences offerssubstantial and comprehensive classes in the main fields of politics. I would be able to both learn about international politics and understand how political theory comes into play in real-world situations.Furthermore, the American Political Practice and Leadership program would allow me to spend a semester studying in Washington D.C. This invaluable opportunity gives me the perfect chance to immerse myself in politics, allowing me to take advantage of Capitol Hill's political resources with much greater ease.But it's not just NYU's strong politics program that draws me to this school. The College of Arts and Sciences' core curriculum provides every student a strong and common foundation in the liberal arts, regardless of the major. This means I could have an intellectual discussion on Nietzsche's Genealogy of Morality with an anthropology major or discuss Marx's The Communist Manifesto with an economics major. Because of the common educational experience, I could have an intellectually stimulating, and possibly mind-changing exchange with anyone else in the College of Arts and Sciences.Finally, New York City's boundless opportunities integrate perfectly with NYU's extensive curriculum. There is no better complimentary educational opportunity than to look at a kouros at the Met for a Foundations of Contemporary Culture core class (Expressive Culture to be more specific) or intern at Bloomberg. New York's repertoire of financial, media, political, and cultural opportunities is unmatched and can provide me with educational opportunities within walking distance unlike anywhere else. At NYU, everything I do can be a learning experience, and I intend to take full advantage of this opportunity."}]}