{"schema":{"fields":[{"name":"index","type":"integer"},{"name":"personal_essay","type":"string"}],"primaryKey":["index"],"pandas_version":"0.20.0"},"data":[{"index":0,"personal_essay":"When lightning stri-The music stopped. In that moment, the constant stream of sound in my head, just, stopped. Sound has been deeply embedded in me for as long as I can remember. It began during my toddler years as I attempted to express myself through song, but produced inexplicable sounds. My parents assumed something was wrong and brought me to Phoenix Children's Hospital to visit a hearing specialist, but still, I produced no words--just sounds. As I entered kindergarten, they attempted to enroll me in a special needs school, but their efforts were quickly thwarted. July 20, 2016, 8:55pm: scrolling through Twitter, I stumbled upon a post reading 'RIP Wade Young.' This was strange, because my best friend's name is Wade Young. Just days ago, he came to my house and we were up until 5:30am talking as usual. I texted him. No answer. Wade went hiking that morning and assuming he hadn't returned or just had bad reception, I proceeded to text him. After ten minutes with no response, I wandered into my parents' room and simply stated, 'Mom, I think Wade died.' I could hear the confusion in my tone. She suggested I contact the other hikers, so I left messages for them, continuously texting Wade in between, but still, there was no answer. After tweeting, 'Please tell me this isn't real,' a close friend contacted me and explained the situation: the two other hikers were in the hospital and Wade was struck by lightning and killed. I was numb. This was wrong. They were wrong and I was going to prove it.There is a one in one million chance of being struck by lightning and only ten percent of people are actually killed. Even if the reports were true, Wade's odds of surviving were ninety percent. The world makes more sense when I work through it logically. That night, I never cried. I never cried because this wasn't real. Statistically speaking, everyone was wrong, and tomorrow, probability would prevail. He was only seventeen years old. We are not supposed to die at seventeen. I traveled to school to purchase books for my senior year, and as I pulled into the driveway on the long journey home, I first came to appreciate the phrase 'the silence is deafening.' The music stopped. In that moment, the constant stream of sound in my head, just, stopped. With one hand on chest and one on mouth, my emotions spilled out uncontrollably. I had never felt such pain before and didn't know how to manage the nosedive into sorrow. The music stopped. My world was silent. I was broken, and the person I went to when things like this happened, was gone.Eventually, the music returned. The stream of sound in my head slowly came back and the realization sent chills down my spine. Although, the music was different this time. It was stronger, full of aspiration and memories of Wade. Now, three months since the incident, I have a greater appreciation for time and how life can end in the middle of a sentence. My connection to Catholicism strengthened immensely and continues to guide me through this new world of mine. Every volt-colored object (his favorite color), mountain, and lightning flash I witness, I perceive as a sign from my friend: a stream of communication between heaven and the physical world. Learning how to continue to create goals while in a state of emotional instability has been extremely burdensome, but remembering how Wade conquered struggles in life has instilled within me a greater sense of determination. The determination to accomplish anything and everything in his honor. Similar to a lightning strike, Wade was energy. Upon his passing, the energy he possessed wasn't lost; it was distributed amongst his closest friends, the same way lightning spreads when it strikes an object. That energy transferred and will live inside me forever."},{"index":1,"personal_essay":"If there's anything else you want us to know about you, now's your chance. But remember, you should use this space only if you want to describe anything that you have not had the opportunity to include elsewhere in the application. This shouldn't be an essay, but rather a place to explain unusual personal or family circumstances, or anything that may be unclear in other parts of the application. This should not be used to answer an additional personal insight question. (550 words)Since my preschool years, I have always exhibited an urge to dance to songs on the radio, tap my one-by-one inch palm on the nearest structure that was in sight, or stress my vocal cords by screaming pitches so loud, the neighboring houses were likely under the impression that I was being murdered. My musical education and abilities continued to progress through grade school, middle school, and my junior year of high school in which I participated in a number of vocal performances and concerts; However, come senior year, I was surprised to see a majority of those activities impede.Unfortunately, in order to continue my studies in higher level courses and be able to maintain excellent grades, I hesitantly decided to discontinue my enrollment in choir. During the first couple of weeks, the adjustment was extremely difficult, but still engaging in musical performances through the Music For Cure club and auditioning for my school's first a Capella group has helped to provide the much needed comfort. Although I strayed away from the music environment my senior year of high school, I will unquestionably take advantage of the endless musical opportunities provided in college.Describe the most significant challenge you have faced and the steps you have taken to overcome this challenge. How has this challenge affected your academic achievement? (349 words)July 20, 2016, 8:55pm: scrolling through Twitter, I stumbled upon a post reading 'RIP Wade Young.' This was strange, because my best friend's name is Wade Young. Wade went hiking that morning and should've been back by now, so I texted him. After minutes with no response, I wandered into my parents' room and simply stated, 'Mom, I think Wade died.' I could hear the confusion in my tone. She suggested I contact the other hikers, so I left messages for them, continuously texting Wade in between, but still, there was no answer. After tweeting, 'Please tell me this isn't real,' a friend contacted me and explained the situation: the two other hikers were in the hospital and Wade was struck by lightning and killed. I was numb. Throughout the first quarter of senior year, I felt as if a part of my identity was absent and honestly, I wasn't quite sure when or if it would ever return. As a result of this desolation, I switched out of choir (where Wade and I met) and AP Biology, realizing the academic rigor and emotional burden were beyond my mental capacity at the time. Even with the lighter course load, I lacked focus in every class and had to escape often just to cry in the bathroom. Although, what seemed to be a 'routine' gradually came to an end. Now, three months after attending therapy sessions, having conversations with friends, and speaking to teachers that knew him, I have a greater appreciation for time and how life can end in the middle of a sentence. Learning to continue creating goals while in a state of emotional instability has been challenging, but remembering how Wade conquered struggles in life has instilled within me a greater sense of determination. The determination to accomplish anything and everything in his honor. Similar to a lightning strike, Wade was energy. Upon his passing, the energy he possessed wasn't lost; it was distributed among his closest friends, the same way lightning spreads when it strikes an object. That energy transferred and will live inside me forever.What is the one thing that you think sets you apart from other candidates applying to the University of California? (338 Words)Scavenging through the sleek white shelves, I knocked down each toothpaste one-by-one into the shopping cart. One...two...three...As I frantically counted each slip of paper, a drop of water descended down my forehead and caressed the edge of my lip. Glancing at my phone to check the time, I realized that two hours already passed. With a cart full of unnecessary amounts of products, I passed through each register, examining characteristics of the cashiers: 'that person looks young, that person looks blissful, that person looks agitated.' After 15 minutes of indecisiveness, I finally plunged myself forward, ready to face the task at hand. Organizing one deodorant, one paper towel roll, and one tube of toothpaste per transaction, I began to tremble. This was it. All the hard work I've put into this would finally pay off. After about an hour at the register, my award slowly began to deliver out of a black machine. 'You saved one-hundred percent today and are walking out with a fifty dollar gift card! Congratulations!' exclaimed the cashier. Similar to a line of dominoes gradually falling, the applause spread from person to person and the question, 'How did you do this?!' was shouted from the neighboring register. 'With diligence and determination. Oh yeah, and coupons of course!' I joyfully responded.An average twelve year old either fought over the cutest girl at school or argued with his mother about buying a new pair of shoes, but I, being a strange child, argued with my mother about the number of hours I would spend couponing at the store. Since my preteen years, I exhibited a yearning to complete new tasks and set goals, challenging myself in unimaginable ways; some include formulating homemade laundry detergent, crocheting all sorts of materials, and creating paracord bracelets that I would later sell to friends and family. By activating this out-of-the-box mindset today, I find myself applying new ways of thinking to my academics when attacking a math or chemistry problem. I haven't taken on any significant project recently, but who knows, I might even decide to create homemade butter next.Every person has a creative side, and it can be expressed in many ways: problem solving, original and innovative thinking, and artistically, to name a few. Describe how you express your creative side. (346 words)'When words fail, music speaks.' Like any other freshman in high school, I lacked a sense of belonging. Belonging in regards to after-school activities, academic rigor, and social groups. Exhibiting this sense of isolation, I would turn to my parents for comfort when a problem arose, but I was soon intrigued to see that I could find another source of comfort: music. Do-Re-Mi-Fa-So-La-Ti-Do. The complicated array of music notes and sounds emanate out of my mouth, shaky from the rush of nerves quivering in my vocal chords. As a freshman in high school, I was ignorant of the musical terms and techniques associated with choir. Whether it was the resonating crescendo deviating from a quiet pianissimo to a deafening forte, the euphonious harmonies, or the delicate vibrato with the voice, I was an explorer in an attempt to discover the meaning behind this unfamiliar language. Continuing my desire to explore the musical language, I auditioned for numerous choirs, participated in voice lessons, and engaged in musical activities outside of school. With the jampacked schedule of junior year, I was unsure if I could juggle every activity while simultaneously focusing on school work, but creating a detailed list of the activities and designated times helped to solidify my assurance. Throughout the past few years, music and singing has shaped me into a loving, artistic, and open-minded person and has allowed me to form unbreakable bonds with strangers, some that I now consider my family. After the passing of my best friend Wade Young, friends and I gathered at one's house and created harmonies, singing until the last drop of sun was hidden by the mountains far off in the distance. The pleasure and serenity that comes along with singing is what I hold of highest importance. When I open my mouth to sing, I gain a feeling of relief. A feeling that the world exists without complications--without negativity. A feeling that if I were to open my mouth, death, sadness, and pain would be eliminated from this Earth. Without music, I wouldn't be who I am today.Describe how you have taken advantage of a significant educational opportunity or worked to overcome an educational barrier you have faced. (338 words)I remember receiving the letter mentioning a medical program in Illinois. I decided to enroll, already aligning my future with anesthesiology, but that would soon change. The decision to start the journey to becoming a magician of medicine commenced the minute I laid foot on campus with the array of purple flowers illuminating my eager eyes and the letters 'Northwestern University' spelled out on a metal arch. That summer changed my life.The curriculum opened my mind to the medical world in ways I never imagined. We had engaging conversations with plastic surgeons, emergency room physicians and medical staff of all levels. I was provided the opportunity to dissect a heart, perform sutures on a pig's foot, and take part in a CPR simulation, and by the end of the program, my decision was made. Cardiothoracic Surgery. I'm familiar with the term, at times more than I wish. My grandfather suffers ailments related to his arteries and his condition is such that any actual procedure would be a greater life threat than taking no action at all. I know what it's like to trust the scientists behind these tests; I know what it's like to be on this end, but I want to be on the other end. I want to help people at the most difficult times in their lives and I believe I have the intellectual capacity to do so, I just need the opportunity. It wasn't just the impacted lives of those who were on the receiving end of treatment that affected my choice, it was the impact this type of work had on the scientists I learned from at Northwestern. Everyday is different, no two patients are alike, what worked on one person isn't necessarily guaranteed to work on another and then, the science kicks in: problem solving and returning to the drawing board with the intensity in knowing that someone is trusting you with their life. The responsibility and stress is immense, but the honor and devotion to human life is even greater.What is something about yourself that is essential to understanding you? (250 word limit)Scavenging through the sleek white shelves, I knocked down each deodorant one-by-one into the shopping cart. One...two...three...As I frantically counted each slip of paper, a drop descended down my forehead and caressed the edge of my lip. With a cart full of unnecessary amounts of products, I passed through each register, examining characteristics of the cashiers: 'that person looks young, that person looks agitated, etc.' After 15 minutes, I finally plunged myself forward, ready to face the task at hand. This was it. All the hard work I've put into this would finally pay off. After an hour at the register, my award slowly began to deliver. 'You saved one-hundred percent today using all coupons! Congratulations!' exclaimed the cashier. An average twelve year old either fought over the cutest girl at school or argued with his mother about buying a new pair of shoes, but I, being a strange child, argued with my mother about the number of hours I would spend couponing at the store. Since my preteen years, I have exhibited a yearning to complete new tasks and set goals, challenging myself in unimaginable ways; some include formulating homemade laundry detergent, crocheting blankets, and creating paracord bracelets that I would later sell to friends. By activating this out-of-the-box mindset today, I find myself applying new ways of thinking to my academics when attacking a math or chemistry problem. I haven't taken on any significant project recently, but who knows, I might even decide to create homemade butter next. Describe how you plan to pursue your academic interests at USC. Please feel free to address your first- and second-choice major selections. (250 word limit)Studying biochemistry at the College of Letters, Arts, and Science, the Kaiser Permanente Medical Preceptorship Program is suitable to my future medical endeavors and researching one-on-one with a professor will flourish my analytical and intellectual abilities. It provides the perfect opportunity to shadow physicians in five different medical departments and although I'm confident in pursuing a career in surgery, it's important that I experience all aspects of medicine, potentially revealing another field that interests me. With aspirations of also majoring in Spanish, the study abroad program at Universidad de Deusto in Spain will engage me in the Spanish culture, simultaneously improving my conversational skills. Studying abroad will immerse me in the liberal arts education while still allowing me to continue my studies in the sciences. A background in the humanities combined with a STEM major will result in a more broad-minded view on issues, allowing me to ingeniously handle situations in the operating room. USC is home. Through conversations with current students, it has been described as the holidays: a Saturday during December when my family lays under blankets, watching Polar Express. I feel safe and humbled by the finely carved buildings and pleasant social atmosphere. I am intrigued by the Dornsife school, imagining myself there, learning, performing, and becoming a magician of medicine. There's a balance of student life that's palatable, a place where I could continue my music with the SoCal VoCals while pursuing my goals: singing, cell dividing, and being a part of something greater than myself.First Word:ConvivialSecond WordSupportiveThird Word:Self-MotivatedWhat is your favorite snack?Gummy wormsFavorite app\/website:YoutubeBest movie of all time:Harry Potter seriesHashtag to describe yourself:#coffeeaddictDream job:Cardiothoracic SurgeonWhat is your theme song?I lived by OneRepublicDream trip:Backpacking trip through various countries in EuropeWhat TV show will you binge watch next?Grey's Anatomy (Again!)Place you are most content?Piano benchPrompt 1: Most Pomona students enter the College undecided about a major, or they change their minds about their prospective major by the time they graduate. Certainly we aren't going to hold you to any of the choices you've made above. But please do tell us why you've chosen the major or majors (or Undecided!) that you have (in no more than 250 words).'But how?' That was me, and it drove my parents insane. As my education progressed, I stopped asking as I began to figure it out myself: how the body functions, what is happening at the molecular level when someone is sick, running, or trying to lose weight. I figured it out on paper and put it to the test on a personal level. In junior high, I endured the long journey to losing weight, tracked my progress, and envisioned all the science that was occurring inside of me. While experimenting unaccompanied was my only opportunity at the time, entering high school released infinite possibilities. I was recommended for a medical program and immediately accepted my invitation. The curriculum opened my mind to the medical world in unimaginable ways. I had conversations with physicians and medical staff of all levels continuously asking 'how' regarding implausible information. I was provided the opportunity to dissect a lamb's heart and perform sutures on a pig. With scalpel in my left hand and heart in my right, I carefully made an incision down the ventricles. At that moment, my decision was made: cardiothoracic surgery.Furthermore, my interest in the Spanish stems from my curiosity about how people can live with differing traditions and speak a language with the same sounds as English, yet, develop a completely different understanding. Through relationships formed and conversations with individuals, my devotion to becoming a more diverse individual has progressed. Ultimately knowing 'how' calms me, while simultaneously driving my curiosity. Prompt 3: Pomona has a long history of bringing together students of diverse backgrounds who want to push intellectual limits and who want to engage in a community that values difference. Write about a time when you were aware of your difference. How did it change you and what did you learn from the experience?Scavenging through the sleek white shelves, I knocked down each toothpaste one-by-one into the shopping cart. One...two...three...As I frantically counted each slip of paper, a drop of sweat descended down my forehead and caressed the edge of my lip. Glancing down at my phone to check the time, I realized that two hours had already passed. With cart full of unnecessary amounts of products, I quickly passed through each register, examining characteristics of the cashiers: 'that employee looks young, that one looks elated, that one looks agitated, etc.' After 15 minutes of allowing my over-analytical mind to review the pros and cons of each cashier, I finally plunged myself forward, ready to face the task at hand. Organizing one deodorant, one paper towel roll, and one tube of toothpaste per transaction, I began to tremble. This was it. All the hard work I've put into this would finally pay off. After an hour of intensely eyeing down the screen, watching each item and designated coupon appear, my ten-foot award slowly began to print out of this dusty black machine. 'You saved one-hundred percent today using all coupons and are walking out with a fifty dollar gift card! Congratulations!' exclaimed the cashier. I held my prized possession in my hands and scrolled to the bottom to check the price I would have paid without coupons. Similar to a line of dominoes gradually falling, the applause disseminated from customer to customer and the question, 'how did you do this?!' was shouted from the neighboring register. 'With diligence and determination! Oh yeah, and coupons of course!' I blissfully responded.Extreme couponing is one unique characteristic I exhibited in middle school. An average twelve-year-old boy either fights over the cutest girl in school or argues with his mother about buying a new pair of shoes, but I, an extraordinary child at twelve, would argue with my mother about the number of hours I would spend couponing at the store. The rush of sorting the coupons, darting through the store aisles, and filling the cart with items was a hobby that not many people at my age found amusement in. But, for about six months, that was my life. Being a middle school student, there came a list of insecurities and lack of confidence with myself. Although others' opinions held me back from completing many tasks, I can proudly say that couponing was the first instance in which I embraced my idiosyncrasy. Knowing I just 'scammed' the store is one thing I am extremely proud of.Since my preteen years, I have exhibited a yearning to complete new tasks and set goals, challenging myself in unimaginable ways; some include producing homemade laundry detergent, crocheting all sorts of materials, and creating paracord bracelets that I would later sell to friends and family. By activating this out-of-the-box mindset today, I find myself applying new ways of thinking to my academics when attacking a math or chemistry problem. Similar to the meticulous detail required to discover the cheapest deals, my attention to detail regarding test-taking and schoolwork has improved drastically and has allowed me to perform tasks to my best. The process of organizing each stack of coupons, cutting and sorting for hours on end has also helped to develop my organizational skills while performing daily activities. With a heightened sense of imagination that continues to live on today, who knows, I might even decide to create homemade butter next. If you could only do one of the activities you have listed in the Activities section of your Common Application, which one would you keep doing? Why? (Required for all applicants. Approximately 100 words)Do-Re-Mi-Fa-So-La-Ti-Do. The complicated array of music notes emanate out of my mouth, shaky from the rush of nerves in my vocal chords. As a freshman in high school, I was ignorant of the musical terms associated with choir. Whether it was the resonating crescendo deviating from a quiet pianissimo to a deafening forte or the coalition of voices creating melodious harmonies, I was an explorer in an attempt to discover the meaning behind this unfamiliar language. When opening my mouth to sing, I gain a feeling of relief. A feeling that the world exists without complications. That if I were to open my mouth, sadness and pain would be eliminated from this Earth. Today, I'm still filled with enthusiasm when handed a piece of music, because I'm provided the opportunity to delve deep into the meaning hidden within the text. Without music, I wouldn't be who I am today.Essay #1 (Required for all applicants. Approximately 250 words)Everyone belongs to many different communities and\/or groups defined by (among other things) shared geography, religion, ethnicity, income, cuisine, interest, race, ideology, or intellectual heritage. Choose one of the communities to which you belong, and describe that community and your place within it.Patties flip, potatoes fry, and exclamations including, 'Lemonade coming through!' can be heard, shouted from across the kitchen. This boisterous environment reflects that of my work: the renowned In-n-Out Restaurant. Whether it's singing songs while bagging burgers or debating political issues on my ten-minute break, I'm always busy executing a certain task. Although I'm almost always occupied, I have recognized a great amount of personal developments that were previously unacknowledged, but ultimately strengthened: humility, respect, and cultural awareness. As a student of color attending a predominantly white school, I have experienced discrimination including eating at lunch tables, assortments of cliques, and open seating arrangements in classrooms, thus compelling me to appreciate the importance of diversity. My best attempt to achieving this goal is working at In-n-Out. Two miles, 3,520 yards, or 10,560 feet from home--that was my world. My experiences existed within these two miles, but working at In n Out has shattered the barrier of ignorance around me, allowing me to converse with employees of all races, backgrounds, and genders. These conversations have exposed me to numerous personalities and a variety of enlightened thoughts. Relationships, conversations, and individuals' stories are all elements that progress my devotion to becoming a more diverse individual. Describe the unique qualities that attract you to the specific undergraduate College or School (including preferred admission and dual degree programs) to which you are applying at the University of Michigan. How would that curriculum support your interests?I remember receiving the letter: it mentioned a recommendation from my Chemistry teacher and a medical program at Northwestern University. Academically, I was aware of my strengths and had already aligned my future with anesthesiology. That summer changed my life. The course load and curriculum opened my mind to the medical world in ways I never imagined. I had intimate conversations with plastic surgeons, emergency room physicians, and medical staff of all levels. I was provided with an overview of the daily stresses and long term impacts these careers carried and by the end of the program, my decision was made. Cardiothoracic Surgery. I'm familiar with the term, at times more than I wish. My paternal grandfather suffers with ailments related to his arteries and his condition is such that any actual procedure would be a greater life threat than taking no action. As a family we've been through years of tests, probing, and hospital visits, all in an effort to improve the quality of my grandfather's life at the most and at the least, prolong his life so we could selfishly spend more time with him. I know what it's like to trust the scientists behind these tests; I know what it's like to be on this end, but I want to be on the other end. I want to provide aid to those struggling and the University of Michigan supplies the opportunities to help me achieve that goal.As a student attending the College of Literature, Science, and the Arts, I will take advantage of the Undergraduate Research Opportunity Program, supporting my medicinal ambitions from the first day of college to the day I walk down the stage with my diploma. The Biomedical Sciences sample project within UROP is suitable to my future medical endeavors and researching one-on-one with a professor will help develop my analytical and intellectual abilities. Although there are an abundance of opportunities at UMich, one aspect that distinguishes itself from other colleges is the New England Literature Program. Being a part of this program will immerse me in the liberal arts education while still allowing me to continue my studies in the sciences. A background in the humanities and arts combined with a STEM major will result in a more broad-minded view on issues, allowing me to ingeniously handle situations in the operating room. UMich is home. Through conversations with current students, it has been described as similar to the holidays: a Saturday during December when my family lays under blankets, watching Polar Express. I feel safe, welcomed, and humbled by the finely carved buildings and pleasant social atmosphere. I am intrigued by the College of Literature, Science, and the Arts, imagining myself there, learning, performing, and becoming a magician of medicine. There's a balance of student life that's palatable, a place where I could continue my music with the G-Men while pursuing my goals: singing, cell dividing, and being a part of something greater than myself."}]}