{"schema":{"fields":[{"name":"index","type":"integer"},{"name":"personal_essay","type":"string"}],"primaryKey":["index"],"pandas_version":"0.20.0"},"data":[{"index":0,"personal_essay":"] My identity resembles the complex nature of proteins (and not just because I'm composed of them). Amino acids form unique sequences up to thirty thousand units long through a myriad of finely-tuned biological processes. It seems so improbable that the amino acid side chains should bond to each other in the exact conformation required to produce a three-dimensional, functional protein. Their final form relies on an incalculable number of subunits and external mechanisms. In the same way, I see myself as the sum of many experiences, especially those involving my family. We never conformed to the stereotypical suburban family mold that constantly surrounded us, but I couldn't be more thankful. After all, who would dare confine the vast array of proteins to a single template?One could say that I had an unconventional childhood. My parents were young when I was born (eighteen and twenty-four), and it shows. As a child, I used to spend rainy afternoons coloring in the star outlines tattooed on my dad's elbows or stringing necklaces through my mom's gauged earring holes. Because of my parents' influence, I developed a habit of blasting Green Day songs that make the ceiling shake, a deep love for the original Star Wars trilogy, and an appreciation for colorful liberty spikes.Though their ages and quirks make my friends refer to them as the 'cool parents,' my mom and dad practically grew up alongside me. I watched them deal with their own issues--miscommunication, infidelity, and depression, amongst others. I was the one to watch over my younger brother while my dad worked and my mom slept on the couch, too depressed to cope with being awake. I learned to be mature and responsible when they could not. While I love my family dearly, their mistakes always stuck in the back of my mind. I applied myself in school, determined to avoid being labeled as the daughter of a teen mom and a college dropout. In elementary school, I was the kid making my own supplemental spelling lists and begging to work in the library during recess.Eventually, my determination transformed--I was no longer working to defy the paths of my parents, but to pursue my own interests. I joined Science Olympiad on a whim and discovered a passion for biochemistry and proteomics, guiding me to lead academic teams and get involved with research. I now embrace my unorthodox childhood. Though it doesn't define me, I am the daughter of a teen mom and college dropout. From a young age, they showed me how difficult it is to find decent work without a college degree and how depressing it is to go through the motions of a passionless job. Because of my family, I refuse to settle for anything less than reaching my full potential.As much as I've gleaned from the mistakes of my parents, happy memories stand out the most. I love looking back on the fall afternoons the 'blanket monster' chased me around the house and the July evenings I listened to my mom belt out 'Steamroller Blues' on the porch. No, we never lived in a subdivision and my mother never joined the PTA, but my parents' influence shaped me into a strong-willed and passionate individual. From blissful moments to life lessons, my childhood experiences and influences are like the amino acids that make up a protein. They're my primary structure--what make me me. "},{"index":1,"personal_essay":""}]}