{"schema":{"fields":[{"name":"index","type":"integer"},{"name":"personal_essay","type":"string"}],"primaryKey":["index"],"pandas_version":"0.20.0"},"data":[{"index":0,"personal_essay":"The trilobite perched on the shelf in an unassuming swirl of Paleozoic mystique, imprinted with the memories oftumultuous ancient seas. Nearby, a yellow-flecked, rubberized lizard flopped pathetically next to a rigid plastictiger, whose painted eyes seemed permanently appalled at the state of the surrounding classroom. This unlikelymenagerie lurked in the background of my thoughts, a fascination in its complexity and a threat in the unknown itsymbolized. Every morning when I entered my 5th grade class, I would watch as a plucky classmatedeconstructed and then reassembled the work of centuries. The work of a universe was swiftly reduced to child'splay; the unsteady hands of a child stood in for the hands of God.These plastic replicas were as real to me as the classmates who inhabited the elementary jungle. Each morning Ipadded tentatively through the halls teeming with bright yet insensitive visages of youth. My school, the school forthe laissez-faire, the budding philosopher and the free spirit. Teachers fancied themselves the next Socratesesand Platos, uttering philosophical musings from cross legged positions in the midst of circles of less-than-focusedpupils. Taking advantage of the absence of any discernible curriculum, I spent the entire fifth grade pouring overthe 232 pages of the Cambridge fifth edition Latin textbook with highly realistic plans to become fluent in Latin andmove to Rome before the age of 11. Clearly, the fact that a dead language wasn't actually spoken anywherehadn't fully sunk in yet.I entered high school fascinated by the prospect of a structured public education. Math class every day?' Ithought, 'That's strange.' I approached classes with the same wide-eyed wonder as before, eager to learneverything set before me. Even classes like 'Literacy in the 21st Century' excited me (and subsequentlydisappointed me when they turned out to be entire semesters of personality quizzes. Yes, I know I'm introverted.No, that doesn't mean I'm destined for a career in Law). My tendency to prefer watching from afar to joining in theaction endured and led every speech coach to predict that I would be an abysmal failure in my activity of choice.When I won my the first Lincoln-Douglas tournament, I'm not sure who was most confused\u2014me, my coach or theboy I beat by listing, in Latin, the 10 logical fallacies he had committed in the round ( it wasn't Ancient Rome butmy Latin skills were finally coming in handy).While the educational opportunities grew, so did the list of academic 'do's' and 'don'ts'. By 11th grade, I wasexceedingly frustrated by the limited curricular pick-a-path my school provided. I was a fish out of water, strugglingagainst a current that had never existed before. With my school offering less than a quarter of IB's course catalogand no AP's, the choice came down to studying the computer science and economics that I love or earning an IBdiploma. With the same determination as my younger, Latin-devoted self, I decided to forge my own path. Secondsemester of junior year, I enrolled in eight IB courses while self-studying four AP courses and teaching myselfcomputer app coding. While my 12 classes seemed ridiculous to some, it gave me a sense of relief in knowing mycourse load had become my oyster.Just like hyperactive children had rearranged the orderly trilobite and Australopithecus years before, a rigid systemhad tried to predetermine my path in high school. Instead of surrendering in the claws of what seemed out of mycontrol like the spineless dollar-store lizard had, I held steady. The freedom to ceaselessly pursue intellectualgrowth is invaluable and we should never be too afraid to step away from the beaten path to find it. The barriersthat obstruct boundless learning are merely someone else's conception; I wasn't afraid to step around them andcreate my own path into the unknown."},{"index":1,"personal_essay":"Endless strings of seemingly incoherent words filled the screen. A mountainous pile of paperwork teeteredprecariously on the edge of my desk. With an interest in computer coding and a drive to create change, I haddecided to code an app to consolidate resources for hunger alleviation in the state of Montana. Living in the countywith the highest incidence of homelessness in my home state, I knew this idea could make an impact.I pushed through error after error, seemingly unable to crack the code of coding. After reading every book andguide gathered through a seemingly endless search, something finally clicked. Two months later, when I metthose directly aided by my project at a press conference with Governor Steve Bullock, all the struggles seemed notjust worthwhile, but necessary. Given the trials that disadvantaged people all around us endure, they deserve tobe the subject of innovation.Please briefly elaborate on one of your extracurricular activities or work experiences.All my life I've been told my interests are too 'all over the place.' 'Why are you doing Alzheimer's research whenyou're a writing person?' people ask, or 'Why are you coding? Are you not good at debate anymore?' TouringBrown's campus this August, I came to understand how greatly Brown values\u2014even encourages\u2014 diversity ofinterests. Tour guides Kristy, biochemistry major and self-described Renaissance woman, and Paul, philosophyphysicsmajor and president of the bird-watching club, embodied this value to a 'T'. Under Brown's opencurriculum, I could intellectually challenge myself in curricular areas not often paired together and ultimately beequipped to make an even greater impact in the business sector strengthening support for the financially needy.After all, Brown understands that breadth of interest doesn't detract from the value of each individual interest; it'ssimply interest in all the right places.Why Brown?At a young age, I left behind the sky-scraping buildings of New York City for Kalispell, Montana's, amber waves ofgrain (with a brief intermission in Iowa's corn fields). Time moves slower here; anything trendy in the rest of thenation takes exactly two years to make it to Montana. But, a life more sheltered from acai bowls, cronuts, andKardashians is far from a dull one. In the simplicity comes a beauty, an uninterrupted appreciation. Now, evenwhen I return again to the city of my birth, I will know how to pause and breathe amidst life's madness.Tell us where you have lived - and for how long - since you were born; whether you've always lived in the<br \/>same place, or perhaps in a variety of places.As a dual citizen of Canada and the United States, my childhood differed from my peers in many regards. I couldrecite 'Oh Canada!' just as well as 'The Star Spangled Banner.' Having a distinctly Canadian accent made methe butt of elementary school jokes every time I apologized with a 'sooh-ry.' Even today, asking to 'boor-ow' apencil in a country of 'bah-rowing' makes it a 10-minute ordeal rather than a five-second favor. This distinctionbred in me simultaneously a fierce sense of independence and an immense value for the cultural mosaic myfamily provides.Communities or groups: pick one and tell us why it is important to you, and how it has shaped you.I've always been and observer. Taking mental note of people and patterns is more habitual than intentional.Writing allows me to capture these copious streams of mental notes in a fleeting minute. Business economics andentrepreneurship are a natural extension of these traits, something my current work in the nonprofit sector hasopened my eyes to. Observing is an integral skill in any organization or venture, whether it's taking note of thestate of the financial markets or the aptitudes of an employee. Majors in Business, Organizations andEntrepreneurship and Literary Arts will equip me with the tools to translate my scribbled observations into a realitythat serves others every single day.Why are you drawn to the area(s) of study you indicated?"}]}