{"schema":{"fields":[{"name":"index","type":"integer"},{"name":"personal_essay","type":"string"}],"primaryKey":["index"],"pandas_version":"0.20.0"},"data":[{"index":0,"personal_essay":"     I've known from a young age that I wanted to work in medicine, and innovation drives the field christened by Asclepius. I joined my school's Health Occupation Students of America club in my sophomore year to be among other hopeful physicians. Members of the club choose one event and compete in it at various levels, depending on success in the previous levels. My event is a five-minute group presentation of a groundbreaking medical innovation, and in my first year competing, I killed it. In my second year, it killed me.      After wrangling up a group, we chose the \\\u2018medical innovation' event on a whim, and we certainly never expected to go as far as we did. My public speaking is incredibly poor; I had to memorize my speech to the letter and recite it in monotone. My hands shook and my voice wavered as I talked on the benefits and disadvantages of targeted cancer therapy. The judges must have seen something in us though, because we placed first at regionals, first at state, and third at nationals. In retrospect, I should have known that placing nationally against a hundred teams would inflate my ego and make failure inevitable. But winning was so empowering that I needed to do it again; adrenaline and arrogance fueled me for weeks afterwards.      But when junior year came and we were to sign up for our events again, something felt different. My new team still tried incredibly hard; we put more hours into this short presentation than we had of any project or class in the past. The topic of our presentation was a new and truly innovative approach to stem cells, a technique devised to create stem cells from adult cells, not embryonic cells. But come the state competition, our best efforts just weren't enough. We were missing a member and the presentation was disjointed. My nerves caused my voice to shake and stutter. Of the five groups receiving honorable mention, we did not place. It might not technically be a failure, but it was no success. I had expected the world and came away with nothing.     After my loss I was disappointed in myself and resentful towards my team. It didn't help that the rest of my school's chapter was dripping in gold. I had secretly been planning my return trip to nationals, and when I knew it would not come to fruition, I felt defeated. Instead of my vision of fine tuning an epic presentation and confidently strutting on to a stage to receive gold, I saw myself bored and sweltering at home all summer, with no goal to reach and no way to occupy my mountains of free time. I felt like I had reached the end of my line.      In the midst of my wallowing I applied for a summer job at the municipal pool. I worked there for the summer as a cashier and slide monitor, and I gained two things HOSA could never have given me: cash to spend and a tan to flaunt. I learned how to work with people who aren't highly driven students or teachers banking on my success, but regular people just trying to create a fun summer memory with their kids. It took me away from my obsession with academics and brought me into the world of work, where no one is concerned with grades, ACT scores or medical profession competitions.      From my success and subsequent loss at the same competitive event I learned something I had heard from my father my whole life: you win some, you lose some. Winston Churchill put it more eloquently when he described success as 'stumbling from failure to failure with no loss of enthusiasm.' I learned that some things I hold so highly aren't the end all. I also know now that no one will hold you to one failure, but everyone loathes a sore loser."},{"index":1,"personal_essay":"The purpose of higher education is genuine education. It's a simple answer but a telling one. Let me elaborate.     Higher education is uniquely different than other forms of education because it is a choice. No one forces students to attend university, and there are alternatives to schooling. Though many well-paying jobs require a college degree- and most of us can't be Mark Zuckerberg with a 54.7 billion dollar net worth and an incomplete bachelor's degree- there are alternatives to college, and people do take them. The motivation that comes with the decision to enroll in a university makes it unique; and this motivation helps turn required credits in math and science into an adventure through calculus and a desire to learn the physiology of the human body. It's like a machine; when all the parts come together and the motivation is present to glue it all together, a college degree turns into something more valuable, and much more educational.     Most universities allow students to study what they would like, and with teachers of a higher caliber than most high schools. My high school offers four types of mathematics, 3 sciences, 2 foreign languages and a smattering of social sciences. This narrow catalog is further reduced for many students when you factor in the requirements of the IB program, and again the requirements of my state, and again when the counselor tells you that your first choice is already full. At the end of the day, we have little choice in what we can take. All but one of my classes for senior year was decided the second I entered into my program. Higher education allows students to study something that we have an interest in, with a purpose of actual education, not rote memorization. I know absolutely nothing about the history (or current state) of the Middle East. It is an important region, but none of my classes have touched on it and my school doesn't offer anything in the way of Middle Eastern history. If I have the option to take CAS ME 101, I'll have a better understanding of the region's past and present, and the fact that I chose to take the course will push me past a surface knowledge and into a deeper understanding of a subject and a region that is increasingly relevant today.     Higher education coincides with an enlightenment period most young adults experience. It's why we change our hair and register to vote and begin to question our surroundings. We question what is just and what is fair. How could any of the above happen if not for education? You can look at the extreme change caused by higher education, and consider that Lenin's study of Marxism at Kazan University influenced an almost 75 year period of tumultuous change in the largest country on Earth, or in the more modest changes caused by higher education, like how some will finally learn how the electoral college works. The role of higher education is vital to many people's set of values and understanding of the world, and when value sets are shaped during education, they are invariably more conscious and just values.      Though it might not always produce revolutionaries, higher education can transform the most ignorant into the wise, and truly educate some that have passively sat through 13 years of prior education. Higher education is often much more successful than high school education, and it helps to shape  finer future generations.     Boston University has appealed to me since I learned of the school freshman year. When I heard how beautiful the school was from an older friend, I started doing my research. BU cares about something that I care about: sustainability and environmental preservation. I want to go to a school that puts effort into preserving the environment and curbing their negative impact.      I want to go to a larger school with a more academic atmosphere, and I see that in BU. With my major in biology, I will have great opportunities for research at BU that will help me later in my academic career. With so much research activity and faculty on one campus, and some funded by the NIH, I am excited by the possibilities.      As an open-minded person living in the Florida Panhandle, I've always felt a bit out of place. In the city of Boston, however, I can see my home. We all imagine going north for college and getting out of the stifling and backwards South. Boston has seasons. Seasons! I can only imagine wearing something other than shorts in December. And as a wicked historic city with plenty to do and see and eat, I could never get bored.     Though all the reasons above are valid, the most pervasive is a picture of myself there that pops up in my head. I see myself running to class, passing the brownstones and the changing leaves, or spending a day walking along the Charles River.      On April 19, 2013, I embarked for the wilderness outside Asheville, North Carolina for 9 days in the Outward Bound Program. I had good times, I had bad times, but I learned a lot about myself and gained some pretty cool stories.      I went on the experience-based leadership program with 16 of my fellow 8th graders as our school's graduation trip. It was meant to be a fun and out-of-the-box trip that most of us had never experienced, and one that they hoped would prepare us for high school. It was described to me as camping to the extreme: we were to hike around the Blue Ridge Mountains of the Southern Appalachians, go white water rafting on the French Broad River, and all without toilet paper.      It was certainly hard. We weren't used to being stripped of our amenities and leaving no trace. We left no ashes from campfires or any sort of trash. It not only made me realize how grateful I am for indoor plumbing, it gave me a reason to acknowledge how devastating our impact on this earth has been. It let me look at how beautiful the natural world is when untouched by humans, and I believe it grew into my passion for preserving the environment today. Outward Bound inspired me to look past the comforts people rely on and evaluate what a natural and raw lifestyle looks like.     My teamwork skills improved considerably with the trip. I had to keep up with the pace of the group when we were hiking, and keep my temper when the kids were navigating and I was convinced that we were heading in the wrong direction. The experience was a huge step outside of my comfort zone and towards adulthood, and I think back towards it often.     The Prussian strategist Carl von Clausewitz famously wrote on the moral and political aspects of war, and he asserted that if the object of war is to secure a state, war has to be limited in order to preserve the state itself. As weapons become more advanced, accountability for such weapons must be retained. Without human interaction with the weapons and the thing the weapons are destroying, the world could face destruction by its own inhabitants.      When we use artificial intelligence weapons, we are removed from the situation, and we absolve ourselves of the pain and the wreckage that they may cause. The blame of whatever happens because of the weapon can be set on the machine itself, not the person who programmed its target and told it to show no mercy. The machine will hit the target every time, with precision and accuracy. But the human decision to launch a major attack is crucial, because only humans can provide the respect for human life and mercy that is needed in war. There must be a potential for the attack to be scaled back or terminated, and this can only occur with a human person at the helm.     We can already launch an attack on to any place in the world, but if the human decision of whether to launch is taken away, we are waging a war with no possible winner. The computer will do whatever we tell it to; it will not take the amount of civilians or previous damage into account. It's a reiteration of our actions during the Cold War; we can build up our arsenal until we have an advantage over any other country, but what does it mean if just one tenth of our weapons would obliterate the world? Tech giants like Stephen Hawking and Steve Wozniak endorsed a letter last year condemning robot weapons for the same reason; it could enter us into an unproductive and expensive arms race. And once the weapons exist, they might be difficult or impossible to control, like the Agent Orange herbicide used in the Vietnam War.     To prove that weapons without accountability are surely headed for disaster, we can again look backwards. What would have happened if Eisenhower had not maintained civilian supremacy over the use of nuclear weapons in the Korean War? Would World War III have broken out only five years after the last, due to some overzealous general? The restraint exhibited during the last half of the 20th century was extraordinary, in that it preserved our world as we know it, and that it would be nearly impossible to repeat.      Humans are notoriously stubborn creatures, who act impulsively out of fear. If the option presents itself for automatic weapons with a potential to destroy the world, it is unlikely we could keep our finger off the trigger. Therefore, for the sake of humanity and all other life which exists on this earth, the potential of these artificial intelligence weapons should never be pursued.      My favorite fictional novel is East of Eden by John Steinbeck. The book centers around two families living in California during the early 1900s, and has Biblical parallels. Steinbeck is one of my favorite prose novelists because his work is easy to comprehend, yet beautiful. When he described the Salinas Valley or the expansive farm the Trasks lived on, you could picture yourself there, with the characters. And you learned to view the characters as your own family. From the tragedy that began the boys' lives to the tragedy that ended Aron's life, you felt their pain and their happiness. You saw their leadership figures as your own. And when the sage but ill-fated neighbor Samuel passed on a word of advice to dad Adam, you listened. It was a rewarding read, and I often miss the characters that I waded through 600 pages with while the world buzzed by.     In my opinion, and in the opinion of 97% of scientists around the world, the most pressing global challenge is climate change. Climate change will cause a rise in sea levels, flooding low-lying areas; it will increase storm activity, and cause the extinction of up to 40% of the world's species. Possibly the most upsetting fact is that we are causing it, and many are incapable of acknowledging it or working to curb it. Humans take from the earth but never give back, or relent for the good of our planet. This might sound like a nut climbing onto her soapbox, but I believe that not talking about an issue so tremendous as this is insulting to the entire biosphere and all of its inhabitants. The damage done by previous generations is solid and unchanging, but it is up to my generation to learn about it and to repair it.     The city of New Orleans has long held my roots and my substitute home. Both of my parents were born and raised there, and I've spent enough time lying to say that I was born there to know it is where I want to make my home. But attending Tulane is about even more than living in the Crescent City, the Big Easy, or the City Below Sea Level, it is about finding an academic home where I can thrive morally, and a place which gives more opportunities than any other university on a high school student's short list.      An obvious draw for anyone considering Tulane is its location. My grandparents still live in New Orleans, or Metairie actually, so the city is especially appealing to me. When my family and I commence the three-hour odyssey for Christmas or Memorial Day weekend or just because, excitement will mount in my chest. As we drive down Bonnabel Boulevard and I see the cracked open sidewalks and the Saints flags adorning the homes, I feel at ease. Who dat! Some of my fondest memories were spent in City Park wandering among the sculptures in the garden or on one of our clich\u00e9 trips across the Mississippi on the ferry. Before it clashed with AP exam season, visiting the Jazz and Heritage festival to listen to The Preservation Hall Jazz Band or eat a crawfish sack was one of my favorite memories of the springtime. The city of New Orleans has always felt more like home to me than my actual home, and the chance to live in the heart of uptown for four years is reason enough to choose Tulane.     Besides the grand city within which the school resides, Tulane stands out from other schools on my list because of its dedication to service as an institution and for its students. As one of the only universities with an emphasis on community service, Tulane reflects my own interests in helping those in my community with its high community engagement and Common Ground belief. After volunteering weekly at the kid's center of a local women's shelter, I do not want to go back to a selfish life where my time is spent only on myself. The kids at the FavorHouse helped me to realize week after week just how much exists outside my own life and my own education. I admire Tulane for pushing its students to continue an air of altruism or to start one, and I can see myself enjoying opportunities to help those in the New Orleans community. To enjoy the benefits of university life and the culture of New Orleans is one thing, but to give back to it is beautiful.     Tulane places an emphasis on providing opportunities for its students like no other university, especially in undergraduate research. I think some students- myself included- can get wrapped up in things like athletics or location when trying to decide where to apply and where to attend, and we lose the purpose of higher education: education. Strong academics and plentiful academic opportunities are just as important as the football team or the school colors. Tulane is renowned internationally for its very high research activity, and as a hopeful future medical school student, research is vital to my preparation for further education. I could model the spread of the Zika virus throughout Florida (and by that time, maybe the Southeastern United States and Louisiana) or study the correlation between the virus and microcephaly and Guillain-Barr\u00e9. By emphasizing undergraduate research, Tulane ensures its students success in future endeavors, like medical school!     Though all of the above are convincing reasons to pick Tulane University, I think the most pervasive is one that lies in my gut. As I toured the university once in January and again in October, I felt at home here. I could picture myself stopping for coffee at PJs before heading off to lab or walking through the oak trees in City Park on a sunny day. The location is right, the academics are right, the school is right: the rest is just semantics.When I learned that I had to complete a service project with over 100 hours, it seemed daunting. I chose to work with a local women and children's shelter, the FavorHouse, because I like to work with children. The hours that I have spent with those kids have been some of the most exhausting and rewarding of my year. It was important to me that I work with a local institution, and help people from my community. I conducted entrance interviews with the kids, I played games and made crafts with them, and I helped them with their homework. I got to know most of the kids there, and when I came back the next week I knew who would want to paint a pumpkin face and who would want to play Just Dance. The supervisor became so comfortable with me that she let me take the reins on the activities for the day, and I experienced leadership in a way that I never had before. Volunteering at the shelter led me to acknowledge the social issues present in my community, which, prior to this experience, I rarely encountered in my daily life. I also joined the Community Action Team. We raise money and plan events to spread the message to teenagers about healthy relationships. We recently raised over $2,000 to fund a free date night for teenagers in the area, where they will eat, dance, and learn about safe dating.      The Common Ground Women's Shelter in New Orleans began in 2005 to assist homeless women and children return to their homes after Hurricane Katrina, a time when the city experienced more than 11,000 homeless or displaced people on any given night. It now helps displaced residents return to their home city of New Orleans, and those who lost their jobs or their homes during the disaster. It houses the women and their children while they're looking for work and a new home, and is the only shelter of its kind to provide such long term assistance for women who lost their homes more than 10 years ago.      I am interested in the Common Ground project because I found through my work at the local shelter in my town, the FavorHouse, that I love working with children, especially underserved children. I would love to participate in a service project concerning the children in the shelter, like coming every week to read to them or help them with their homework. I could also bring crafts to the shelter to do with the kids, like building popsicle stick houses or making kazoos. It works to kill two birds with one stone; the children are entertained for a few hours and their mothers can use the time alone to run some errands or get some much needed rest. The project could include a fundraising component as well, something on campus to raise money to update supplies in the shelter.      Many will agree that intelligence is more than the ability to recite a fact or take a test. In fact, it is highly debated whether memory and intelligence are even related. Human intelligence is a complex idea, and must be measured accordingly through different subject areas and across different trains of thought to be considered valid.     Thoughts of what intelligence is and how it can truly be measured come up during this time in any young adult's life, especially during an exam season. The age of a student can almost be determined by how many and what kind of standardized tests they take. It begins in 3rd grade, with a reading FCAT or other standardized test in the common core. As the years go on they build in subject area and length, mathematics, science and writing are added.  With all the hours spent hunched over a test booklet, bubbling in answers, students begin to question the value of tests like these, and how much they can accurately measure anything. And what about the people who excel on these standardized test? Do they have some persistent factor affecting their performance? Or are they just good at guessing?      Though it is probably an impossible task, psychology attempts to measure intelligence through psychometrics. The g factor is the concept of an overarching mental capacity      Even though I have never had a problem with taking standardized tests, I don't consider them a measure of mine, or anyone else's, intelligence. Intelligence has to factor in talents outside of academics, like music or art. Intelligence has to assume that someone cannot be accomplished in multiple fields, because so few people are. Intelligence must really be associated with creativity: a creative solution to a problem, a different idea to try after numerous others have failed, a new take on a historical problem.      So, intelligence must test ability and creative thinking. It must try a person's problem solving capabilities, and ensure it is not just a feat of memory. Intelligence can be measured through an ability to think quickly, or on one's feet. Intelligence is a natural mental capacity, and can be molded and guided through life. It is, most importantly, the ability to try again.       A name contains more than a few words strung together. Specifically considering the names of humans, a name contains an origin story. The different parts of the name work together to define that person from the point of view of others: there is the first name, the middle and the last. To the rest of the world, a name differentiates someone from the pack. To the person whom the name is given, the name is little more than a way to be called.       The first name is perhaps the most important, as it was curated by the place in which the person came from. The first name was chosen by a mom and dad: picked from a book, heard on the street and recorded, or passed down as the first names of the ancestors. The first name is the first thing presented to the world, and it is what shapes the opinions of others.      The middle name plays one of two roles: to set the person apart or to blend the first name and the last together. It is either a unique name too out there to be considered a first name, or a traditional middle name to sound melodic with the others. A parent might assign a name like Graf for the middle name, a German word meaning duchess, or they might pick something conservative like Elizabeth or Anne. My middle name is one of the least inspiring, Elizabeth, but it sounds nice when read with my whole name.       The last name is the most historic, and the one with the least meaning to the individual. Not even a close figure like a mother picked the last name, it was assigned hundreds of years ago and just spread. But the last name tells of a person's roots, and it gives a sense of community. It allows a person to trace their lineage. It might even have to do with the family profession, as with Miller or Smith. There is a caveat with the last name: some will change the maiden name with marriage.       Above all, a name contains nothing specific to the person it is given to. We do not choose our names, and we have no say in what they will be. Yet not many people will go to lengths to change a name. The names together remind us of our family and our roots, for good or for bad. What do you hope will change about the place where you live? 250.          I live in Pensacola, Florida, infamously known as the panhandle. It is a region known to some for fabulous beaches, and to others for its bigotry. Some citizens living here spearheaded the fight for a return of the Confederate Flag, and for that, I despise my hometown. I hope that the hatred planted here and across the South will one day cease.     We are a city of five flags, but one of the flags is no longer flown. After controversy among some of the inhabitants, emerging after the violent church shootings in Charleston, SC, the Confederate flag representing some of Florida's darker history was taken down. The outcry after it was taken down was much more significant, and to this day you see bumper stickers grossly representing a movement antiquated by more than 150 years. Why are some so proud of a war the South lost, fought over the wrong reasons?     As people in other parts of the country open their minds to accept others, the region I live in just seems to go backwards. I hope change does take place, because I do love aspects of my hometown. We were the first European settlement in the continental US (take that St. Augustine!) and we do have some beautiful beaches. But if I am to return here for any amount of time, I need the people to become more educated on what it means to live in the South and what it means to be a decent human being.     Almost eight years ago, I was assigned Anne Frank for a biographical report. I read The Diary, I watched the movie depicting her life, I read biographies on her life and drew out the floor plan of the annex to show the class. It was the first time I felt nervous before a presentation, because even at the age of ten I realized that the story of this girl was heavier than anyone in my time and place can imagine.     I saw myself in her shoes, and I felt a kinship to this girl with the brown hair and large eyes. At 16, I visited Amsterdam on a tour with my school and saw the Anne Frank house. I walked the halls of her makeshift home; I saw the wallpaper with the pictures she pasted of movie stars. I heard the voices of other that knew her or were impacted by her on loop at the end of the tour.      I most admire her for her courage and optimism in the face of the most severe adversity, and the way that her legacy as a person has lived on so completely without her. Her story is a tragic one, of wasted innocence and youth, but her death provides even the most hardened of us with a lesson to learn and a message to live by. She says in her diary, 'I keep my ideals, because in spite of everything I still believe that people are really good at heart.' "}]}