{"schema":{"fields":[{"name":"index","type":"integer"},{"name":"personal_essay","type":"string"}],"primaryKey":["index"],"pandas_version":"0.20.0"},"data":[{"index":0,"personal_essay":"For years, my brothers and I attended Sunday prayer at the local Hindu temple. We marveled at the massive, gleaming gold murtis and alluring artwork, mesmerized by the priest's lyrical scriptures and ancient verses. The extraordinary tales were nearly impossible to grasp, even more so through the filters of our weak Hindi. Whenever the priest finished his poetic accounts, I struggled with confusion that had nothing to do with my language skills. 'How were humans created? Why did the creators make us?' I asked. 'At the beginning of time, Brahma, the God of creation, split his body to make men and women. He created us out of his own image.' With that, he began the next hymn, leaving me more bewildered than before.As I grew older, the more I thought about the legitimacy and foundations of my religion, the more uncertainty I would find. The incredible legends seemed to defy every fundamental measure of science and mathematics, throwing the big bang theory out the window, not to mention basic conservation of matter. Even my grandmother's unshakeable faith and counsel failed to renew my faith. My responses to friends' occasional questions about Hinduism grew increasingly concise, even acquiescing.But the Why? Question remained incessant. I read Heller, Tagore, and finally Vonnegut, who wrote: 'Tiger got to sleep. Bird got to land. Man got to tell himself he understand.' The words slapped me across the face. I realized I had been desperately searching for my purpose through faith in a religion of fantastical, fictional fables that I knew, deep in my heart, couldn't be true. Oh, puny Hindu, Vonnegut whispered to me. You're one of billions on this little planet, and of billions before you. They all come, and they all go. What makes you think you matter?And so, in my spiritual distress, I returned to the physical setting of my internal conflict, a place, I had visited seldom since childhood: our Hindu temple. The statues and murals, still alluringly beautiful, offered no consolation. Finally, in a moment of salvational serendipity I realized what I had been missing the whole time: the people on the carpets around me. Family, friends, neighbors, even strangers. We sat separately, but prayed in harmony and sacred unity.Maybe, Vonnegut was both right and wrong. Correct, perhaps, in his assessment that life may not have a concrete, comprehensible purpose, but incorrect in failing to see the meaning within the search itself. Religion is a manifestation of this search - its importance does not lie in its accuracy, but rather in its ability to unify and bring meaning.What Vonnegut and my fellow Hindus helped me realize was that our search for purpose may be the very thing that proves the presence of meaning in life. We search together in spiritual fellowship; that we search proves there is something to search for. This journey that we all share qualifies itself. There is no final answer, there is only this great process, one that we are all bound to in life.Today, I am religious, but my faith is not just a Hindu one. It is a faith in my fellow man, a faith in love, and a faith in the necessity my lifelong question: Why?So, somewhat ironically in the words of Vonnegut: 'Live by the harmless untruths that make you brave and kind and healthy and happy.' These untruths, then, are those that bring us together.And, just as it was written thousands of years ago in the Hindu Vedas:The experience of unityis the fulfillment of human endeavors.The mysteries of life are revealed."},{"index":1,"personal_essay":"Hi future roommate!Warning! Star Wars references ahead.Don't be too concerned when you see me. Yes, I am 6'4' with a genetically serious, pensive face (think Adam Driver with more hair\u2014or should I just say Kylo Ren?) but I'll crack a big smile when you quote our greatest modern philosopher: Master Yoda. I will put up a poster of his quotes just for you.One of the first things I would like to do is find an amazing Ramen place around Palo Alto. I have dragged my Indian family to Ramen joints in almost every town I have visited from Vancouver to London. Some consider it lowbrow dorm food; I consider it magical and artistic. If I can't convince you otherwise, you can get the teriyaki like my Dad.I like to bring a football and a book wherever I go. I would prefer a basketball but that's just ridiculous in a backpack. The beauty is that we can play anywhere anytime\u2014clear our minds, bond over it. I have a side-arm release like my NFL idol Matt Stafford, but I'm not nearly as accurate. Unfortunately, I am a Lions fan.Coffee is another passion of mine. Hopefully you'll be up for trying it. I'll make you a pour-over, a Chemex, a French Press, even a manual Aeropress. You choose your favorite method to brew that freshly roasted Burundian bean.'Adventure. Excitement. A Jedi craves not these things.' Fortunately, we don't have to be Jedi Knights at Stanford.1: Grind 23 grams to 800 microns. If inconsistent, start over.2: Pour grounds into the pressure chamber.3: Pour in 60 grams of water at 94\u00b0C.4: Steep for 80 seconds.I treat coffee brewing as a chemical process, where ground coffee is the solute, and boiling hot water is the solvent. It is meditative. Every variable is intimately controlled\u2014pressure, temperature, and brew time. Coffee, however, is much more than a vehicle of flavor and caffeine; it is also a catalyst for systematic socioeconomic uplift.Every cup we enjoy has a story. Seventy percent of coffee is grown by farmers around the world who own less than twelve acres of land. For them, it is a fruit of gold, providing sustenance for their families and their communities. Through that lens, I have come to enjoy my morning experience more intimately and thoughtfully.After taking a coffee class a few years ago, I was hooked. I contacted experts, reading everything I could get my hands on. I soaked in farming techniques, certifications, roasting, and brewing processes. I became so passionate about it that I was inspired to create my own specialty coffee publication: ReddytoBrew.com.On this journey, I have interacted with people from New Zealand to Yemen finding that these rural growers and roasters exude passion and authenticity.An amazing cup of coffee has led me to a uncover a treasure of personal stories and has inspired me to always delve deeper into all of my interests. In middle school, I spent hours on Kickstarter jotting down thoughts in my Moleskine notebook, dreaming of being an inventor. Ideas stream through my mind: autonomous sandwich makers, prescription-changing contact lenses. I realized, it wouldn't be so simple. There was no college for inventors, nor degrees in \\\u2018Inventing.'Last year, an idea came to me when I forgot a glass bottle of Coke in the freezer. While cleaning out shards of glass I wondered: could I harness the energy that burst this bottle?I put together a team and after months of refinements, we submitted our proposal to the Conrad Spirit of Innovation Challenge. A few weeks later, we were one of twelve international finalists to present our NERO Battery at the Innovation Summit at NASA's Kennedy Space Center. The final design: a nanographene outer shell storing energy produced by the deformation of an internal layer of piezoelectric ceramic secondary to temperature-induced expansion and contraction of a gallium core.Recently, we met an engineer who studies solar energy capture through window films. Imagine every window in the world producing clean electricity! The first, second, and third order effects of this would be life changing. I was enthralled by this possibility, and will be working on battery technology in his lab in Scotland this summer.These fantastical aspirations, the willingness to tease apart threads that aren't readily apparent, and the open-mindedness to question everything are what I hope to find at Stanford, with its vibrant community of learners and innovators.The moment I stepped into Mansueto Library on UChicago's campus this past spring, one thing became very clear to me. While students studied separately on the elongated desk space, it was evident that there was an unspoken affinity to the place\u2014though they were all studying different things, there was a palpable air of community. Though they studied with a few feet of physical separation each, they did so in solidarity, as if to say this is our great journey\u2014one of growth, knowledge, and transformation. Such is the essential intellectual imperative of the University of Chicago.But my most poignant memory of my visit to the campus was when I learned of UChicago's Core curriculum, and the prospect of a total redesign of how learning itself occurs\u2014the refinement of a foundation with which students synthesize and analyze future learning.At UChicago, I intend to dive into interests that I care deeply about but would not have the opportunity to study elsewhere, including Contemporary African Fiction, The Spartan Divergence and Social Entrepreneurship. As an economics major at most other universities, I would never have the chance to study this material. I would also love to join the Chicago Civic Journalism Workshop, and have long admired the South Side Weekly's coverage of powerful and intimately personal social change. At UChicago, I can't wait to study that which I'm passionate about, to prepare myself for my future and career, and to learn again the greatest intellectual skill of all: how to learn.Twas' the night before Christmas, and all through the house, not a creature was stirring, save one nineteenth-century English naturalist.It was well after midnight, and I couldn't sleep. Not because of any anticipation of the gifts to be found under the Christmas tree in the morning, but because I had been reading On the Origin of Species, and it was tearing me down, bit by bit. I got out of bed, and walked down to my living room and slumped on the couch. I knew what I wanted - success, love, a UChicago degree - and how I would get them - hard work and business savvy, Tinder, this essay - but it was not until then that I considered why I truly wanted these things. I concluded that love was simply a primal process-a pursuit of procreation. This made sense in Darwin's framework, but monetary success? UChicago? Why did I really want these things? Just then, I heard a cough and a crash from the fireplace, and sat up abruptly. A wrinkly, bald man stepped out of the darkness, his white beard dangling over his knees as he stood by the mantel, hands on his knees, breathing heavily. I recognized him immediately, and gasped. 'Charles...Darwin\u2026.?' I whispered cautiously. After all, a chubby Caucasian man had just appeared in my living room in the middle of the night. He didn't look up. In and out of deep breaths, he grunted, 'Yes, I am he...ah...no longer quite the fittest, I'm afraid\u2026' He took another deep breath, shuffled over to the couch, and sat beside me. 'So, you'd like to know how to find purpose amidst the immensity of the history of the world?'I blinked and pinched myself, doing my best to process what was happening. I nodded vigorously. 'Well, you already know my answer, don't you?' he said, scrunching his eyebrows. 'The answer is that you have no purpose! You are a biological, carbonic mass, just as doomed to be fertilizer as the beings before and after you!' And so began my vociferous argument with a hallucination. Deep down, I understood the unlikelihood of convincing Charles Darwin that the theory of natural selection was intrinsically flawed. But, victory in argumentation was not the goal\u2014rather, a development of my own ideology would be my trophy. 'Humans no longer live to survive. We learn, enjoy, and create social institutions to constitute a higher purpose,' I contended. 'Impressive, Dr. Durkheim,' he mocked. 'These specimens who do not live to reproduce are biologically unfit, and shall never live to see their progeny extend their bloodlines!''Our human world is not simply one of biological competition. It is not one predominantly dominated by violence and force, as are other species' behaviors. We prosper, live in harmony, and practice casual sex far detached from the sole intention of genetic propagation!' I countered.'All who do so are, again, biologically unfit!' he repeated.'Dude!' I nearly shouted. 'Sorry\u2014Professor\u2014an absolute is not valid if conditions for its disapproval are valid! Thus, you cannot say that the exclusive purpose of life is to continue itself, if there is evidence of life whose purpose is far removed from self-perpetuation!' I paused. My thoughts had been jumbled and tough to aggregate in my mind. I realized that what I'd said verbally had made far more sense than it did in my head. At this he paused, his eyes distant and pensive. 'If I cannot disprove your theory, and you will not accept mine, victory cannot be the result for either party of this debate.' And with that, he nodded his head at me, snapped his fingers, and disappeared.Contemplation and argumentation about the meaning and purpose of life can be challenging\u2014dangerous, even. But perhaps, if we continue to practice healthy dialogue, not with victory but instead progress as our goal, we may truly answer life's great questions. Life's greatest question, even.I took refuge in the operating room as much as I could, not because it was the only place with a air conditioning unit, but to watch an orchestra, a group of deeply passionate individuals performing a masterpiece of physical transformation and healing of the eye.I grew up in a family that values service and places an imperative on doing the right thing. This past summer, we were in San Jose de los Llanos in the Dominican Republic, where thunderous rain storms feed sugarcane growing to the sky. My brothers and I would run the vision clinic, and my parents and their colleagues performed eye surgery.In preparation, we spent many weekends doing the mundane until checklists and logistics entered my dreams. Group harmony and stress relief were necessary friends to precision as we spent hours fixing, repairing, and categorizing glasses. I put together a set of surgical instruments, each with unusual names\u2014Sinskey, Malyugin, Utrata\u2014I imagine them extending human hands, aiding in the repair of the microscopic lesions that steal vision.After four missions across Latin America, the most daunting aspect is the sheer need. Working in oppressive heat and humidity and seeing hundreds upon hundreds in line, one's initial instinct is to run, to close your eyes, to cry. Thankfully, a partner's simple smile helps dissipate the angst as you unpack, set up, and do the thousand small things that enable success. One day may bring perfection\u2014happy patients, blue skies, just the right glasses for everyone. The next day brings power outages, rain breaching roofs, and illnesses too complex to cure.From my journalism staff to my tennis team, our partnerships not only makes us more productive, but makes each of our lives richer. Donne put it succinctly: 'No man is an island.' We thrive by mutual support and common goals. There is an indescribable feeling when a group accomplishes exponentially more than an individual. I imagine that is why surgeons call their home an operating theater."}]}