{"schema":{"fields":[{"name":"index","type":"integer"},{"name":"personal_essay","type":"string"}],"primaryKey":["index"],"pandas_version":"0.20.0"},"data":[{"index":0,"personal_essay":" If you are an amateur ice-skater as I am, then you understand the wrenching feeling as your legs give way on the ice. Shock. Fury. Helplessness. The same numbing panic washes over me when the emcee calls my name for Phillips Exeter Academy's Summer Variety Show.My gladiator sandals slap the floor like beaver tails as I make a beeline to center stage. I seat myself on a wooden chair. Like a content, chirping cat, my guitar sits upright in my lap. I finally harness a flicker of courage to lift my eyes and scan the audience. It is dark. It is hushed. It is patient. Two microphones taunt me with the dreaded truth that every stifled breath I take is broadcasted.'This is \\\u2018Safe and Sound' by Taylor Swift,' I say in a shaky, muffled voice. Already, I want to scurry off the stage, down the steps, into the hall, and reconsider what I'm about to do. But it is all too late.My paralyzed mind resorts to indictment. I blame...Jasmine. She had snatched my wrist and yanked me to the activities center's sign-up sheet. She had insisted I share my reserved passion for performing with the entirety of 'nerd camp' \u2013 an overwhelming eight-hundred students.Ironically, I had found myself gripping the pencil. I had been conscious of the impending doom, and still, I had scribbled down my name. I could've firmly voiced my trepidation to Jasmine and we'd never revisit the subject matter. Yet, I couldn't ignore the split second in which a twinge of hope and a pinch of anticipation ignited a spark resilient enough to kindle flames of curiosity. So, no. This is my fault.Adding to my uneasiness is something that hadn't occurred to me before: my guitar career had launched just five months earlier, when I had stumbled upon my neighbor's guitar. The brief interaction with the instrument left my incompetent fingers itching for more. I began taking the once-a-week lessons my school generously offered. However, none of my peers took the class seriously. They often skipped sessions and neglected their guitars; our lessons forestalled while the instructor attended to broken guitar necks and snapped strings. Weeks in, I realized that my peers, with their indifferent attitudes, did not share my passion for guitar. I was too ecstatic, too eager, and too impatient to stroll alongside the snail-paced course. In an attempt to acquire greater skill, I turned to self-instruction.Back onstage, the daunting reality is that most of my guitar knowledge derives from confusing internet videos, frustrating solitary practices, guesswork on music sheets, and my inventive yet 'improper' interpretation of the instrument, which can involve holding the guitar in seemingly awkward positions or strumming over the fretboard rather than over the sound hole. My legs proceed to vibrate like Model-T motors. I exhale slowly, begin my finger-picking routine, and lull the audience\u2026When the crowd roars, I beam so intensely that I am on the verge of tears. The subtle slip-up I endured mid-performance from my nerves can in no way undermine how elated I feel.I recall how harshly I had believed my peers would view my level of skill because of how harshly I had viewed it myself. However, I no longer consider that level a liability; instead I consider it an asset. As I walk offstage, overjoyed, I realize I cannot compare myself to others with 'better' circumstances\u2013those who have played instruments since they uttered their first sentences, those who have received a privileged music education, or even those who have had parents supportive of that education. What matters is embracing my individuality rather than imbedding myself into a hierarchy based on a generalized rubric for achievement that I clearly defy. Others are successful in their ways. I am successful in mine. Was my performance the showstopper? Probably not. More appropriately, was the performance my showstopper? You bet."},{"index":1,"personal_essay":"As the manager gives us a tour of our new sixteenth-floor apartment, my siblings and I determine how the bedrooms will be divided amongst us. Maria and I take the first room. When we enter, the first thing we register is that the room is far more spacious than our old room in Brooklyn. I sprint to the window. In front of me lies the horizon of a new city. My mother had called it Glasgow. Maria calls me over to see the new sheets, the new towels, the new everything. At the edge of the bed lies a peculiar bottle the size of my eight-year-old hand. Unable to understand any of the writing, I remove the top. I press my forefinger onto the smooth, rolling surface. It is wet and sticky like laffy-taffy. It smells like butterscotch.It isn't lotion, but before we know it, we are applying it over all over bodies \u2013 our legs, our arms, our faces, and our necks. We are sticky, but we sure do smell and feel like princesses. Even today, you can find me laughing at my ignorance. But for now, I'll try my best to use deodorant the right way.Start early! Also, find a systematic method for organizing all of your documents and essays so that you have saved drafts you could always revisit. "}]}