{"schema":{"fields":[{"name":"index","type":"integer"},{"name":"personal_essay","type":"string"}],"primaryKey":["index"],"pandas_version":"0.20.0"},"data":[{"index":0,"personal_essay":"Forced labor. Constant surveillance. Starvation camps. My 25-year-old dad decided to leave. He was disgusted by the idea of spending the rest of his life in the country in which he grew up, where neighbors betrayed each other to the secret police in hopes of gaining government favor and two million people died of hunger from the socialist economy's perpetual inability to produce food. My dad dreamt of coming to America; even the Iron Curtain could not prevent the spread of the peculiar news that the people in the United States were free. So, he disguised himself as a glass merchant (one of the few groups allowed to leave Romania, although only under strict surveillance) and jumped off a train in the Hungarian countryside with only the clothes he was wearing and about 100 dollars sewn into his shirt shoulder. The communists came for his parents a few days later. They jailed my grandpa; to this day, he does not speak of what they did to him. They never caught my dad. If they had, I would not exist.My dad is now a successful American physician. Although in my comfortable American life I am far removed from the daily hardships in communist Romania, hearing his story as a child ensured that I have always appreciated the variety of opportunities I am afforded simply because I live in the United States. His story has become integral to my identity and shaped the lens through which I view the world. I value my ability to receive an American education because it cost my family much more than money; it cost a gamble with death. I know that to compensate for the high price of my education, I must produce an immense return on the investment. Furthermore, learning the story of my dad's escape to the West taught me to prize the liberty ensured to Americans. I am privileged to live in a country whose government was instituted to protect liberty, rather than destroy it, and I am grateful for the unique cocktail of Enlightenment philosophies embodied in the free society for which my dad risked his life.Although I appreciate the privileges unique to this nation, being a child of immigrants guarantees I also value cultural diversity, especially because my personal identity is an odd blend of Romanian affability and American practicality. Having learned Romanian at home and English in kindergarten, I had always wanted to add to my repertoire a language that was a product of my own accomplishment and allowed me to communicate with people of a previously unapproachable culture. In middle school, I taught myself Spanish with textbooks, drilling myself on grammar rules for two hours a day until I was confident in my ability to converse fluently. That skill has allowed me to participate in a community to which I would otherwise have no exposure. I now teach Hispanic immigrants English and help them adjust to American society. As they piece together words into sentences and grow accustomed to guttural English R's, I see a reflection of my dad's similar attempts 25 years ago. As English begins to roll smoothly off the students' tongues, they are empowered to create new blends of their own principles, fusions of American values and their own traditions, like the one my dad passed on to me.My dad's illegal escape from communist Romania was perilous, but it has granted me access to new perspectives that have stretched my mind, redefined my culture, and motivated me to help others navigate their own immigration obstacles. The high price my dad paid for the lifestyle I was handed at birth is a testament to my privilege. I have been fortunate to reap the benefits of my dad's sacrifice for freedom.Describe an intellectual experience that has meant the most to you.Competing in math taught me how to think. I often tell people that if I had not participated in math competitions since the third grade, I would lack most of my current mental capabilities. Today, due to my high school's lack of an adequately funded and coached math team, I consider myself primarily a debater, but before high school, 'mathlete' was my identity. Competitive math gave me some of my best friends and most influential role models, as well as numerous trophies to display on my bookshelf. However, my most valuable acquisition was invisible, and one I did not appreciate until later: an ability to use logic to solve problems.Math competitions teach, but they don't give answers. They train you to deduce them yourself. Competitive success depends upon a profound understanding of how to manipulate mathematical concepts to produce solutions. You must decipher problems, separate distractions from relevant information, and invent tricks that fill in missing pieces of puzzles. You tackle tens of problems testing hundreds of different concepts whose linkages you race to exploit. In competition, math is not divided into geometry, algebra, trigonometry, and calculus. There is only logic, which can be applied to planes, variables, triangles, or curves. If you understand the logic of trigonometry, you can modify it at will and apply it to calculus. If you can't, you lose. Competitions train you to perceive the ways in which principles of mathematical reasoning connect numerous real-world situations. They teach you that 'thinking like a mathematician' means searching for deeper truths behind information to discover its broader implications.Competition math propelled my academic success by teaching skills that were conspicuously absent from my high school classes. Math classes in a large public high school prioritize efficiency over depth, sidelining critical thinking for speed. Rather than train me to devise my own solutions to problems, school math tells me to plug numbers into a memorized formula to produce an answer without ever questioning its logic. Why create new ways to solve problems when you can ace tests by following prescribed procedures? As a result, math classes, which should supposedly teach the logic and problem-solving skills crucial to every other academic discipline, instead leave students lacking the depth required to solve problems to which their memorized procedures do not apply.Had I not learned creativity and critical thinking from competition math, I would not have achieved much of my academic success. My debate skill relies on my ability to strategize and cleverly exploit opponents' logical errors. I learned Spanish grammar by envisioning nouns and verbs as components of an equation that fit together in a particular way to produce meaning. My chemistry and physics classes required little effort once I understood the logical behavior of molecules and waves; the formulas in my textbook were simply written representations of those rational conclusions and could be reinvented at will. The realization that my studies in every subject simply required different applications of the same mathematical problem-solving principles I had learned in the third grade empowered me to maximize my education.Competition math has changed the way I learn. It has succeeded where school has often failed: in teaching me to seek deeper connections behind concepts and pursue knowledge beyond the realm of mechanical fact memorization. Competitions revealed to me that although 'critical thinking' is a common catchphrase on the lips of politicians who claim to improve schooling, it is meaningless absent an educational system that prioritizes depth, logic, and inquiry. To be authentic, learning cannot be superficial. Blindly following a script does not require thought or promote intellectual growth. Instead, competition math empowered me to write the script myself."},{"index":1,"personal_essay":"Competing in math taught me how to think. I often tell people that if I had not participated in math competitions since the third grade, I would lack most of my current mental capabilities. Today, due to my high school's lack of an adequately funded and coached math team, I consider myself primarily a debater, but before high school, 'mathlete' was my identity. Competitive math gave me some of my best friends and most influential role models, as well as numerous trophies to display on my bookshelf. However, my most valuable acquisition was invisible, and one I did not appreciate until later: an ability to use logic to solve problems.Math competitions teach, but they don't give answers. They train you to deduce them yourself. Competitive success depends upon a profound understanding of how to manipulate mathematical concepts to produce solutions. You must decipher problems, separate distractions from relevant information, and invent tricks that fill in missing pieces of puzzles. You tackle tens of problems testing hundreds of different concepts whose linkages you race to exploit. In competition, math is not divided into geometry, algebra, trigonometry, and calculus. There is only logic, which can be applied to planes, variables, triangles, or curves. If you understand the logic of trigonometry, you can modify it at will and apply it to calculus. If you can't, you lose. Competitions train you to perceive the ways in which principles of mathematical reasoning connect numerous real-world situations. They teach you that 'thinking like a mathematician' means searching for deeper truths behind information to discover its broader implications.Competition math propelled my academic success by teaching skills that were conspicuously absent from my high school classes. Math classes in a large public high school prioritize efficiency over depth, sidelining critical thinking for speed. Rather than train me to devise my own solutions to problems, school math tells me to plug numbers into a memorized formula to produce an answer without ever questioning its logic. Why create new ways to solve problems when you can ace tests by following prescribed procedures? As a result, math classes, which should supposedly teach the logic and problem-solving skills crucial to every other academic discipline, instead leave students lacking the depth required to solve problems to which their memorized procedures do not apply.Had I not learned creativity and critical thinking from competition math, I would not have achieved much of my academic success. My debate skill relies on my ability to strategize and cleverly exploit opponents' logical errors. I learned Spanish grammar by envisioning nouns and verbs as components of an equation that fit together in a particular way to produce meaning. My chemistry and physics classes required little effort once I understood the logical behavior of molecules and waves; the formulas in my textbook were simply written representations of those rational conclusions and could be reinvented at will. The realization that my studies in every subject simply required different applications of the same mathematical problem-solving principles I had learned in the third grade empowered me to maximize my education.Competition math has changed the way I learn. It has succeeded where school has often failed: in teaching me to seek deeper connections behind concepts and pursue knowledge beyond the realm of mechanical fact memorization. Competitions revealed to me that although 'critical thinking' is a common catchphrase on the lips of politicians who claim to improve schooling, it is meaningless absent an educational system that prioritizes depth, logic, and inquiry. To be authentic, learning cannot be superficial. Blindly following a script does not require thought or promote intellectual growth. Instead, competition math empowered me to write the script myself.Describe an intellectual experience that has meant the most to you."}]}