{"schema":{"fields":[{"name":"index","type":"integer"},{"name":"personal_essay","type":"string"}],"primaryKey":["index"],"pandas_version":"0.20.0"},"data":[{"index":0,"personal_essay":"] The phrase 'the greatest nuclear disaster in history' reverberated in my head, but the only thing that stood out to me when I arrived was the silence. The entire town of Pripyat, the former site of the Chernobyl nuclear reactors, was deserted, with trees growing straight through the abandoned houses, the inhabitants of which had fled over twenty years ago. The impact of such a disaster, visible in the various forms of cancer it caused in surrounding areas, as well as the thousands of people who had to flee their countries, was seen here only in the desolate, overgrown streets... I saw our past in a young girl I met named Katya, whose family had to move to the corner of Belarus most distant from the border with Ukraine. At age 10, she bore large abdominal scars from multiple surgeries to remove her gastric cancer. When I told her that I lived in the United States, her parents insisted that her cancer would have been cured with the medical technology we have so readily available. Their idealistic but inaccurate assertions helped me see the flaws in medical care and research in the United States, as well as the prevalence of corruption and lack of modern medical technology and treatments in less developed countries. There was no cure at all, not even in a country like America, but I couldn't bring myself to tell them about the flaws of medicine in the 'land of opportunity.'... "},{"index":1,"personal_essay":"Flipping through channels on my grandmother's ancient television, I tried to find something that wasn't just static. Coming upon a Bollywood channel made me feel simultaneously confused and intrigued; how could the same Russians who created an existential children's cartoon about a hedgehog enjoy the lighthearted song and dance that comprised the core of Bollywood culture?Since I discovered that Bollywood channel, wedged between old Soviet cartoons and Russian news updates, I have been fascinated by the junctions where cultures meet: the serendipitous connections, shared core values, and the sometimes illogical yet deeply ingrained rifts between them. Spending the past summer in Estonia let me embrace those chinks, boundaries, and connections. I was immersed in Russian studies and heard Estonian, Russian, English, and Finnish spoken on the streets. I even got to practice my Spanish with a Peruvian man! Living through that combination of languages and customs, constantly moving and changing around me, made me feel like I was in a gorgeous cultural kaleidoscope.Individual languages change over time, but they still link us and express our insatiable desire to communicate with others, to help those we do not know and barely understand. I've been trying to reconcile the different cultures and languages that make up my background for sixteen years. However, the more places I go and the more cultures I experience, the less I feel the need to try to change part of me to fit in. The cultures I am made up of can coexist without compromise.'What's the age at which it stops being acceptable to say \\\u2018I like to play' without a direct object immediately after?'At Duke, work and play are not mutually exclusive. I will take challenging Russian and Hindi courses, and later brush up on my grammar with Duolingo, developed by Duke alumni. A Duke education is interdisciplinary and personal, to the point where I could grab FLUNCH with my Russian Art and Politics professor after discussing how a combination of molecular biology and biochemistry can help identify proteins involved in the spread of malaria at the Derbyshire Lab. A Duke education has a global scope that extends beyond the classroom. The immersive DukeEngage program would give me the opportunity to pursue my diverse interests outside of Durham, whether they involve working with the St. Petersburg Ministry of Health or volunteering at the PRS Rehabilitative Relief Center in Kochi, India.'Anything with chemistry is a good field for Russians. We had Mendeleev!'The combination of that encouragement from my relatives and an education at the Wiess School of Natural Sciences will provide me with opportunities to succeed at Rice. The plethora of research in Rice's natural sciences department would help me prepare for medical school and enrich my undergraduate academic experience. The education at Wiess is focused but interdisciplinary, with seminars ranging from what the depiction of monsters tells us about medicine to the chemistry of cooking. Rice's pioneering spirit is most obvious to me in the fields of biology and chemistry, especially because of the availability of research that I plan on pursuing. Whether I choose to study systems biology or nanotechnology's potential in cancer research, I can perform research at the school's research centers or nearby at the Texas Medical Center. I wish my big city were a small town.-----, Florida: largest city in the contiguous United States by area, where each of my friends lives twenty minutes away in every direction. Of course, I understand that Houston is far from a small town, but even in Houston I can get the close-knit atmosphere I want at Rice due to the residential housing system. The Oxford (and Hogwarts) style housing would introduce me to Rice students from all over the world, whose interests and experiences span far beyond my own.I first came across Rice University in passing while reading about buckminsterfullerene in my chemistry textbook. After seeing the name repeated, often in reference to Robert Curl and Richard Smalley, I did my own research into Rice's biochemistry department. The focus on undergraduate participation in research would provide me the opportunity to conduct research that relates to my postgraduate interest of pursuing an MD, especially since Rice's BioScience Research Collaborative examines human wellness through science. Although I plan to pursue an education based in biochemistry, Rice's interdisciplinary approach to learning would let me branch out past a typical undergraduate experience.  I would be able to take courses on South Asian writers and colonialism's impact on their identity, the biology of cancer, or Brazilian modernism because of the flexible graduation course requirements. My education at Rice has no limits, and the subjects I will study are as interconnected as the hexagons and pentagons of the buckyball.Flipping through channels on my grandmother's ancient television, I tried to find something other than static. Coming upon a Bollywood channel made me feel simultaneously confused and intrigued; how could the same Russians who created an existential children's cartoon featuring a hedgehog enjoy the lighthearted song and dance that comprised the core of Bollywood culture?Since I discovered that Bollywood channel, wedged between Soviet cartoons and Russian news updates, I have been fascinated by the junctions where cultures meet: the serendipitous connections, shared core values, and illogical yet deeply ingrained rifts between them. Studying abroad in Estonia last summer let me embrace those connections. I was immersed in Russian studies and would hear Estonian, Russian, English, and Finnish spoken on the streets. I even got to practice my Spanish with a Peruvian man! Living in that combination of languages and customs, constantly moving and changing around me, made me feel like I was in a gorgeous cultural kaleidoscope.While in Estonia, I began to see the direct effects of globalization on science and technology. I discussed the economic and environmental effects of Estonia's refinement of large amounts of shale oil with my host mother. I learned about the differences between careers in chemistry in Russia, Estonia, and the United States from the chemical engineer who runs Narva's youth center. These conversations about the global value of careers in science led me to realize that the impact of my work does not have to be constrained locally, or even nationally. Studying abroad made me realize that I want to be able to help others around the world, instead of just those immediately around me. This change of perspective makes me eager to study abroad through Rice, and to serve as a Study Abroad Ambassador when I return.The ease of interaction and cultural transfer between countries that once seemed worlds apart is unprecedented and is affecting mass media and linguistic development on a monumental scale. If language and mass media are meant to preserve a country's unique culture and heritage, then that task has become defensive against the obvious aggressors \u2013 the English language and Western culture. Russians often joke that Russian leads the languages of the world, but only in the number of words adopted from other languages, namely English. I've walked down the streets of formerly Soviet-occupied countries and heard 'love' or 'friend' pepper otherwise-Russian speech, and the first Bollywood movies I discovered were filled with far less \\\u2018Hinglish' than those I watch now.We are all faced with the changes that accompany rapid globalization and the \\\u2018global village'. I've been trying to reconcile widely varying cultures for sixteen years, but the more cultures and languages I understand, the less I feel the need to try to change to fit in. The cultures I am made up of can coexist without compromise., and I want to help other students feel the same way by working with the Office of International Students and Scholars to make international students feel welcome at Rice.Student self-governance, which encourages student investment and initiative, is a hallmark of the U.Va. culture. In her fourth year at U.Va., Laura Nelson was inspired to create Flash Seminars, one-time classes which facilitate high-energy discussion about thought-provoking topics outside of traditional coursework. If you created a Flash Seminar, what idea would you explore and why?Please provide your response here:Kaleidoscopic Cultures: A Flash SeminarI am far from fluent in Hindi, but there are moments when even I, a beginner, don't need subtitles while watching a Bollywood movie. I've walked down the streets of formerly Soviet-occupied countries and heard 'love' or 'friend' pepper otherwise-Russian speech. If language and mass media are meant to preserve a country's unique culture and heritage, then that task has become defensive against the obvious aggressors \u2013 the English language and American culture. Russians often joke that Russian leads all other languages, but only in the prevalence of words adopted from other languages. The world is becoming more and more connected, but this seems to just push cultures toward the American example. Russian replications of late-night talk shows are no longer uncommon, and Bollywood movies are starting to replace their characteristic cut-scenes to lovebirds dancing in meadows with club scenes in busy cities.The ease of interaction and cultural transfer between countries that once seemed worlds apart is unprecedented and is affecting mass media and linguistic development on a monumental scale. Although I once considered language immutable, I've seen it change; the first Bollywood movies I discovered were filled with far less English dialogue than the ones I watch now, and I've noticed a sharp increase in the English incorporated into my Belorussian cousins' conversation. The shifting cultural environment that comes hand-in-hand with the information age is filling in the chinks between cultures. If I led a Flash Seminar, I would explore the cultural and linguistic connections that bind us and those that seem to divide us through the lens of the cultures that I've encountered directly through language studies and indirectly through pop culture and independent study."}]}