{"schema":{"fields":[{"name":"index","type":"integer"},{"name":"personal_essay","type":"string"}],"primaryKey":["index"],"pandas_version":"0.20.0"},"data":[{"index":0,"personal_essay":"Class \u2013 Breakfast \u2013 Class \u2013 Assembly \u2013 Class \u2013 Break \u2013 Class - Lunch Break \u2013 Class \u2013 Dinner \u2013 Class \u2013 Sleep \u2013 Then do it all over again the following day. Through my four years of doing this same daily routine at Marian Boys School in Tanzania I learned many basic things of life: I learned how important it was to get up at 4am to locate a bucket of water so I could have a shower to start my day; I learned that if I had total recall of all that was written on my teachers' blackboard I would do well on my examinations; and I learned in my overcrowded dormitory how to twist and turn my body just right to gain maximum space for sleeping. This was my life before I was selected to join Haven of Peace Academy (HOPAC) two years ago.When I transferred to HOPAC, I realized that the strict structure of Marian Boys' had shaped me to become disciplined and self-motivated in my studies. However, it didn't take me long to realize that the Tanzania National curriculum schools, like Marian Boys' were completely missing out on another important part of education, that there was a life outside the classroom.I was trained by the National curriculum schools to memorize, memorize, memorize. What was written in the book was the truth and I had to know it, recite it, and write it just the way I read it. I was taught to study so I could answer the all-important examination questions, forgetting that I'd have to actually think for myself in the future. The curriculum I encountered when I joined HOPAC completely changed my mindset and opened me up to a broader way of thinking. I learnt I couldn't succeed by cramming notes only but I needed to understand and learn their application in real life. HOPAC helped me recognize that there was more to being a student than academic success; this unique school was about helping me to developing into a whole person.My mindset was completely revolutionized when I first entered HOPAC. I was encouraged to not only join a multiple of sports teams, but the student government, school band, community service, and drama as well. Throughout my time at HOPAC, I was encouraged to discover new passions just as much as my studies. Motivated by the teachers to join the student council, I was both excited and anxious to take on a leadership role and quickly learned to value the opinions of fellow students; gaining respect through new friendships. Through an outreach service to a handicapped work center, I learned a whole new life perspective through the people I worked with. In my first all-school assembly at HOPAC I saw the school band perform and eagerly awaited my opportunity to join them. When I joined them, I quickly joined with my guitar, but soon learned that I had a passion to share my gift of music and offered guitar lessons to others. Even the playing on sports teams at HOPAC has a different emphasis, learning that teamwork, sportsmanship and commitment was just as important as winning.Without taking away from the importance of books and studies in education, I have come to strongly believe that students need a creative mind and a balanced social life to be able to work around the material they receive in class, and this is what is missing in our Tanzanian National Curriculum education system. When I was first selected to receive the full scholarship to study at Haven of Peace Academy, I was obviously filled with excitement, but I didn't truly know what was awaiting me. Confronted with a whole new life-style at HOPAC, I was happy to encounter a change, a change that has helped me to grow into a more prepared person to meet the challenges of today's world."},{"index":1,"personal_essay":""}]}