{"schema":{"fields":[{"name":"index","type":"integer"},{"name":"personal_essay","type":"string"}],"primaryKey":["index"],"pandas_version":"0.20.0"},"data":[{"index":0,"personal_essay":"I used to read a book a day. I'd go to the school library, grab a short book, read it during class\u2014under my desk, much to the ire of my teachers\u2014and return it that afternoon. My imagination was filled with talking mice, aliens, knights, and pretentious children. I mastered the art of reading while walking, reading while talking, reading while eating. I would take the worlds I found in books and bring them into imaginary play. The worlds became my own, and I loved the escapism. In third grade, I discovered the public library. The Phantom Tollbooth, with its whimsical setting and poetic characters, inspired me to write my first, albeit terrible, story. The images and beauty of The Golden Compass entranced me, and soon my dreams were filled with armored bears and warrior witches. Beyond stimulating my creativity, books enriched me. Childhood's End, and most sci-fi for that matter, gave me morality, embedded an anti-authoritarian value in me, and informed my personal beliefs about God as strongly as the Bible did. There was one book that fundamentally changed my worldview. Staying Fat for Sarah Byrnes challenged my previous views on issues as real as abortion and suicide, and as conceptual as the nature of religion, society, and personal values. Through empathizing with the characters' outsider status and living through their struggles, I became more human. I scorned those who favored their limited plastic screens and valiantly defended my expansive paper pages; that is, until my parents gave me my first computer. The rupture wasn't a drastic cut-off from words, but a slow and sure switch. Why read when you could watch? Why pick up a book when you could scroll? My skills of reading, walking, and eating with a book stayed with me as a phone replaced the novel in my hand. And to further the end of literature, the world became hostile to reading. I was suddenly too old for fantasy and sci- fi. To my peers, Lord of the Rings was cool as long as Peter Jackson was directing it, because who has the time to sit down and focus on one thing at one time? Books are antisocial, your face stuck behind a wall of paper. You should put down that silly nonsense and come have fun. Don't you want to be included? Adults, too, became an enemy of reading. You can't learn anything from a fantasy book. What's the use? It's all made up anyway. Who has the time? You should focus on what matters: school and reality.I read less, watched more. I hadn't completely severed my ties with words. I still read articles, albeit online; read biographies of my heroes, Walt Disney and Jim Henson; and read the books assigned to me by teachers. But to the imaginative worlds of my childhood \u2014 Wonderland, Jordan College, Mars \u2014 I was a stranger.The winter of my junior year, I finished my first fiction book in over three years: The Illustrated Man by Ray Bradbury. Sure, it was a collection of short stories and not a complete narrative, but when reading and immersing myself in a world where celestial blue orbs are God and rockets full of Edgar Allen Poe's creations ricochet through the sky, I was entranced. I never realized I had stopped reading, and it was not until the final word of the book that the realization dawned on me. I had destroyed what was once the greatest aspect of my personality, and I long more than anything to gain it back. Now, on my bedside table there sits a stack of five or six books, each brimming and pulsating with imaginative stories and beautiful worlds. With limited time between schoolwork and activities, reading these is no easy objective, but I attack it with glee, for I may finally return home to the pages and worlds of which I was born."},{"index":1,"personal_essay":"A classmate posited that the phrase 'ignorance is bliss' was true, and thus education was a hindrance to modern society. I disagreed. However, this conversation led me to some philosophical conclusions about why I study. I realized that God is, in part, infinite knowledge, and the purpose of life is the pursuit of that knowledge. I love creating theatre, and thus I create with diligence for I believe that it explores the emotional truth. But I also am interested in physics, math, and many other subjects because these disciplines aid me in uncovering other aspects of the infinite, divine truth.Time is the ultimate limitation, and I am constantly frustrated with my lack of it. I cannot study all the subjects, do all the activities, or engage in all the relationships that I want to learn, do, and be in. It is this frustration that leads me to seek a campus and education like Yale's: one that allows easy access to a variety of subjects and creates strong student-teacher relationships; one that is constantly bustling with a large variety of student activities; one that will propel me to a productive future. Yale will not limit me, only help me expand.Throughout human history, we have told stories. We have always felt the need to create narratives that illustrate the hopes, fears, and pains of each stage of humanity. From Beowulf to Achilles to Jay Gatsby to Luke Skywalker, we have conceptualized ideas of heroism and valor and have pitted these conceptions against the evils in the world from the monster Grendel to the fascist Galactic Empire. Building off the works of Joseph Campbell and other notable folklorists, I would teach classes on heroes and villains and how our ideas on good and evil have evolved over time. Through ancient texts and modern movies and television shows, we would explore the archetypes of a hero and a villain and what that tells us about the period in which these works were created.Socrates is attributed to the phrase 'the unexamined life is not worth living,' an adage that I have taken to heart in all my academic pursuits. I find joy in understanding every bit of phenomena this world has to offer. It is this pursuit of examined knowledge that has led me to this idea for a class. I wish to create new stories through theatre, but in order to do that, I must understand the stories that have come before. Not simply comprehend the basic techniques of a three-act structure or fully formed character, but I must grasp why these stories exist they way they do. I think this lesson is applicable throughout the Reed community, not only for myself or the subsection of the school that creates new stories through writing and art, but also for those who work in conceptually different areas. For example, historians might not think that understanding why heroes are considered heroic is important to their work, until they realize that all major historical players were at some point idolized as heroes. I believe every member of the Reed community can find meaning in these classes for the perspective and insights they can provide.  At my school, there is a group of kids who often descent to the basement of the Arts building to play music. Drawn from different parts of the school community, they are joined by their love of music for these informal jam sessions. While I would not say I am a musician or particularly talented in any instrument, I come to these sessions and play. Perhaps one day there is no drummer so I smash out a basic beat, or another day there is need for a guitar so I'll play three easy chords. No matter how bad I am, there is always a place for me, and the other musicians respect me. It is this lack of talent that I see as my strength. Often, friends of mine have wished to join this community but were too insecure about their own abilities. Because I am not intimidating, I am able to convince my friends to join us and thus introduce them to the joy of informal, improvised music. There is nothing greater than the excitement of someone playing with us for the first time, and I am glad that I have a small role in that tradition.On the final night of the Choate Fringe 2016, we gathered in the calm, empty theatre and began to undo everything we had worked to create. Everyone \u2014 actors, directors, stage managers \u2014 packed up props, folded away costumes, and deconstructed sets.I remember collecting all the props for the play I directed when I was hit with a feeling of immense pride. I was proud of my show, that I was able to put a concrete vision on a stage. I was proud of my actors and their glorious ability to take my direction and mold it into their own style to create a distinct production every night. But above all, I was proud to have been a part of a show that had brought 20 or so talented people together to create something expressive, unique, and meaningful.That pride is why I do theatre. Not every show gives me that emotion--I often feel as though I could have done more or that the many members of the ensemble could have worked together more effectively. But whether I act or work behind the scenes, the shows that do provide that pride are what drive me to create more.When I first visited Northwestern University as a Theatre Arts Cherub this past summer, I was awed by the beauty of the campus. I remember walking out of the Louis Theater and seeing the skyline of Chicago across Lake Michigan. I stood for a moment and took in my surroundings: just me, Chicago, and Northwestern. In this moment of tranquility, I realized that I was pulled to Northwestern, that I could see myself thriving here, and that NU could become my home.In considering the skyline, I was not thinking of the campus beauty, although it did help, but of the amazing opportunities Northwestern offers me to pursue my passion of theatre. I never feel more inspired, invigorated, or fulfilled than when I am working on a show, no matter whether I am acting, designing, directing, or producing. Through a strong curriculum that encourages and supports exploration and variety, Northwestern will help me learn and grow as a student, artist, and human without limiting me to one facet of theatre. I can study acting, playwriting, directing, theatre history, and more. Limitations on me seem to be few.However, the greater motivator for attending Northwestern is its strong student theatre community. I believe one learns best by doing and thus having upwards of 60 productions presented by the Student Theatre Coalition on which to hone my craft is an opportunity I cannot resist. I want to work as much as I can, as often as I can, in as many roles as I can, and Northwestern provides that for me. If I truly wanted to, and I do, I can work on a different production a week.  These unique opportunities made me feel at home on that July day and I hope to have the privilege to take advantage of them.I never feel more inspired, invigorated, or fulfilled than when I am working on a theatrical production, no matter what role I take. The feeling of helping to create a story on a stage is one I crave and pursue with diligence, and the immense pride I feel at the closing of a show reinforces that belief. I remember closing a show I directed my junior winter and being so proud of what I and my actors had created, proud to have been a part of a show that had brought 20 talented people together to create something expressive, unique, and meaningful. Not every show gives me that emotion--I often feel as though I could have done more or that the ensemble members could have worked together more effectively. But the shows that do provide that passion are what drive me to pursue theatre as aggressively as I do.I recently had a conversation with a fellow student at my school on the topic of ignorance. He posited that the phrase 'ignorance is bliss' was true, and thus education was a hindrance to modern society. I felt otherwise. However, this conversation led me to some philosophical conclusions about why I study what I do. I realized that the conception of God is, in part, infinite knowledge, and that the purpose of life is the pursuit of that knowledge. I love creating theatre, and whether acting, designing, directing, or producing, I pursue that interest with great diligence for I believe that it studies the emotional truth of our world. But I also am interested in physics, math, linguistics, history, and, of course: philosophy for I believe that these disciplines aid me in uncovering other aspects of the infinite, divine truth.I have always viewed time as my most valuable resource. It is the ultimate limitation, and I am constantly frustrated with my lack of it. I cannot study all the subjects, do all the activities, or engage in all the relationships that I want to learn, do, and be in. It was this frustration that led me to seek out a liberal arts education, and specifically, an open curriculum exactly like that which Brown offers. I want to pursue my passion in theatre, but I am also extremely interested in other subjects from STEM to the humanities. Brown offers me one of the strongest theatre programs in the country, particularly student-run theatre, while also allowing me to take any class I want in any discipline. When I visited Brown in April, this concept excited me to no end. I have many passions, and Brown lets me pursue them all.I have never lived in the same place for more than three years. Jumping between parts of New York City and Connecticut defines my life. I was born in NYC, then moved to Ridgefield, CT, then back to NYC, where I lived in three different apartments. Now I live concurrently at a boarding school in Wallingford, CT, my mom's apartment in Queens, and my dad's in the West Village. Except the last, these moves were not my choice. I chose to go to Choate, and by doing so, I gained ownership of my life that the other moves denied me. I often play music with other students below the Arts Building. While I have no particular musical talent, I fill any role I can. One day there is no drummer, so I smash out a basic beat. Another day a guitar is needed, so I play three easy chords. No matter my ability, I always have a place and the other musician's respect. We are all friends in these sessions, even if I rarely see these kids outside. We all want to play beautiful music. This common goal binds us together to create a community of respect, understanding, and fun.I love theatre. I never feel more inspired, invigorated, or fulfilled than when I am working on a show, no matter whether I am acting, designing, directing, or producing. The feeling of helping to create a story on a stage is one I crave and pursue with diligence. This love for all aspects of theatre is why I have chosen the Theatre Arts BFA. I started my life in theatre as an actor, but have since found joy in directing and technical theatre. I feel that if I were to limit myself to only one facet of the experience of creating theatre, I would be doing myself a disservice. The real joy of making theatre involves communicating a story to an audience, and I aspire to do that any way I can. Emerson's program offers me the chance to work in different disciplines, the opportunity to follow the path of others who have left Emerson to pursue careers in theatre, and its unique bicoastal campus.The title of my story would be 'No More than Three' referring to the fact that I have never gone to the same school for more than three years. This constant moving has provided me both with new opportunities and some challenges. What I've learned has significantly impacted whom I am today. By having the freedom to, in a sense, reinvent myself every three years, I understood I was evolving intellectually and socially. But I also had to adapt to new environments and thus accustom myself to new values and ideas. By constantly shifting social arenas, I learned to make friends fast and keep them when I left. Most importantly, however, because the last two school changes have been of my own choice, I learned that I have control over my life. To me, my past school changes have defined me and my story. I anticipate with great excitement the possibility of finally having a full four years at Emerson and writing the school into my story.I decided to apply to the School of Dramatic Arts after visiting USC in March 2016. Walking on the campus, the environment just felt right. The feel of the campus suggested to me a strong community full of opportunities. Since I know I want to study theatre, I  took a tour focused on Dramatic Arts. Walking through the performance spaces and talking to the students, I was entranced by the possibilities the school offered. I was particularly interested after being told about the Independent Student Productions that would allow me to create my own work. The fact that there is such a culture of student work excited me and the opportunity of possibly doing one myself only adds to that excitement. To be frank, I have no idea what to expect from college. In some ways I may be having a college experience right now. I have lived in a dorm for years and have learned to be efficient in monitoring and regulating how I use my time. I do not have my parents overseeing what I do. I have learned to be self-reliant. I only hope that at USC I can focus on working on what I love and leave the school with much more knowledge and practical experience. At this point, I have no clear path after graduating. I want to work in theatre, in particular, I want to direct professionally. But, I am also aware that making a career in theatre is hard, thus, I am very open to working backstage as a stagehand, designer, or stage manager. I also do not want to lose my love of acting, so I am considering the possibility of continuing that passion through a career. Perhaps I may write more, try my hand at producing, or even go into teaching. I believe that making any definite decisions about what I will want in four years is silly. I recognize that I will change, my interests will change, and my artistic wants will change. I know that to survive professionally in theatre I need to be open to participating in many of its aspects. But, I believe USC can help me develop and change, can mold me into a more open, compassionate person and artist while focusing my goals so that I can enter the theatre world ready to take on any challenges and reach my full potential.The only extenuating circumstance that may have affected my academics is that I have changed schools several times. In fact, I have never attended the same school for more than three years. At first, I was switching schools because my family was moving, but more recently I have changed schools on my own accord, choosing to attend Hunter and then Choate. This constant shuffling provided me with new opportunities and many challenges but ultimately, I believe it has improved my academic performance. I have never had the time to really develop roots anywhere, to make long-lasting friends, but by shifting social arenas, I developed the confidence  to walk into any room, start a conversation, and make new friends quickly. By having the freedom to, in a sense, reinvent myself every three years, I have been able to evolve intellectually and socially, to adapt to new environments and accustom myself to new values and ideas. And since the last two school changes have been of my own choice, I learned that I have control over my life. But the greatest knowledge I have gained is a sense of fearlessness. I do not dread the new, but face it head on as I have done many, many times before. Strangers, strange places, and strange ideas are not scary, just different, exciting, and fun.  I think this shifting past has made me a better student and person. I am hungry for the new, to supplement my education with diverse ideas, opinions, and stories since I was always being exposed to a plethora of unique people. To me, different is interesting and beautiful.Last year, I decided to start waking early. I was frustrated with my lack of time and productivity and believed that rising at six would give me the boost I craved. The first few nights I spent in bed staring at the ceiling, desperately trying to convince my body to sleep. The next morning, I would haul myself out of the warm, cozy comfort of my sheets, even as my mind begged me to return. Slowly, my body accepted this rhythm as natural.Soon, I learned to love early mornings. The world seems to be at its brightest, and, now, waking up early means I am starting the day not with school, but with some calm personal time. Suddenly, the piercing squawk of an alarm does not force me to rush out the door, but instead signals the commencement of a full and fulfilling day of which school is but a part. And, I quickly learned the value of morning time. I have time to complete whatever activity I could not in the evening. Whether it's taking an early morning walk in the brisk air, reading a book while drinking a cup of coffee, or eating breakfast and reflecting on the day. Mornings collect me and my thoughts.My friends think I'm crazy, and I'm probably sleeping for half as long as I should, but I wouldn't change my schedule. I get my morning time to think, relax, and enjoy before the hustle of the day begins.I love theatre. I never feel more inspired, invigorated, or fulfilled than when I am working on a show, no matter whether I am acting, designing, directing, or producing. The feeling of helping to create a story on a stage is one I crave and pursue with diligence. This love for all aspects of theatre is why I have chosen the Theatre Studies BA. Ithaca's program offers me the chance to work in different disciplines, the opportunity to follow the path of others who have left Ithaca to pursue careers in theatre, and the unique study-abroad opportunities in London and Moscow. I started my life in theatre as an actor, but have since found joy in directing and technical theatre. I feel that if I were to limit myself to only one facet of the experience of creating theatre, I would be doing myself a disservice. The real joy of making theatre involves communicating a story to an audience, and I aspire to do that any way I can. I love theatre. I never feel more inspired, invigorated, or fulfilled than when I am working on a show, no matter whether I am acting, designing, directing, or producing. The feeling of helping to create a story on a stage is one I crave and pursue with diligence. To that end, I have acted in many productions since I was very young, at least six in my high school career, and more recently have been involved in the technical side through stage managing and running tech on shows. But what truly inspires me the most is directing. I started directing last year through a class at my school and directed two 15 minutes scenes that year: one as a final project for the class and one for a student-written play festival. I will be directing another show for this year's festival and hope to direct another, longer show in the spring. It was in working on these plays that I found my passion for directing and decided that this is the career I want to pursue. I find the process to be extremely rewarding, from first visualizing ideas to finally seeing them play out on stage. I love working with my actors to build together interesting characters and storylines. I think one of my greatest strengths is in encouraging and helping actors reach their full potential. I see theatre as an amazingly layered art form.  The writer creates a play that the director interprets and gives to the actor who then interprets it as their own. This is the beauty of theatre. I enjoy being able to facilitate these interpretations to create the best work possible. I know that the John Wells Directing Program can give me great training in this field by offering me an in-depth knowledge of the art. I think one learns best by doing and Carnegie Mellon University will give me hands-on coursework as both an actor and as a designer, expanding my abilities and opportunities.  I am excited by the student-produced Playground as well as the term spent working on off-Broadway productions. I believe that these opportunities will provide me with the ability to enter the professional world as prepared as possible.I am not fully sure where I see myself after college. I know I want to work in theatre, but I am open to many possibilities. Carnegie Mellon can help me strengthen my abilities not only as a director but also as an actor, designer, and stage manager. I am also interested in working in film and television, and Carnegie can teach me how to pursue working in these mediums professionally. Carnegie Mellon's dedication to broad, hands-on coursework and strong leadership are what draw me to the John Wells Directing Program and I believe I can contribute to the program and succeed in it.I attend a boarding school and live in a dorm with 20 boys. The best aspect of school involves living in a community of positive and loving people that feels like a family. It was for this community that I applied to be a prefect-- a senior dorm member who enforces rules, but also acts as a mentor and friend to younger students. As a prefect, I want to create that family for my prefectees and help them be better students and people. I have had many important and proud moments, ranging from the extreme\u2014dealing with sick students or aiding a harassment victim\u2014to the more mundane\u2014helping with math or advising on relationships\u2014but there is one issue which I feel encapsulates how I see myself as a leader.A stressed and overworked student came to me during the fall term. He was taking many AP level classes, and also had many club and other responsibilities. While we should push ourselves and pursue many interests, his involvement in too many activities was consuming his time so that he could not focus on his passion for art. He wanted to dedicate more hours to creating detailed and life-like charcoal portraits.We looked over his schedule together. For every activity, I asked him if he truly loved doing it. He said yes until we came to a club his friend had started. He did not care for the subject matter; however, his loyalty to his friend made him feel obliged to join. After talking it through, he decided to quit, and he has since focused on creating the art he loves. He recently submitted a piece to a museum contest and it was accepted. We went to that gallery opening and seeing the look of pride on his face when he saw his work mounted on the wall confirmed that I had helped him make the right choice.This moment cemented why I am a prefect. Not only did one of my prefectees come to me for advice because he trusted me, but I was able to help steer him to a positive direction, hopefully, making a long-lasting impact on his life. Theatre is where my passion truly lies, it is where I express myself, and I never feel more inspired, invigorated, or fulfilled than when I am working on a show, no matter whether I am acting, designing, directing, or producing. The feeling of helping to create a story on stage is one I crave and pursue with diligence. To that end, I have acted in many productions since I was very young, at least six in my high school career, and more recently have been involved in the technical side through stage managing and running tech on shows. Last year, I started directing and have fallen in love with that art. I find the process to be extremely rewarding, from first visualizing ideas to finally seeing them play out on stage. It is so satisfying to work with actors and together build interesting characters and storylines. I think one of my greatest strengths is in encouraging and helping actors reach their full potential. Theatre is truly a collaborative art in which every artist working a show helps to create a beautiful vision in their own unique way. The writer creates a play that the director interprets and gives to the actors who then interprets it as their own. The same goes for every designer or person on run crew.  Working together with these creative people to put our ideas on stage is what makes theatre the exceptionally beautiful art form it is, and draws me back repeatedly. I love seeing how a show I direct or character I portray changes from the first day to the last, built through collaboration with everyone around me. To me, that is true creativity, working with others to make something new and beautiful.The summer after my sophomore year, I had the opportunity to study in Paris. I wanted to improve my French, so I applied to a study abroad program and was one of 20 students accepted.During the first week, we visited some magnificent chateaux in the Loire Valley while studying art history. I remember touring the first ch\u00e2teau, wide-eyed at the surreal beauty of the thousand-year-old architecture, and being surprised when the teacher spoke in his rapid-fire French. I was not prepared for the reality that he would teach solely in French.I may not have comprehended much, if any, of that first lesson, but by the end of the five-week program, I understood Monsieur Poupard's lessons with ease. This change encapsulates my Paris experience. I went from lacking confidence in my skills to having full conversations with Parisians. One of our classes involved a project where we chose an aspect of French culture and studied it on our own, using the city as our classroom. My friend decided to study Parisian cuisine and took me to a Moroccan couscous restaurant. We ate one of the best meals of the entire trip and had an amazing conversation with the restaurant owner, completely in French, about his Morrocan heritage and being an immigrant. For my project, I studied film history, combining my love of the subject with my experience in France. I spent many afternoons alone in the Cin\u00e9math\u00e8que, pouring over the archives and talking to other museum-goers. At the end, I wrote an essay in French on how the French New Wave paid homage to the earliest films. It is one of my favorite essays.During my time in France, I met amazing people and learned so much about French history and culture. But more importantly, I became much more confident in my abilities as a French speaker. While my vocabulary has waned since then, as it does when not in use full time, that confidence and the memories I made, stick with me.I have never attended the same school for more than three years. My family moved several times when I was young and this provided me with new opportunities and many challenges. I have never had the time to really develop roots anywhere, to make long-lasting friends, but by shifting social arenas, I developed the confidence to walk into any room, start a conversation, and make new friends quickly. By having the freedom to, in a sense, reinvent myself every three years, I have been able to evolve intellectually and socially, to adapt to new environments and accustom myself to new values and ideas. And since the last two school changes have been of my own choice, I learned that I have control over my life. But the greatest knowledge I have gained is a sense of fearlessness. I do not dread the new, but face it head on as I have done many, many times before. Strangers, strange places, and strange ideas are not scary, just different, exciting, and fun. I think this shifting past has made me a better student and person. I am hungry for the new, to supplement my education with diverse ideas, opinions, and stories since I was always being exposed to a plethora of unique people. To me, different is interesting and beautiful.I am drawn to the BFA in Performance with a Directing Concentration because I believe it will help me develop the skills, knowledge and practical experience I need to pursue a career in this medium that I love. I believe one learns best by doing and I believe Michigan can give me many opportunities to work, in particular, through the class projects and the Basement Arts company, which I am extremely interested in. I think that to make a career in theatre one needs to have a variety of skills. Through classes not only in directing but also in acting, design, and tech, Michigan can provide me with those necessary skills. The program also has classes in film and television that I am interested in exploring to learn about those arts and to expand my career possibilities. In a similar vein, the liberal arts portion of my education will broaden my knowledge and may allow me greater freedom opportunities after graduation.By working both in a studio and in a classroom, I will achieve a depth and breadth of study that will allow me to pursue multiple aspects of a theatrical career.By being taught by working professionals, I will gain useful insights on the profession that other programs will not give me. And, having the ability to work in professional and other theaters in the area, I will gain experience and understanding that will further supplement my education.  It is this mixture of hands-on, intimate work, variety in subject, and professional insights that leads to believe that Michigan's program will provide me with the best education possible in the field of directing. Whether I enter the workforce after college or continue on to a graduate program, I know that Michigan will provide the scope of opportunities and the tools I need."}]}