{"schema":{"fields":[{"name":"index","type":"integer"},{"name":"personal_essay","type":"string"}],"primaryKey":["index"],"pandas_version":"0.20.0"},"data":[{"index":0,"personal_essay":"Sulking, I sat in the corner of my parent's bedroom and watched my mom straighten my dad's blue tie. My parents were getting ready for a gala at the Presidential Villa, and I was not allowed to go because children weren't invited.  'Why can't children go?' I asked my dad, pouting.  'I can't say. Maybe you should ask the President,' he replied, with a playful wink.  Being six years old, I took what he said literally, so I stood up and went to look for writing materials. In purple crayon, I carefully composed a letter to the President, asking him to throw a party for children. Satisfied with my work, I gave my dad the letter; instructing him to make sure that the President read it. He chuckled and assured me that he would try his best.  Weeks later, my mother came to pick me up from school with a big smile on her face.  'Something came in the mail for you!' She exclaimed, waving an envelope in the air.  I entered the car, and my mom immediately pushed the envelope into my hand. I opened the letter and saw it was from the President's aide. It said that the President read my note and would throw a party for children at the Villa to celebrate Independence Day. I was also invited to give a speech. I had the biggest smile on my face as I showed the letter to my mom. I was on top of the world. However, I didn't know what my speech would be about. My mom's simple advice was to talk about something important to me.  On the day of the party, I put on my pink dress and sparkly gold shoes and waited nervously in the kitchen. My mom walked in, holding her purse in one hand and a hair tie in the other. She noticed the uneasiness on my face but didn't say anything as she braided my hair, tying it when she was finished. On the ride to the President's Villa, my nervousness was replaced with excitement. In a short time, I would meet the President of Nigeria. When we arrived, my parents and I were personally greeted by the President. It was an overwhelming experience. I had never been so excited, yet intimidated in my whole life. The spicy smell of Nigerian food, the white and green decorations, and the traditional music distracted me from my nervousness. However, that didn't last long because soon, I was invited to give my speech. Nervously glancing at my parents as I walked to the stage, I clutched the paper in my hand a little tighter. When I arrived at the podium, I cleared my throat and began. I expressed my gratitude to the President for including children in a celebration. Looking up, I saw people raising their hands, ready to clap at the end of my speech. But I continued. I shared my concern for children from low-income households who had to walk very long distances to school every day. I urged the President to allocate school buses for these children. I ended my speech with a smile and walked back to my parents, who sat proudly amidst a shocked audience. A few months later, it was announced that the Ministry of Education would allocate buses to public schools to pick up and drop off students.  I remember exactly how I felt when I heard the news. First, I was a little shocked. Even at that age, I knew what had happened was very rare. It was pretty unlikely that a speech from a six-year-old girl would have such an impact, especially in a society that wasn't always enthusiastic about the voices, opinions, or rights of children. Then, I felt euphoric, and I've been hooked on that feeling ever since. Since then, a yellow school bus has never looked the same to me."},{"index":1,"personal_essay":"'Those who cannot change their minds cannot change anything.' \u2014 George Bernard ShawA little over a year ago, my friend, Helmi, and I were having a pretty heated debate on socialism. She is Finnish, and saw socialism in a good light, and I am American, so I was a little more skeptical of it. I wasn't socialism's biggest fan when I left the argument, but I could recognize that my original opinion was very ill-informed. I wondered what else was distorted by mylens of bias. It was at that moment that I learned the importance of a different opinion.Swarthmore's commitment to diversity is what makes me so sure that it is a great fit for me. I firmly believe that education is not limited to what one learns in the classroom, but includes what one learns by relating with others. At Swarthmore, I will take full advantage of the privilege of having peers and teachers from all walks of life. Learning in such an environment will enrich me intellectually, and allow me to share my perspective with others.I want to broaden my worldview, becoming more inclusive and open-minded, and I believe that I will do this best at Swarthmore.I discovered Barnard College when I watched President Obama's 2012 Commencement speech on YouTube. After seeing the video, I pored over Barnard's website, eager to find out more about this college that I had never heard of before. Hours passed as I looked deeper into Barnard's history, mission, and culture. Without my noticing, my fascination with Barnard turned into admiration. My admiration turned into love when I visited. During the tour, as I walked through the breathtaking campus, seeing all that Barnard is and what it has to offer, I felt right at home. To me, there is nothing better than sisterhood and Barnard provides exactly this. An environment where a diverse group of ambitious women can learn from and support each other is unparalleled and is where I want to spend the next four years. Barnard is a place where girl power is well established in the campus culture, and just like the 700-foot sub sandwich that snakes through Barnard's campus every year, this can't be found anywhere else. A testament to the value of a Barnard education comes in the form of its alumnae which includes people like Maria Hinojosa, Grace Lee Boggs, Jeannette Walls and other Barnard women who have made a mark. I want to be just like them.If I ever have a daughter, I will name her Kathrine. Not Catherine, or Kathryn, but Kathrine. I am so adamant about the spelling because she will be named after, in my opinion, one of the most hard-core women in history: Kathrine Switzer. Under the name \\\u2018K.V. Switzer', Kathrine passed through the screening process of the 1967 Boston Marathon, and through an oversight, was able to participate. During the race, an official named Jock Semple tried to physically remove her, but her boyfriend, Tom Miller, shoved him aside, allowing her to continue. Finishing with a time of approximately 4 hours and 20 minutes, Switzer became the first woman to run the Boston Marathon. Kathrine Switzer's story is my favorite example of women breaking glass ceilings. Not only did she disprove the ridiculous notion that women were too fragile to complete such a feat, she inspired a change in the status quo. In 1975, the Boston Marathon finally allowed women to officially participate. If given the opportunity to have a conversation with her, I would talk to her about sexism in sports today. With the U.S. women's soccer team making substantially less than the men's team despite more victories, and female athletes being underrepresented in the media, I think that we would have a lot to talk about. I am a person who is considered to be faint of heart. I don't like haunted houses, roller-coasters, scary movies, or anything of that sort. I even get nervous on airplanes. So you can imagine my panic when I found myself hundreds of feet above the ground on one of the many suspended bridges in Kakum National Park's Canopy Walk, standing over one of Ghana's largest tropical rainforests.My mind was going a mile a minute as I inched my way across the bridge, commanding myself not to look down. I focused on what the tour guide was saying in an effort to distract myself from the less-than-pleasant thoughts that were going through my head. As we made our way into the heart of the rainforest, the tour guide shifted from talking about the history of the park to the vegetation and wildlife that were above at that time. The people in my tour group began to pull their cameras out and marvel at the view. Wanting to see what they were seeing and feel what they were feeling, I pushed my distress to the back of my mind and looked out at the rainforest. Mesmerized, I stared at the vivid green of the trees and bright red of the birds, wondering what I was so afraid of. I turned to fully face the landscape and took it all in, grateful that I did not allow fear to rob me of this experience.'The problem with stereotypes is not that they are untrue, but that they are incomplete.' \u2014Chimamanda Ngozi Adichie. I am Nigerian-American, and I am very appreciative of this fact. My Nigerian heritage awards me with an exposure to the beautiful country that is Nigeria, and the cultures and traditions that it holds. My American background presents me with liberal ideals that shape the way I look at the world. But the baggage (and blessing) that comes with a dual citizenship is that I am aware of the stereotypes that western countries have of non-western countries, and vice versa. I remember talking to one of my teachers about my Christmas vacation spent in Nigeria. At some point during the conversation, I mentioned that I went to the mall with my mom. She was very surprised that there was such a thing in Nigeria. On another occasion, I was in Lagos, visiting my grandmother. We were sitting on the couch together, and I was showing her some pictures that I took with my friends. She was shocked that none of them were obese.It is true that there are parts of Nigeria that are very rural and barely have electricity, not to mention malls. It is also true that there are people in the U.S. that are obese. However, these facts are not representative of either country, and it is unfortunate that people make judgments based on them. A solution to the plague of stereotypes is diversity. Surrounding oneself with people from an expansive variety of cultures and backgrounds broadens one's mind, and enables one to look past the labels. I strongly believe that a lot of our society's conflicts come from a lack of empathy that stems from a lack of understanding that can be fixed by ridding oneself of his or her prejudices. This is why I think Mount Holyoke would be a great fit for me. Its dedication to internationalism will provide me with an education where I can take advantage of the privilege of having peers and teachers from all walks of life. Learning in such an environment will enrich me intellectually, and allow me to share my perspective with others.I want to expand my worldview, becoming more inclusive and open-minded, and I believe that I will do this best at Mount Holyoke.'You guys are running the mile today.' These words, the worst words a person could say, came from my gym teacher on an uncharacteristically warm winter afternoon. Hearing them, I was not only heartbroken but also immensely confused. I had begged my counselor to schedule my gym class in the winter precisely because the snow usually prevented students from running the mile. But that year, unfortunately, Erie saw one of its warmest winters, and the administration decided that the conditions outside were good enough for us to run in. Pure, unadulterated dread consumed me as I walked behind my more eager classmates to the track. Taking place beside a girl who looked equally apprehensive, I took a deep breath and waited for the sound that would signify the beginning of the end.At the blow of the whistle, I pushed my uncertainty to the back of my mind and forced my legs to move. A rush of adrenaline provided a surge of energy that had me feeling especially motivated. I sprinted through my first lap. This is a breeze, I thought to myself. Why do I hate running so much?I was reminded why halfway into my second lap when I began to feel a fire in my legs. Everything in me was begging me to stop, even just for a minute, but for some reason, I kept going. Doing my best to ignore my burning lungs and chafing thighs, I managed to make it all the way through my third and fourth laps. Lying face-down next to the bleachers, I felt two distinct things. Externally, I felt pins and needles in my feet as they gradually regained feeling. Internally, I felt an immense sense of accomplishment and pride. I did it!It was a cloudy day on Heritage Hills Golf Course. My teammates and I were practicing for the State Championship that would take place the next day. As expected, we were very nervous, so we were very tense. Our golf swings were not fluid, and consequently, our balls would regularly land out of bounds. As the day went on, we got even more tense and our games worsened. On the last hole of my worst round of golf of the season, my second shot landed right on the edge of the water. Normally, one would pick the ball up and drop it at a spot with a better lie, but common sense was clouded by my frustration, and I decided to play the ball as it was. I immediately lost balance as I swung at the ball, and fell into the water. I swam up to the surface to see that the only thing that moved was me: the ball was still on the grass, untouched. I looked up at my teammates and we burst into loud, satisfying, boisterous laughter. Prompted by the college admissions process, I have put a lot of thought into why I want to go to college, and what I hope to gain from my college experience. The exercise of self-reflection was grueling and led to more existential crises than I am willing to admit, but I have come out on the other side, sure of what I want. I don't want my college experience to solely comprise of the memorization and regurgitation of information. I want to learn broadly and deeply, thinking critically and expanding my mind. This is why I could not have been more excited when I discovered the existence of the Wellesley Debates. I have always valued the importance of a different perspective and acknowledged the necessity of uncomfortable dialogue. Participating in these 'high-spirited intellectual jousting matches' will be an opportunity to challenge myself; an opportunity that I will gladly take advantage of.As excited as I was when I heard about The Wellesley Debates, I have to admit that I was even more enthralled when I learned about the sheer diversity of the Wellesley population. What caught my attention was that Wellesley College is not diverse only in terms of ethnicity and socio-economic class, but in terms of thought and experience as well. I firmly believe that a truly successful education should consist of formal learning as well as experiential learning. Having gone to a considerably homogenous high school, a Wellesley experience will be a breath of fresh air. Especially in light of recent events, I think the need for open-minded engagement is more dire than ever, and I cannot imagine a better group of people to engage with than the 'unclassifiable mass of humanity' that is the Wellesley community."}]}