{"schema":{"fields":[{"name":"index","type":"integer"},{"name":"personal_essay","type":"string"}],"primaryKey":["index"],"pandas_version":"0.20.0"},"data":[{"index":0,"personal_essay":"] One of the most important and influential figures in my life has been my maternal grandmother. Although less than five feet tall, my grandmother is a towering figure who personifies an unstoppable work ethic. Her example has exerted a huge influence on my personal and academic life.My grandmother was born in a small town in Durango, Mexico more than 80 years ago, and only completed school through the sixth grade (the highest level offered). She migrated to Mexico City where she met and married my grandfather, jointly ran a restaurant with him, and had four children (the youngest being my mom). Tragically, my grandfather was killed by a bus in Mexico City when my mom was only 13. Despite this loss, my grandmother worked tirelessly to run the restaurant by herself so that my mother and her three older siblings could continue their education, knowing that this would be the key for her children to move up in society and become successful. On the night of my birth, my grandmother traveled to the US so she could be by my mother's side. Since then, she has lived with my family for six months out of every year, residing in Mexico for the other six months. I am in awe of her quiet determination and her incredible work ethic. Every day she wakes up early and works in the garden, cleans, washes, cooks, reads, walks, and helps my family. I am grateful for her hard work and for the fact that she speaks only Spanish, giving me an opportunity to practice and improve my speaking skills in my second language. She also enjoys watching science fiction movies, like Star Trek, which is an interest that we share. I feel it's critical for me to continue my grandmother's legacy of a strong work ethic. I believe I have demonstrated this type of ethic with a 33 point improvement on the PSAT between my sophomore and junior year. My improvement was the result of intense, consistent reading and math practice over a two year period. I think my strong academic record has allowed me to lead by example within my Hispanic community. I have done volunteer work that includes tutoring students in chemistry and translating brochures into Spanish. I am constantly aware that my fellow students know that I am Hispanic, and I feel an enormous sense of pride in being both a National Merit Semifinalist and a National Hispanic scholar. I like to think that in some small way I might be helping my community by excelling in academic pursuits. Being one of the relatively few Hispanic students in advanced classes in my high school (especially math and science classes), I feel a sense of responsibility to perform, represent my ethnicity and lead by example.This summer in Mexico, I interacted with recent college graduates and it opened my eyes to new possibilities, issues, and questions about Mexican society. Young people seem very close to their families, have strong ties to their neighborhoods, and strong ideals about improving themselves. In many of these young people, I saw the same strong work ethic that my grandmother displays. These experiences motivated me to continue developing my leadership skills, to interact with other young leaders, and to expose myself to other cultures abroad. Because of my passion for computer science and my connection to Mexico, I hope to start a business in Mexico. If I succeed, this may benefit the United States in some small way, in that it is important to have a more stable, competitive, and vibrant society south of our border as both a trade partner and diplomatic ally. In becoming an effective leader, I hope to help Mexicans here and abroad, and perhaps even benefit my grandmother by improving the country in which she lives. "},{"index":1,"personal_essay":"Question:Please submit a one page, single-spaced essay that explains why you have chosen Carnegie Mellon and your particular major(s), department(s) or program(s). This essay should include the reasons why you've chosen the major(s), any goals or relevant work plans and any other information you would like us to know. For freshmen applying to more than one college or program, please mention each college or program to which you are applying. Because our admission committees review applicants by college and program, your essay can impact our final decision. Candidates applying for early decision or transfer may apply to only one college and department.Answer:I feel that I could make a valuable contribution to Carnegie Mellon. I have an extremely strong work ethic and a passion for math and science. I also enjoy working collaboratively with people of all backgrounds, and would welcome the opportunity to meet and interact with the students and faculty of Carnegie Mellon.One of the reasons Carnegie Mellon appeals to me is because it is an urban campus and is intertwined with the city of Pittsburgh. On my visit to the campus for Sleeping Bag Weekend, I was quite impressed with the school and pleasantly surprised by the city of Pittsburgh. I attended presentations on both engineering and computer science.  I am torn on which discipline appeals to me more, thus I am considering a double major. Although I have had more exposure to computer science, I am also very interested in the type of work that electrical engineers do.  My academic achievements include National Merit Semifinalist, National Hispanic Recognition Program Scholar, AP Scholar with Distinction, and Superintendent's Scholar.  My 225 on the PSAT was a 33 point improvement over my score during sophomore year, and was the result of intense reading and math practice over a two year period.  I repeated my success on the SAT, scoring a 2250 (superscored) including an 800 in Math.  I received the AP Scholar with Distinction award for getting fives on all the AP exams I have taken, including AP Computer Science, AP Spanish Language and Culture, AP World History, AP US History, and AP English Language and Composition.  I received the Superintendent's Scholar Award three consecutive years for having a 95 or higher in all regular classes, and an 85 or higher in all advanced and AP classes.  I am on track to receive this award for my senior year as well.  My unweighted GPA is 3.94.This challenging coursework has prepared me for the rigors of a computer science program at an institution like Carnegie Mellon.   In addition to the courses listed above, I am currently taking the AP English Literature course. While the humanities are often neglected by those pursuing careers in the STEM fields, I took these demanding courses  to ensure I am capable of communicating effectively.  My math classes, including all pre-AP level classes through pre-calculus, AP Calculus BC, AP Computer Science, Independent Study Computer Science, and AP Statistics have challenged me and prepared me for the more difficult math and computer science material that I would encounter at Carnegie Mellon.  The high level science courses I have taken, including Pre-AP Biology, Pre-AP Chemistry, Pre-AP Physics, AP Physics C (current), and AP Chemistry(current) demonstrate my passion for the STEM fields, and my ability to learn material quickly.  In addition to courses, the wide variety of extracurricular activities I have pursued demonstrate my love for computer science and my desire to learn more about this field.  My interest in computers and computer science began at age four when I played Trans-Con, a video game based on the construction of the transcontinental railroad, and since then I have taken every opportunity to learn more. During intermediate school, I took summer courses in C++, Flash, and Web design at the University of Houston Clear Lake.  I taught myself how to install and operate Linux on an outdated desktop PC, install Minecraft server software, and forward a port on my router so that I could host a Minecraft server.  During the summer of my sophomore year, I took a two-week course on Minecraft modding.  Most recently, I participated in Operation Catapult, a 2 \u00bd week program at the Rose-Hulman Institute of Technology in Terre Haute, Indiana, during the summer after my junior year.  I led a small team, and we chose a project that involved creating a file compression program. To start, I learned the basics of Python, a completely new programming language, in one week. The project was extremely challenging and the program failed on dozens of occasions. After extensively reviewing our code to find the source of the error, and enlisting the help of the student advisors and faculty, it was discovered that the issue involved the Python module we were using.  The module, called BitVector, was itself faulty.  It was finally determined that the best solution to this problem would be to develop a workaround, rather than attempting to fix BitVector.  In order to see it through, I stayed up until three in the morning on four consecutive nights, leading the team to code the workaround. Eventually, our efforts resulted in a working program that we completed a mere 50 minutes before presenting to the faculty of Rose-Hulman. I believe this demonstrates my problem solving skills, dedication to completing a project, team leadership, and resilience. I love to play chess and find it simultaneously enjoyable, relaxing, and challenging. I have been playing at least twice a week since 7th grade, as well as studying from books and doing chess puzzles. Chess is important to me because I enjoy thinking about strategy\u2014particularly gaming strategy. I love the freedom I feel when thinking about positions and ways to attack my opponent. I also enjoy the challenge it offers in pitting my mind against that of another person. I co-founded and am the current president of my high school chess club and am an active member of both the Clear Lake and Space City\/NASA chess clubs.I have also served as leader of my University Interscholastic League computer science team.  Last spring our team qualified for the regional competition, coming in second at district only to powerhouse Clear Lake High School, who has won the district competition for 10 consecutive years. I was also the highest scorer on the written exam for our team at the regional competition. Recently I have become a paid chemistry tutor and have started to feel that I can contribute positively to the educational well-being of my community.  Although I have only been doing this for a couple months, I already feel the satisfaction of seeing students improve their problem-solving abilities and capacity to think under my instruction. I also enjoy the satisfaction I feel for receiving compensation for my services.  I understand that  part of computer science includes working late to solve problems, and at times sacrificing short-term well-being for the sake of a project.  But I must add that I have been working out with weights for the last four years, have adopted a low-sugar and low-carb diet, and have done my best to get enough sleep to maintain my health.  I believe that our career longevity depends on leading a sustainable, balanced lifestyle that is conducive to well being. Question: List the books (if any) you've read this year for pleasure. Choose one and in a sentence describe its impact on you.Answer:Books: Bobby Fischer teaches chess, The Onion: Our Dumb World, Jurassic Park, How to Beat Up Anybody: An Instructional and Inspirational Karate Book by the World Champion (by Judah Friedlander), 2001: A Space Odyssey.East of Eden: Life is defined by the choices we make, not by predestination."}]}