{"schema":{"fields":[{"name":"index","type":"integer"},{"name":"personal_essay","type":"string"}],"primaryKey":["index"],"pandas_version":"0.20.0"},"data":[{"index":0,"personal_essay":"'I am the result of a genetic mutation. I am an albino,' I declared, parsing what I recalled from an excerpt on the Mayo Clinic website.My classmates' eyes lit up in awe as they surrounded my desk. With sandwiches and juice boxes in tow, we indulged in our usual lunchtime banter, under the glow of warm classroom ceiling lights.'Like the X-Men?' one classmate asked, proudly pointing to his lunchbox.'So does that mean you have superpowers?' another classmate quickly interjected.'Of course not,' I sighed.Or so I thought.I inevitably stood out in the classroom, through impromptu trips to the whiteboard to take notes and an incessant need to press my face against books to read fine print, due to my low vision. However, it was the unseemly sight of my parents and I together the week before that proved far too great to ignore. That's when it all started.'Can't you see?''Are you black or white?''Are you adopted?''What are you?'To the average seven-year-old, I'm the closest thing to superhuman. My eyes oscillate uncontrollably like high-speed pendulums, inducing irreparable low vision. My hair is a brownish-blonde hue, and my skin is fair, although my biological parents are black. The puzzled looks I received, once amusing, turned cold and unpleasant. Confronted with this harsh truth, I chose self-enlightenment over feigned ignorance.Albinism caused everything people found wrong with me, and I hated it. I often dreamt of a life without it: with 20\/20 vision, stable eyes and no racial ambiguity. Maybe then the intrusive questions would stop. However, each time, I'd wake up from the illusion, to face my reality before the mirror. In one such moment, I realized how little I understood about my condition and by extension, myself. Naturally, I posed questions to my parents, but all they said was 'God made you special,' as they consoled me. Anxious and frustrated, I did what any hardheaded seven-year-old would do: I went to Google.I remember sounding out 'a-l-b-y-n-o' (unable to spell 'albino' at the time) as I typed and clicked the search button. The results forever changed my perspective on life. I browsed through website after website, overcome with excitement, joy and gratitude. For the first time ever, I saw images of people that looked just like me. No longer was I alone. I found inspiration and clarity, unlocking a superpower previously unknown \u2013 the courage to be me.By being me, I change the status quo. I played on my school soccer team despite some saying I'd never be able to. Though I sometimes struggled to see the ball, I held my own through every victory, loss, practice and fall. Because of this power, I ride my nine-foot tandem mountain bike alongside my coach up hills, through dirt trails and around bends, brimming with pride. I'm the first visually impaired cyclist in my interscholastic league's history. My power strengthens my community.I draw on my power to help others in several ways. I work at soup kitchens and food banks, caring for the needy as I provide them with meals and motivation to brighten their days. I coach my peers through algebra and calculus problems to help boost their confidence. My power is infectious.As I prepare for the next chapter of my life, I can't help but remember the blue X-Men lunchbox from elementary school. That marked the day I took charge of my albinism and accepted myself. However, I know my work is far from done because there are others out there who struggle daily to overcome their insecurities. In college, I want to foster wider acceptance for those living with albinism, whether through research, advocacy or a simple conversation. I guess I'm not so different from the X-Men; we both fight for acceptance and peace, so others like us can coexist.But I'm no superhero. I'm just me."},{"index":1,"personal_essay":"Science has been a constant in all aspects of my life. It nurtured me when I struggled with my identity as a fairskinnedalbino child born to black parents. It filled my days with joy, as I fished for tadpoles to take home to watchgrow. It answered my rhetorical questions in the worst of times, when I learned that my sister suddenly died ofcardiomyopathy (an enlarged heart condition) one week before her twelfth birthday and as I watched my mothertake her last breath, ending her six-year battle against breast cancer. The fragility of life fuels my interest ingenetics and heredity.DNA has fascinated me since I first learned about it in middle school. The fact that a perfectly encoded doublehelix defines us as humans is intriguing, yet one misplaced atom can alter one's entire existence to causedisabilities, diseases and even death. I've explored DNA mutations throughout my high school career, throughhonors biology and chemistry classes, and Science Olympiad. These experiences honed my inquiry, design andanalysis skills, which facilitated my forays into research.Spending this past summer at UMass Amherst, I researched the effects of protein inhibitors on mammalian cellsduring mitosis (cell division) as well as the time taken for said cells to recover from these effects. Seeing theapplicability of my research to cancer studies, I began considering how my findings might help permanently restrictthe uncontrollable spread of cancer cells amongst patients. I revel in such moments, closing my eyes as thoughtsmanifest into ideas and actions for the future. The concept of developing solutions to the most challenging issuesin both biology and modern medicine exhilarates me, which is why I will major in biomedical engineering at JohnsHopkins.I want to take advantage of collaborative efforts between the University and the Medical School. Therefore, I willbuild on my past research by participating in Dr. Michael Beer's lab on genomic regulation at the McKusickNathansInstitute of Genetic Medicine, where I will evaluate methods of preventing the alleles responsible forhereditary disorders from being passed on to offspring.My commitment to society goes beyond the classroom and laboratory. Locally, I will provide meals for the lessfortunate at the Maryland Food Bank and uplift children through education via the Tutorial Project. Globally, I willapply for the Vredenburg Scholarship to travel to Tanzania, because I am driven to help thousands of fellow albinopeople, who have had their limbs amputated and sold to ritualists for their 'magical' properties. Drawing onclasses like 'Rehabilitation Engineering Design Laboratory,' I will develop prosthetic limbs to help them achievesome sense of normalcy.With a Johns Hopkins education, I will blend service, science and engineering to restrict the spread of cancerthrough cell regulation, analyze inheritable diseases and conditions, and serve my local and global communities.Denouncing all injustices, suffering and pain, I will fight for life.Science has been a constant in all aspects of my life. It nurtured me when I struggled with my identity as a fairskinnedalbino child born to black parents. It filled my days with joy, as I fished for tadpoles to take home to watchgrow. It answered my rhetorical questions in the worst of times, when I learned that my sister suddenly died ofcardiomyopathy (an enlarged heart condition) one week before her twelfth birthday and as I watched my mothertake her last breath, ending her six-year battle against breast cancer. The fragility of life fuels my interest ingenetics and heredity.DNA has fascinated me since I first learned about it in middle school. The fact that a perfectly encoded doublehelix defines us as humans is intriguing, yet one misplaced atom can alter one's entire existence to causedisabilities, diseases and even death. I've explored DNA mutations throughout my high school career, throughhonors biology and chemistry classes, and Science Olympiad. These experiences honed my inquiry, design andanalysis skills, which facilitated my forays into research.Spending this past summer at UMass Amherst, I researched the effects of protein inhibitors on mammalian cellsduring mitosis (cell division) as well as the time taken for said cells to recover from these effects. Seeing theapplicability of my research to cancer studies, I began considering how my findings might help permanently restrictthe uncontrollable spread of cancer cells amongst patients. I revel in such moments, closing my eyes as thoughtsmanifest into ideas and actions for the future. The concept of developing solutions to the most challenging issuesin both biology and modern medicine exhilarates me, which is why I will major in bioengineering at the Universityof Pennsylvania.I want to take advantage of the University's medical school and its relationship with the Wistar Institute. Therefore,I will build on my past research by seeking out opportunities to explore gene regulation, so that I can evaluatemethods of preventing the alleles responsible for hereditary disorders from being passed on to offspring.My commitment to society goes beyond the classroom and laboratory. Locally, I will uplift children througheducation via the Civic Houses' West Philadelphia Tutorial Project. Globally, I will apply for one of the University'sundergraduate fellowships to travel to Tanzania, so that I may work to help the thousands of fellow albino people,who have had their limbs amputated and sold to ritualists for their 'magical' properties. Drawing on classes like'Rehab Engineering & Design,' I will develop prosthetic limbs to help them achieve some sense of normalcy.With a University of Pennsylvania education, I will blend service, science and engineering to restrict the spread ofcancer through cell regulation, analyze inheritable diseases and conditions, and serve my local and globalcommunities. Denouncing all injustices, suffering and pain, I will fight for life."}]}