{"schema":{"fields":[{"name":"index","type":"integer"},{"name":"personal_essay","type":"string"}],"primaryKey":["index"],"pandas_version":"0.20.0"},"data":[{"index":0,"personal_essay":"As I sit, staring into the abyss of the Boston skyline, I feel as though I am living an out-of-body experience. So small in such a big world, I believe that I am undeserving of the cards that life has dealt me. My eyes quietly scan the faces of my cohort sitting near me, their utterly blank looks speaking more than their words ever could. I suspect that my expression mirrors theirs. We are in complete awe of what we are seeing: the towering buildings in front of us speak firmly, calling us closer. On the horizon, buildings are lit, each reflecting a uniquely tinted iridescence. Higher than any of the skyscrapers, the moon peeks its way out from behind the spotty clouds. It shines brighter than any building, almost boasting of its natural beauty compared to the artificiality of the man-made architecture it was shadowing.Looking around, I take in the sight of the campus I am overlooking- Massachusetts Institute of Technology. I have been given the opportunity to be a part of MITES, Minority Introduction to Engineering and Science, a rigorous STEM summer program. Surrounded by a tight-knit community of like-minded individuals, I feel that I am completely underwhelming. Who would have thought that I, from small-town Wisconsin, would be sitting atop a Cambridge building? I look around, trying to put the pieces of my own life together. The orbs of rain cascading from the thin clouds bring me back to reality. My friends have scattered amongst themselves, the first signs of life since our earlier ascent. Their conversations are nothing more than background music to my concurrent symphony.I dive deeper into the infinite depth of my roaming mind, wandering back once again to the thoughts of being undeserving. I have felt this before, like I am 'cheating life'- almost as if I have been given more than I deserve. This concept, however, stems from something much deeper than just one summer program. In this moment, painful memories rush to mind. At the age of four, after being abandoned by my biological parents, I was adopted. Having been literally given a new chance to be successful and loved in life is the stem of my greatest insecurity. Not being the 'right person' in the moment, constantly comparing, I easily identify my own flaws and wonder why I am given opportunities that I have been given.The rushing wind sweeps me out of my memories. Taking in the sight of the skyline, I peer beyond the buildings as individual pieces of architecture, but observe them as a whole. The buildings are all unique. Some are huge, while others are short and long, stretching out on the ground beneath. Their varying appearances spark a realization for me. Just like the buildings that make up the Boston skyline, which act as perfect complements to one another, I am merely a piece to a puzzle. Whether that puzzle be a school community, my family, cohort or best friends, I belong where I am, fully deserving. I have worked hard to get where I am today, and I am the rightful owner of my opportunities and successes. The 'puzzle' wouldn't be complete without me.Smiling, I take one last glance at the skyline. Numb legs stretching, I begin to shuffle towards the creaky ladder that guided my journey up what seemed like a lifetime ago. Starting to descend, I remind myself that although I may not always feel deserving of the life I have been given to live, I am. I am merely a piece to a bigger puzzle, a bigger community, and a bigger world. At three in the morning and two thousand miles from my house, the cold, industrial skyline makes me feel warmer and more at home than ever before.I live a crazy life with three younger sisters. Making it more complex is my youngest sister, Isabella. Isabella has congenital heart disease and calcification of the heart, sending her heart into failure. She is currently experiencing the last stage of failure before being placed on the heart transplant list. With her barrage of medical complexities, she is constantly in and out of the hospital. My mother stays with Isabella at the hospital. My father, who works a full-time job, often has to take off of work to be with them both. With frequent stays at the hospital, it has become my responsibility to take care of my sisters, which includes getting them to school, cooking meals, tutoring, and being the person that they need to lean on for emotional support. Because my father isn't always able to work, I occasionally have to financially support my family.With these experiences in mind, I can say without certainty that one of my greatest skills has become leadership. I have been forced to grow up, taking on a lot of responsibility. It is common for me to have to take on the role of 'parent' when my parents cannot be with us, all while struggling to hold it together emotionally for my sister's sake. Contributing to my family as a leader when necessary lifts a huge weight off of my parent's shoulders, making it slightly easier to enjoy the few years we have left with Isabella. Not only do I use these newfound leadership skills at home, but I now see them emerging at school as well. I am becoming more involved in the leadership of my extracurricular activities, and in the classroom, I am the student that others look up to for not only academic help but also as a leader. Although extremely challenging and never wished upon, Isabella's illness has taught me valuable life lessons. It has taught me skills that I will continue to cultivate wherever I attend college and wherever life takes me."},{"index":1,"personal_essay":"My best friend is my youngest sister Isabella. She is the funniest and most creative person that I have ever known. After having done foster care for five years, Isabella was brought to our family, eventually to be adopted a couple of years later. I cannot imagine my life without her, but unfortunately, life doesn't always go the way that we imagine. Isabella has been diagnosed with Congenital Heart Disease as well as a barrage of genetic conditions, and she is experiencing the last stage of heart failure before being placed on the heart transplant list. She has been given less than five years to live. At just eight-years-old, she has experienced more pain and suffering than I will most likely experience in my lifetime. She has traveled to many hospitals all in search of answers. I have seen and heard too many doctors look my parents in the eyes and tell them that there is nothing more they can do. With the increasing need for answers and the lack of such, I have been inspired.For as long as I can remember, I intended to pursue a degree in law. It seemed intriguing, and I assumed that I would be a great lawyer. After watching Isabella's story unfold, however, I have felt a calling to pursue medicine. With so many unanswered questions, I feel it necessary to channel my passion, drive, and emotion to pursue the most selfless degree. I want to be able to help people. I want to be able to find answers for others that we haven't been able to find for Isabella. I want to be the light at the end of the 'seemingly dark' tunnel for other families struggling with situations similar to our own. I want to inspire. I want to plant the seed of hope. In pursuing a degree in medicine, I aspire to touch lives. I love science and mathematics, and technology is always on the brink of advancement, but sometimes artificial intelligence isn't enough. People do what machines can't. I want to be that person. I want to be the humanizing factor. No doctor has been able to give us the long-awaited answers to Isabella's pressing questions, and although I may be too late in finding those specific answers in time for Isabella, I know that one day being able to find them will bring the peace and clarity that my family has been longing for. The college education I receive, which would be the first in my family, will enable me to live in a world where I know I am able to make a difference in the lives of those closest to me, and I could ask for nothing more.How do you hope to use your college education?I have participated in two engineering\/STEM summer immersion programs at campuses across the nation, both of which have nurtured my love and appreciation for engineering. Before my sophomore year, I had no clue what I wanted to study. I had heard of engineering, but I thought that it was all about manufacturing and building, which is not one of my skills. After I attended the two programs, ESP at the University of Wisconsin-Madison and MITES, at MIT, I realized that engineering is so much more than building. It is about problem-solving. It is about helping people be the best that they can be. It is about making the world a better place. It is about transforming the way we think about current technology and improving global efficiency. There are so many facets of engineering, and I feel that it is both the more versatile and rewarding degree that I could receive. As I mentioned before, engineering is an extremely broad field of study. Narrowing it down, I am interested in studying Biological or Biomedical Engineering. I was able to do research this past summer on the microbiome. Before that, I didn't even know what the 'microbiome' was. After completing my research and presenting my findings, I realized that the human body is one of the most miraculous things to study. There are still a lot of questions surrounding the body and the implications that technology has both inside and with the body, and there are biomedical engineering working around the world to solve these unknown questions and to find answers to challenging problems. I feel that the work they do is both important and exciting, and not only do I want to help solve these challenges faced by society today but I also want to find the perfect campus to do that at. I feel that the University of Michigan-Ann Arbor is the perfect campus for me. I live in a town of about 4,000 people and have a graduating class of 130, but I have always longed to live in a big, urban city full of culture and diversity, something that Ann Arbor offers in abundance. The campus is big enough to satisfy my needs of a large school, yet the school itself does so much, including student organizations, to make the campus seem small, close, and personal. One way that they do this is through the College of Engineering. As a prospective engineering student, University of Michigan's undergraduate engineering program is extremely appealing. The research being done in the College of Engineering on quantum computers and nanoscale particles is exceptionally fascinating to me, making me hope that I can attend to be a part of it! Ann Arbor as a college town is precisely what I am looking for. Knowing that I will be spending at least four years on a campus makes the city and campus culture extremely important to me. The 'vibe' on campus is so full of life, ensuring to me that students who attend are genuinely happy to be there. I have motivated myself and worked extremely hard to get where I am today, and I only hope that I can continue learning and growing as a student at the University of Michigan-Ann Arbor.Describe the unique qualities that attract you to the specific undergraduate College or School (including preferred admission and dual degree programs) to which you are applying at the University of Michigan. How would that curriculum support your interests?At the piano, letting my emotions flow from myself to the keys of the piano through the music, is something that I have found a pure love for. I have been playing piano since I was four, and have not since stopped a day in my life. My piano has become my safe haven. From the stresses of school to challenges at home with three younger sisters, playing piano has been one of the most constant reliefs. In all seasons of life, I am found at the keys.We know you lead a busy life, full of activities, many of which are required of you. Tell us about something you do for the pleasure of it.<br \/>"}]}