{"schema":{"fields":[{"name":"index","type":"integer"},{"name":"personal_essay","type":"string"}],"primaryKey":["index"],"pandas_version":"0.20.0"},"data":[{"index":0,"personal_essay":"] At age five I fell on a rose bush at my aunt's wedding, resulting in an oval-shaped wound on my left knee. Though my father tended to the bruise, my first scar upset me: I viewed it as a burden that would forever plague my leg. Today, however, I embrace each unique scar, for in attaining each one, I grew wiser. Each one has a story that is a part of who I am.I have accumulated numerous scars, chiefly on my elbows and knees, throughout my life. Most resulted from rambunctious play or failed attempts. In chasing a ball headed into the woods during a soccer game, I received an upside down Nike symbol scratch, courtesy of a tree branch, on my forehead. A burn on my right forearm reflects an effort to remove chicken nuggets from the oven; a near identical burn on my left forearm, attained a few months later, resulted from retrieving apple chips from the same source (some lessons take longer to learn).While vacationing in the Pocono Mountains for the first time in sixth grade, I earned a notable battle scar. The vast landscape surrounding my friend's cabin house perfectly suited ATV riding. Having never ridden such a vehicle, I eagerly strapped on a helmet and drove through the mountainside, exhilarated by the sight of gargantuan trees and the breeze flowing through my t-shirt. As my joy ride ended, I turned a corner too rapidly and struck a pipe, launching me into the air while the ATV soared towards the house's front porch. After landing on my hands and knees, I popped back up, ready for redemption: round two with the ATV. My friend's mother's maternal instincts took precedence over my drive to apply the lesson learned from my first trial to a second attempt: I was forbidden from riding the ATV again. I emerged from the crash with bruised knees, the nickname 'Air Bud,' and the still existing desire to improve upon my first experience riding a four-wheeler.I also bear emotional wounds, which parallel my physical scars. Those who know me are unaware of their existence until I point them out. Some of such scars are deeper than others, take longer to fade, or never completely disappear. Although they hurt at the moment of acquisition, I grow stronger because of them. My mother's abandonment of my siblings and me in kindergarten left a severe emotional wound with various repercussions. From then on, I lived in separate quarters from my siblings, grew up with a single father, and learned to mother myself. Without a mother, I likely nicked my legs while shaving and burned my ears while using a flat iron on my hair more often than the average person does so. Yet attaining these emotional and physical scars taught me to soothe them on my own.In the past I tried to conceal my scars: those physical with makeup and those emotional by not discussing them. Today, instead, I bear pride in what my scars represent: strength, overcoming adversity, and perseverance. My scars are part of me - and merely that. Experiencing pain has not destroyed my spirit or eagerness to experience new things. In embracing my scars, I discovered my life mantra: Every opportunity in life is a learning opportunity. Unlike my five year old self, I anticipate a future full of growth and discovery, ready for whatever comes my way with my mantra, band-aids, and Neosporin. "},{"index":1,"personal_essay":"Doll houses were my favorite childhood toy. Each set consisted of an elaborate home, a mother, a father, a daughter, and her siblings. My reality, beginning after first grade, consisted of two-fifths of that formula: my father and I living in my grandmother's former rental property. His single parent income could not tolerate a lavish abode, the Philadelphia Department of Human Services removed my siblings and me from my mother's care when I was in kindergarten, and my Aunt Paula adopted my half-sisters. Wanting my life to model the dream doll house, I used to pray for my mother's return; I later prayed for a new mother altogether. I wanted someone to love me, to make me laugh, to console me, to help me with my homework, and to do whatever a mother was supposed to do. After nearly eleven years of searching, I found that someone in myself.Although I became the woman of my house at age seven, I was uncertain what that role entailed. I rejected any womanly trait, habit, or skill, for I believed that ignoring anything feminine would allow me to forget that my mother was not around. Thus, I routinely wore t-shirts and athletic pants and styled my hair in a bun. I was dissatisfied repressing my desire for self-expression and exploration, and such displeasure intensified with puberty. At that time I felt I needed a mother more than ever. I regarded adapting to my female peers' standards of physical beauty as the second best option. However, I realizedthat obsession with conforming to standards left me upset when I failed to meet them. Excessively flat- ironing and chemically straightening my naturally curly, biracial hair severely damaged it. I once left a seventh grade dance because I was the only girl wearing jeans, not a skirt.Eager to take pride in myself, I abandoned my strategy of assimilation for self-discovery. I celebrated my curly hair. On one shopping trip to Kohl's Department Store, I came upon a pink sweater with sparkly trim; I felt elation upon trying it on, for doing so was the first time I had embraced femininity solely because it felt right. These physical manifestations of womanhood were more than superficial victories: They taught me to accept myself\u2013outward appearance, familial circumstances, and all\u2013and focus on everything I possessed rather than everything I did not.My life is brimming with treasures I have come to recognize, including a village of women who have raised me. My Aunt Paula cares and nurtures me as her own daughter. My sisters Erin and Brianna,with whom I have maintained a bond amid living under separate roofs, forever will be my best friends. My Granny Gray, who awoke at 5 a.m. every Saturday morning during my youth to watch over me, has shown me the greatest love I have ever known. My father has taken on the roles of two parents, even when that required bra shopping with his daughter on a Friday night. He cooks, cleans, does laundry, and works multiple jobs to pay my tuition in order to ensure that I receive a high quality education. Because of him, I go to a school where I am inspired and supported by studious, ambitious, and intelligent young women each day. These people not only make me feel fortunate but also motivate me to emulate their sparkling qualities as I discover the woman I want to be.Throughout my childhood I feared that I was missing out on certain things because I did not have a mother. However, my mother's absence left me to navigate womanhood on my own, and on my journey I developed one of my most valued traits: independence. Independence led me to achieve academic success, to discover how to style my hair and makeup on my own, to learn how to overcome emotional trials, and to grow to love myself. I no longer view my mother's abandonment as having imparted a void in my life. In seeking to fill that supposed gap, I realized that no single standard or definition constitutes womanhood. All along, I have strived to emulate a particular role model. Accordingly, I am pleased withwhom I am becoming: a woman I would want to have as a mother."}]}