{"schema":{"fields":[{"name":"index","type":"integer"},{"name":"personal_essay","type":"string"}],"primaryKey":["index"],"pandas_version":"0.20.0"},"data":[{"index":0,"personal_essay":""},{"index":1,"personal_essay":"I am an anomaly among my peers. While many of them wrestle with the uncertainty of not knowing what they want to do or be in the future, I have always known. Even in elementary school, when the popular options were superhero or sports legend, I had altogether different aspirations. If you had asked me then, my answer would be the same as it is today: I want to work in the hospitality industry.When I traveled as a child, I always had a lot of questions. Not the typical 'where are we going?' and 'are we there yet?'. Instead, I wanted to know how many rooms were in the hotel, and which airline offered better entertainment options. Just for fun, I would study websites of different hotel chains and learn what made a Residence Inn different from a Courtyard. I would look at online review sites like Tripadvisor, and investigate which hotels had the best free breakfasts. These were the things that excited me. Other kids collected Pok\u00e9mon cards; I collected plastic hotel room key cards (a collection I maintain to this day, which includes countless cards from hotels throughout the world). I always looked forward to vacations, not only because of what we would do, or the places we would visit, but mostly to savor the logistics of how we would get there, and where we would stay once we arrived.During my sophomore year of high school, I finally had the opportunity to learn about the hospitality industry in a more formal manner. I enrolled in a Cornell MOOC through edX, Introduction to Global Hospitality Management. This was the first time that I was exposed to hospitality in a learning environment, and I found the course both engaging and informative. Then, in my junior year, I interned at the Homewood Suites in Manhattan. Although I had enjoyed learning about the industry online, working in an actual hotel was more rewarding than I ever could have imagined. I experienced firsthand the good, the bad, and even the ugly aspects of hotel management. I rotated through the different departments: laundry, housekeeping, rooms, F&B, engineering, and sales. My favorite position was unquestionably guest services. I enjoyed the face to face interactions with the hotel guests and felt great satisfaction as I helped them with their individual concerns. I also relished the organized chaos of the front desk, when there were guests on line, ringing phones, and packages coming and going. On the days that I worked at the front desk, I would often stay and help for hours after my shift ended \u2013 there was no other place I would have rather been.This past summer, I attended Cornell's Summer College. The three weeks I spent in the Hotel Operations Management course ranked among three of the best weeks of my life. The course was outstanding; we learned a great deal about hotels, as well as ways to improve our writing and computing skills. It also represented a major milestone for me: for the first time, I was surrounded by other students who shared my passion for the hospitality industry. Not that there was any doubt in my mind before, but those three weeks reaffirmed for me that hospitality is the industry where I belong, and that there is no better place to study it than at the School of Hotel Administration. I hope to return to Cornell next fall, to once again walk through the doors of Statler Hall and continue my education in hospitality."}]}