{"schema":{"fields":[{"name":"index","type":"integer"},{"name":"personal_essay","type":"string"}],"primaryKey":["index"],"pandas_version":"0.20.0"},"data":[{"index":0,"personal_essay":""},{"index":1,"personal_essay":"While participating in the Penn Early Exploration Program, I attended a lecture given by Dr. Karen Hogan; she explained how two seemingly disparate fields, biology and design, intersect at Penn, and how common this interdisciplinary approach is in all of Penn's four schools. I look forward to taking a wide variety of classes from Political Communications in the Annenberg School to Energy Economics and Policy in Wharton. Ultimately, I hope to major in Political Science and Environmental Studies in the College of Arts and Sciences with a minor in Sustainability and Environmental Management from Wharton. My inter-disciplinary studies will facilitate my success in effectively introducing innovative environmental approaches and policies to the government or corporate arenas.Growing up in South Florida, a place defined by its natural environment, has fostered my environmental consciousness. In my daily life, I work to protect Florida's natural ecosystems and habitats by speaking about the harms of GMO's in debate competitions to volunteering at events like Water Matters Day. Global Warming has always interested me, and the dismissive attitude toward the problem enrages me. I hope by studying environmental science I can create realistic solutions that help our population live more sustainably and save our ecosystems from the destructive effects of climate change. Specifically, at Penn I will concentrate in 'Environmental Policy and Application.' This major provides opportunities to effectively devise and implement environmental policy at the local, state, or federal levels. Penn's status as a strong research institution coupled with the Center for Undergraduate Research and Fellowships offers invaluable prospects to conduct research with renowned professors; I hope to be among those who find solutions or a pathway toward solving at least one of the issues facing our environment today.My involvement with competitive debate sparked my interest in politics. Discussing public policy and Senate bills every weekend necessitated that I acquire a depth and breadth of knowledge in US politics. After steadfastly researching all the past elections, I felt as though I finally understood how our current political climate evolved and developed into its current state. In today's election, the environment is hardly mentioned except for a few remarks on fracking or how 'China created global warming.' It is disheartening, to say the least. Either as a lawyer or politician, I hope to bring the environment back to the forefront of political debate. I would definitely take advantage of the Penn in Washington program to acquire hands-on experience with the political process in the heart of our national government. Additionally, the Perry World House would allow me to learn from, and perhaps meet with, prominent politicians and experts in global affairs. Studying political science will ultimately give me the public policy expertise I need to craft and introduce environmental legislation. Whether it is winning a case that sets a noticeable precedent or passing a small law at the state level, every step supports positive change.My education at Penn will expand my knowledge and prepare me for a professional life. Penn's vision of learning with the goal of service to society is exactly what I want out of my college experience; I will examine theory inside the classroom, and then develop skills and gain experience in practice outside of the classroom. Activities of interest to me are: the Penn Environmental Group, Penn Political Review, and the Wharton Undergraduate Consulting Club. Especially attractive to me are The Penn Environmental Group's activities where the application of theoretical frameworks serve to solve real world problems. I am excited about rolling up my sleeves and getting started!"}]}