{"schema":{"fields":[{"name":"index","type":"integer"},{"name":"personal_essay","type":"string"}],"primaryKey":["index"],"pandas_version":"0.20.0"},"data":[{"index":0,"personal_essay":"'Come in, mamalah!' I timidly followed Mrs. Solomon into the kitchen, where I was engulfed by the smell of brisket and potatoes. As I stepped into the crowded dining room, my heart racing and my palms sweaty, I was overwhelmed with hugs and kisses from strangers. Trying not to attract too much attention to myself, I quietly sat down at the dinner table. That evening, the Solomon family was hosting me at their home in Sydney, Australia for the Passover Seder.My decision to travel to Sydney during Passover for the World Individual Debating and Public Speaking Championships was anything but easy. I was torn between my sentimental attachment to observe the holiday at home, as I had always done, and my ambition to test my academic skills on an international stage.My 'Bubby' and 'Zadie' (Yiddish for grandmother and grandfather) host the Passover Seder every year. The entire house radiates with warmth from the ovens and fills with the scent of Bubby's culinary delights, including piping hot bowls of matzo ball soup and crispy potato kugel. The guest list is a kaleidoscope of quirky characters. Among them, my cousin 'Magic' Stu, Uncle Tat, who did a stint upstate, and his ex-wife Barbara who still makes a cameo at the Seder ten years after their divorce (they usually sit at opposite ends of the table\u2026scowling at each other).Upon qualifying for 'Worlds' and discovering the Passover conflict, I began to experience a whirlwind of mixed emotions. On the one hand was my abiding affection for my family's Seder, and on the other hand was the excitement and anticipation of the opportunity that awaited me halfway around the world. The sacrifices I had made to reach this achievement were considerable, and squandering this opportunity would have its own repercussions. I had to find the mettle to reconcile my emotions with my ambitions, accept a bit of anxiety and discomfort, and make the 9,000 mile trek. Could I do it? Taking this step felt a little like jumping off a cliff without knowing if there was warm water or hard rocks below.When my rational thinking returned, it dawned on me that I had overlooked a possible solution. So I located a Jewish family in Sydney, the Solomons, and invited myself to their Seder. My initial trepidation subsided as I began to notice the abundant commonalities between their customs and my own. Despite the absence of crazy ex-Aunt Barbara and brisket instead of Bubby's chicken, the camaraderie of the Solomon family and their traditions were immensely comforting to me. I left their house around midnight, after hours of laughter and storytelling. I felt complete, like I had filled the void of Bubby and Zadie's Seder.In Australia, I learned things about myself far more valuable than debate skills. The world is much larger than my Bubby's kitchen. As I go through life, I will have to sacrifice what is familiar and comfortable in order to pursue new challenges. Sometimes it will be necessary to take a leap of faith, and I now have the confidence to do so. I learned to see my strong family ties and rich traditions as a basis upon which to expand my horizons, rather than as a limitation. Ultimately, I am incredibly grateful to have had this opportunity to explore these facets of my identity."},{"index":1,"personal_essay":"My father knocks on the door three times in rapid succession. 'It's the code,' he says surreptitiously. He sticks out his hand to the guy answering the door to give him the fraternity handshake, only to discover that the 'secret shake' went out around the same time as the Motorola flip phone. Mortified that I am at a fraternity house with my father, I hide behind the door hoping we won't be invited in. We spend the rest of that rainy afternoon in a frat basement, littered with remnants of a recent toga party, unearthing my father's pledge class composite as he regales the 'brothers' with cringe-worthy stories from the good old days.Throughout the weekend, my father experiences periodic spasms of nostalgia, and I wonder whether I'm visiting campus with 'Dad' or with 'Moose,' a benchwarmer on Penn's 1982 freshman football team. A glitch in the laws of quantum physics somehow turns us into time travelers, transporting my father back to 1982 and propelling me forward to May 2022\u2026It is the night before my graduation and I am sitting on a bench near the Button, reflecting on the past four years. The issues that I was passionate about when I arrived here\u2014affordable housing, social justice and mobility\u2014still evoke strong feelings in me. I have always been a joiner, a doer, and enthusiastically engaged in the community around me. But now, my passions are grounded in a strong analytical foundation and skill set enabling me to become an agent of tangible change.I decide to take one last walk around campus, stopping first at Stiteler Hall. As a Philosophy, Politics and Economics major, I spent countless hours in these classrooms. I gaze through a window and think back to my favorite course, Resource Allocation and American Political Institutions, where I learned the essential theoretical constructs to resolve real problems facing political institutions. This course particularly, and the PPE major generally, gave me a deeper insight into social policy and the necessary skills to participate in contemporary policy debate.I head to the Annenberg School. My second major, Communications, with a concentration in Media Institutions and Policy, was a challenging and illuminating exposure to the powerful convergence of public policy, communications, and private sector initiatives as a toolkit to solve complex social issues. I now have a robust foundation for a career in which I hope to influence social policy to serve the public interest.I pass by Saxby's Coffee, where the Penn Social Entrepreneurship Movement (PennSEM) often met. I became involved with PennSEM as a freshman after developing an interest in social entrepreneurship in high school. PennSEM reinforces a principle of Benjamin Franklin, one in which I strongly believe, that one can do both well and good. As a junior, I spearheaded a PennSEM entrepreneurship project in West Philadelphia. As a practicum of everything I had learned in the classroom, it further fueled my passion for social progress.My last stop is the Kelly Writers House, which served as my home base on campus. There, I learned that the best students are multifaceted seekers of a variety of diverse intellectual opportunities. It was a place where I came to understand that a Bioengineering major also could write for Penn App\u00e9tit.'Jennifer, look, there's Van Pelt!' my dad exclaims, snapping me back to the present. While I love listening to my father's stories of Penn, I want to write my own. In my mind's eye, I have my vision of my future at Penn, but I know that the best parts will be the ones I can't anticipate. Perhaps one day I will embarrass my own daughter or son on a time-travel stroll down Locust Walk.Pitt receives nearly 30,000 applications each year. What makes you unique?Some people have a knack for sports or an eye for art. Although I've never won a game of H-O-R-S-E, and my notebook doodles are certainly not Picasso-quality, I do have one innate trait: I'm friendly! (*insert smiley face emoji here*) Making friends has always been my talent. It's as if a squinty smile and 'Hey, what's up?' are hardwired in my DNA. Growing up in Squirrel Hill, a close-knit neighborhood, has provided me with the perfect platform to do what I do best. Whether I am doing my homework at the coffee shop and chatting with the baristas between calculus problems, or spending time at the community center, this pervasive community ethos has become an essential component of my identity. Over time, I became aware of a socially isolated population within Squirrel Hill. People with special needs often look and act differently, so their neighbors are reluctant to smile at them or strike up a conversation. This tendency was deeply unsettling to me. How must it feel to live in a community, but not be a part of it? I soon discovered The Friendship Circle, an organization whose mission is to create connections between neurotypical and neuroatypical teens. As a member of The Friendship Circle, I spend several afternoons each week with only one task: to be friendly! Whether we are ice-skating or playing Monopoly, I truly cherish my time at Friendship Circle. Friendliness is a common personality trait, but believe that I have a unique desire to ignite this goodwill in those around me.2. How have you made an impact at your high school? Choose one example and tell us about it.'My name is Jennifer and it is my honor to be speaking to you today.' I cleared my throat and nervously smiled at the audience. I had delivered this speech countless times before, in front of critical judges and intense competitors, but speaking at an all-school assembly was far more intimidating. I wrote and delivered a persuasive speech entitled 'Barbie Culture and the Eating Disorder Epidemic' for the World Individual Debating and Public Speaking Championships. Typically, competitors choose to discuss issues like the pervasiveness of human trafficking or the politics of petro-aggression for this category. Yet, I chose a topic no less serious and much more personal.My sister had developed severe anorexia and bulimia during her second semester of college. The decline in my sister's mental and physical health opened my eyes to the pervasiveness of the toxic feminine ideal in our society. I became aware that a horribly distorted standard of body image heavily influences the daily lives of teenagers.I felt obligated to share this message with my school community; it is likely that many of the girls (and even boys) in my school struggle with self-image. I had feared that my classmates would ridicule my speech or judge me, but the student body's response was overwhelmingly positive. I believe that my speech helped to de-stigmatize the issues of mental health and body image within Shady Side Academy. I hope that I gave my classmates a new perspective on self-image and body-positivity"}]}