{"schema":{"fields":[{"name":"index","type":"integer"},{"name":"personal_essay","type":"string"}],"primaryKey":["index"],"pandas_version":"0.20.0"},"data":[{"index":0,"personal_essay":"] The lingual frenulum is the thin membrane connected to the tongue and the bottom of the mouth. If the lingual frenulum extends too far up the tongue, it restricts the tongue, which can cause a person to be tongue tied. The most common way of correcting this is through the surgical removal of the lingual frenulum: a lingual frenectomy. I had a lingual frenectomy when I was ten years old. I realized as a young kid that I pronounced some words differently from others. At first, I chalked it up to having an accent, thinking that I probably just picked one up from my parents, both of whom have accents. I couldn't pronounce the 'r' (as in 'bird' or 'girl') or 'th' (as in 'this' or 'that) sounds, and I had a slight lisp. It wasn't until I was a few years older that I realized I had a speech impediment. My speech impediment sometimes felt like a language barrier. In kindergarten, the other kids didn't understand me when I said my birthday was on the thirteenth of February. In fourth grade, I asked someone for a marker, and they thought I was asking for a mocha. In seventh grade, I asked to buy three tickets for the school musical, and the person selling the tickets thought I was asking for free tickets. It made me more cautious with what I said. Instead of saying the exact date of my birthday, when asked I would just say 'the day before Valentine's Day.' In class, I was terrified that I would be called on unexpectedly and forced to read aloud some horrifying sentence like 'the thirty-three year old girl has three pet birds.' I was constantly embarrassed when I had to repeat myself, so to avoid that, I spoke less in front of large groups of people. I wouldn't answer a question in class if the answer involved any 'th' or 'r' words, and I wouldn't ask questions for the same reason. I hoped that after my lingual frenectomy, my speech would naturally correct itself, but unfortunately, it didn't. I began speech therapy in middle school (which I considered to be some kind of cruel joke, seeing how I couldn't, and still can't, properly pronounce 'therapy'), and it helped. With it, I got rid of my lisp and learned to say 'r' sounds, but my 'th' problem remained. In order to correctly say 'th' sounds, the tongue has to be between the front teeth, and quickly pulled back without the lips ever touching the tongue. Despite my most sincere efforts, my tongue refuses to do this. Sometime between eighth and ninth grade, I stopped caring about my speech impediment. I worked really hard to fix all aspects of it, and honestly, I just got tired of fretting over it, and dedicating so much of my time worrying about my speech and what others would think of me because of it. In elementary school, I was always known as a quiet kid, and I regret letting my speech impediment force that title on me. I realized that if I was going to assume this title in high school, it would be because I chose to be quiet, not because I was scared to speak. I still can't pronounce the 'th' sound; it sounds more like an 'f' or 'v' when I say it, but I no longer allow it to impede me. As conceited as this may sound, I love that over the past few years I've started to like hearing myself speak. It's a completely new feeling for me. I enjoy public speaking, and have acquired a new sense of confidence in my voice that I never thought I would have. I like to think that I owe it to my little-kid self to speak up in class, and ask all the questions my speech stopped me from asking before.   "},{"index":1,"personal_essay":"When I was young and foolish, completely unaware of the harsh realities of the world (aka around six years old), I used to tell my mom that I when I'm older, I would open a lemonade stand and the money it made would go to kids in poverty. It was my master plan to save the world without ever leaving my front lawn. I know now that a lot more than a lemonade stand is going to be needed to help impoverished kids, but I have the same goal in mind: save the world (or at least help it).Who\/what I planned on saving has changed a lot as I have grown. At first, I was going to be an actress who donated insane amounts of money to charities and visited orphans in Africa on a regular basis. For a while I was going a marine biologist who saved dolphins. Then I was going to be a restaurant owner who gave lots of food to the homeless. Now, I know I want to be a neurologist. My mom is a special education teacher, so from a young age I developed an interest in developmental and learning disabilities from hearing my mom talk about them. I would perk up if I heard something about autism on TV. In fifth grade, I did an independent research project on Landau-Kleffner Syndrome. It took a while, but in eleventh grade I finally realized that I want to focus my career on helping people with these disorders and on better understanding the brain. I want to help find the cause of autism and the cure for Alzheimer's. I want to put an end to the stigma surrounding mental disorders. I don't just want to save lives; I want to make lives exceptionally better. On Sunday, November 30th, I was watching the documentary, Sleepless in America, on the National Geographic channel, and it reported on a study that took place at the University of Pennsylvania. Participants spent twenty days in a lab where they were placed under controlled amounts of sleep. The researchers wanted to see how different amounts of sleep, specifically sleep deprivation, affected the caloric intake, weight, and other aspects of health and function in the participants. Just days before this aired, scientists from the University of Pennsylvania published a study in the Journal of Neuroscience about the effects of sleep deprivation on memory formation. Currently, a study is taking place at the Penn Memory Center that aims to prevent memory loss caused by Alzheimer's, along with multiple other studies tied to Alzheimer's. The Children's Hospital of Philadelphia, in conjuncture with the University of Pennsylvania, has a Center for Autism Research.  The Center presently has a study looking to characterize the development of brain volume in infants with autism. The thought of being able to contribute to and learn from these things causes a level of excitement in me that rivals the excitement of a five year old on Christmas morning. I have a drive to be part of something bigger than myself, something that can change lives for the better, and mostly, something that involves studying a lot of brains. That being said, I would like to major in biology with a concentration in neurobiology, and I know that the University of Pennsylvania's College of Arts and Sciences is the place for me to do so. The professors within this school and major are researching everything from the evolution of neurons and the formation of memories to neurodegenerative diseases and primate behavior, and I have had literal and legitimate dreams about being part of the discoveries being made. I know without doubt that if I'm given the opportunity to study at the University of Pennsylvania's College of Arts and Sciences, I will work every day to be a beneficial member of the student body, and to make these dreams a reality. To tweet or not to tweet? (University of Virginia) Last June, I passed a burning house and heard there was a baby inside, so I ran in, saved him, jumped out the window and fractured my foot. Oh, the power of 140 characters. So many questions are left unanswered. What happened to the baby? (He's fine, I keep in touch with the family, and he recently took his first steps!) How did this fire start? (A dish towel left on the stove, classic.) Why wasn't this on the news? (I requested for the press to not be notified, I just did what any human would do.) How high up was the window? (Two stories.) Did this really happen? (No.) I didn't fracture my foot by saving a baby from a burning building; I actually tripped up the stairs of my own home. In the exact 140 characters of that lie, I made myself a brave, child-saving hero who was left suffering with an injured foot after an unfortunate landing, when in reality I am simply a clumsy and uncoordinated seventeen-year-old girl who was running up the stairs, far too excited about the prospect of getting in bed and going to sleep. From that potential tweet, an entire backstory could be developed. Within hours of its publication, it could have garnered thousands of favorites, replies, and the desirable retweets. I could have been praised by celebrities and politicians alike. I could have been 'Twitter famous.' With hundreds of millions of users, the sheer power of Twitter is insane, but it's also really useful, entertaining, and addictive. So with that I say, go forth and tweet. Enjoy the instant gratification of a favorite, but air on the side of caution, and don't let the power go to your head. "}]}