{"schema":{"fields":[{"name":"index","type":"integer"},{"name":"personal_essay","type":"string"}],"primaryKey":["index"],"pandas_version":"0.20.0"},"data":[{"index":0,"personal_essay":"One August afternoon at the cusp of tenth grade, I found myself sliding down an icy mountain slope that sharply sliced off at a cliff jutting at least a hundred feet down.The wind shrieked. I was going to die. So I did the only thing that came to mind: I screamed.Pro tip: when you're skidding rapidly towards a nasty lethal drop, there's not much anybody else can do to help, even if you get their attention.Miraculously, I managed to hook my ankle on a nearby rock, halting my descent towards death.I fought to catch my breath as my heart threw itself against my ribcage. Everything had happened so quickly. One moment, I was hiking Cascade Pass with my family, and the next I slipped.I was fourteen. My own confidence in my immortality was shattered: life can end in a second, and I have to save myself.A decade earlier, at age four, I wrote a book about Ellen Allen, a mermaid princess who saved her dad from entrapment in a giant clam. It even had staples and marker illustrations. In elementary school, the magic of storytelling stole my heart. But my parents, computer engineers who had relied on welfare when they first immigrated to the United States, were concerned about financial security. From a pragmatic viewpoint, they weren't sure about the value of creative writing. Afraid to disappoint them, I hid my work and told everyone I wanted to be a scientist when I grew up.In seventh grade, I would sneak onto my laptop at three a.m. to write anime fanfiction online. When, in ninth grade, a copy of my self-published novel arrived, I told my curious parents that it was 'nothing.''But your name is on the front cover...''Probably a coincidence.''Did you write a book?''I don't know. Bye!' I retreated to the safety of my bedroom before I could get barraged with any more risky questions. I'd known about the Scholastic Art & Writing Awards for years, but never had the courage to submit. After my experience on the mountain, however, I decided now or never. 'You want to go to the post office?' My mother was skeptical. 'Isn't the American Mathematics Competition in a month? Shouldn't you be studying?' Finally she agreed, and I sent out a manila envelope stuffed with three short stories. If you don't get recognized, you can keep writing, I thought. It's just a contest.The day regional results came out, Mom approached me with trepidation. 'It's okay if you didn't win anything...'I had won two Gold Keys, allowing me to proceed to the national level of judging. Eventually, I won a national medal for one of my stories. Later, I found out the same story had been chosen for The Best Teen Writing of 2014, an anthology composed of the best national-medal-winning pieces.The next year, I forced myself to put my writing out there. I didn't win every single contest, far from it. Rejection hurt, but each time I had to push through and keep trying. In April of my junior year, I performed at a citywide slam poetry competition in front of hundreds.To foster passion in others, I founded Glass Kite Anthology Summer Writing Studio, an online creative writing mentorship program for middle\/high school students. I began it to help more kids cultivate their craft; I would've loved participating in a similar program when I was younger. This year, one of my mentees, Smriti, told me that she was especially excited because she lives in India, where there aren't many opportunities for young writers. It's been over two years since that day on the mountain. Now, I'm a youth poet ambassador for my city, but the point isn't my accomplishments or awards. Most importantly, I learned that life was too short to be afraid. "},{"index":1,"personal_essay":"The Kelly Writers House sparked my initial interest in the University of Pennsylvania. As a writer who has attended and created different local writing opportunities to encourage a flow of creative thought in the community, a bustling hub of energy and enthusiasm for literature appeals to me. Writers House groups like The Body Electric and Penn to Paper seem to encourage the sort of open dialogue that inspires new ideas in writing that I strive to cultivate in my own city as well.I see my own writing as an outlet to fight for Asian-American and LGBTQ+ representation in the media. Years ago, I read in TIME that 3% of female characters in our nation's movies are Asian, the same chance of seeing an extraterrestrial woman. Ever since, I've advocated for diversity in books, television shows, and other forms of entertainment. Junior year, I performed about my experience growing up Asian-American at my school's slam poetry contest, and several of my Chinese classmates later they could relate. I realized my writing had the power to give these experiences visibility, which in turn might help erase damaging yet common preconceptions about my ethnicity. Through this experience, I learned that writing didn't serve just as a cathartic outlet; it could startle others into empathy, catalyzing social change. The University of Pennsylvania's School of Arts and Sciences offers a wide variety of courses investigating the role that those who identify as a minority or queer play in the media, from 'The Queer Novel and the Marriage Plot' to '\\\u2018This Girl Is on Fire!': Contemporary Black Women Preachers in Literature and Music'. As a bisexual Asian-American girl, I want to depict not only a narrative from a person of color, but also a narrative of a queer person of color--a perspective almost completely obsolete in the media. As a Portland Youth Poet Ambassador, I have opportunities to not only promote creative writing, but also advocate for social equality. I'd love to continue this work in college and then beyond, reaching out to a larger community than my hometown, and the University of Pennsylvania's classes will push me to achieve more. In addition, the University of Pennsylvania's flexible curriculum will help me explore my full potential. With avid interest in both the humanities and the sciences, it's difficult to find just one major I'm passionate about, but the University of Pennsylvania's four undergraduate schools provide ample opportunities to pursue degrees in fields I love. For example, taking 'Poe and Popular Culture' from the School of Arts and Sciences as well as 'Thermodynamics of Fluids' from the School of Engineering would allow me to examine a diverse scope of disciplines and interests.To me, studying at the University of Pennsylvania would mean four years of bribing roommates with Godiva to study for midterms; four years of penning features for 34th Street Magazine; four years of organizing events with the Penn Undergraduate Math Society; four years of inspiration and growth.The stage lights burst open, blinding and white. I trembled.I was at the citywide poetry slam, Verselandia, about to perform in front of hundreds. Earlier in the month, I had qualified through my high school's contest, which I had signed up for because, 'Hey, there might be free cookies!'(There were not.)At the time, I didn't know much about spoken word besides from street performers (this was downtown Portland, after all). But I practiced in front of my mirror, my friends, and my faithful stuffed animals. Ultimately, I'd placed first at school.At Verselandia, I watched others perform about abuse, racism, and feminism. A few talked about their LGBTQ+ identities; one addressed bisexual erasure, which I could personally relate to. Slowly, I realized that writing didn't serve just as a cathartic outlet; it could startle others into empathy and create awareness. At the slam, I delivered lines like 'Your heritage is more than an exotic enigma.' Afterwards, several Chinese-American classmates told me they could relate. I realized that my writing had the power to give these experiences visibility, which in turn might help erase damaging yet common preconceptions about my ethnicity.As a Portland Youth Poet Ambassador, I have opportunities to not only promote creative writing, but also advocate for social equality. Through poetry, I want to depict not only a narrative from a person of color, but also a narrative of a queer person of color--a perspective almost completely obsolete in the media.Sophomore year, I discovered competition math. The problems demanded both logic and creativity, which I relished. But at a humanities-focused school, which had won multiple Constitution Team national championships, it didn't seem like others shared my enthusiasm.'What are you doing?' was a common question when people saw me with The Art of Problem Solving cracked open on the school bus.After I explained I was studying math, they'd reply, 'Yeah, that's not really my thing.'To bring more enthusiasm for STEM to my school, I wanted to organize students to compete at the Harvard-MIT Mathematics Tournament in November 2013. I advertised, led practices, and created itineraries. Ultimately, both an online team and an in-person team competed. Since then, I've worked with the Math Club to foster passion for math within my community. We've introduced new contests like Math Madness to our school, and in 2015, we had a record-breaking six AIME qualifiers, double the number my freshman year.In addition, I founded Glass Kite Anthology Summer Writing Studio, an online creative writing mentorship program for middle\/high school students. I began it to help more kids cultivate their craft; I would've loved participating in a similar program when I was younger. This year, one of my mentees told me that she was especially excited because she lives in India, where there aren't many opportunities for young writers.In the future, I hope to help organize HMMT at MIT, and expand the Writing Studio by adding more mentors."}]}