{"schema":{"fields":[{"name":"index","type":"integer"},{"name":"personal_essay","type":"string"}],"primaryKey":["index"],"pandas_version":"0.20.0"},"data":[{"index":0,"personal_essay":"] I belong to a small group of girls who can say they fertilized sea anemone eggs, performed an ultrasound, and created a research poster, all within six weeks.  In the summer after my freshman year, I applied for a program at UCSD called the Oncofertility Saturday Academy. To my delight, I was one of the fourteen girls chosen out of forty applicants to participate in this program. Over six weeks we explored the field of oncofertility\u2014the preservation of fertility in cancer patients.  We met twice a week to discuss college-level material including cancer biology, in vitro fertilization, and reproductive bioethics. On weekends we visited some of the most advanced technology labs in Southern California, testing out innovative equipment and speaking with professionals in the field. One day we dissected mice, marveling at their tiny reproductive organs. The next we visited a fertility clinic, taking turns peering through a gigantic microscope at the wriggling sperm beneath. Although the days were lengthy and the material difficult to learn, each time I went home eager to research more about that day's topic.  Each participant was required to create a research poster and present it to a panel of scientists in an evaluative judging session. For weeks I sifted through medical journals and publications to create a research poster about cervical cancer in mice exposed to a drug called diethlystilbestrol. After the evaluation session, I was chosen to present my poster at the Oncofertility Conference at Northwestern University, in which specialists from all over the world meet every year to discuss the latest developments in the field.  The conference was stimulating, filled with presentations on topics like ovarian stimulation and oocyte cryopreservation. I covered pages and pages with notes, trying to absorb all the incredible information. Yet at the conference what stood out most was that nearly every presenter and even the majority of attendees were male. I was aware that men dominated science careers, but it seemed that field focused on childbirth should be the exception. And while these men had good intentions, I was appalled that women were not more involved in a conference concerned with female fertility. I felt transported back to a previous era, one where gender restrictions were all too present.  My experience at the conference exposed me to the larger issue. Here was 'real world' science rather than the lifeless, textbook science I was used to. Yet the reality is that in science, a discipline based on cutting-edge developments and positive change, women are approached with an outdated attitude\u2014 a slightly evolved form of the same mindset that kept women in kitchens for centuries.   This is the world I come from: one where I'm surrounded by male counterparts, in which I'm often singled out, simply for being a girl. Here I am minority, a rare and unusual specimen, an anomaly in an unbalanced society. I chose this world and I have experienced the discrimination firsthand. But I choose to remain in this world because I understand the importance of the female perspective. Since the conference I made a commitment to promote women in science by participating in likeminded programs like BE WiSE, which exposes women to the variety of careers within the STEM fields. In addition, I helped establish an all-girl's robotics team after enduring three years as the only girl in the robotics club. With these efforts, I have received encouraging responses from teachers, parents and classmates, however, plenty of room for progress remains. I may not know exactly where my education will take me, but until the gender gap that infects this field of study is closed, I will continue to advocate for women in science.  "},{"index":1,"personal_essay":"In February of 2014, my mom moved to Shanghai, China to start her new job. We hugged goodbye at the airport, promising to see each other in March. Yet as the months changed, so did her return date. Since my childhood, my mom has been an integral part of my life. Before she left, we used to watch movies, cook dinner and take yoga classes together. So naturally, from the beginning of her time away, I struggled with her absence. With her gone, I had to do the weekly laundry, wash dishes and even teach myself to cook. Whenever we had the time to talk, I would complain about my newfound responsibilities and how much I missed her. It took me longer than it should have to realize how much my complaints saddened my mom. Here she was, exhausted and stressed over a job she took to help out our family's finances, listening to me whine. For the next ten months I stopped complaining and did my best to be supportive whenever we spoke. The best gift I've given? Silence. From my mom's time away I learned the power of selective silence and that some things are better left unsaid. "}]}