{"schema":{"fields":[{"name":"index","type":"integer"},{"name":"personal_essay","type":"string"}],"primaryKey":["index"],"pandas_version":"0.20.0"},"data":[{"index":0,"personal_essay":"'Oh, no sweetie, you are a people person. You come in here every day all bright and smiley, and you talk with literally everyone.' I stared blankly at Maria while another coworker nodded his head, agreeing. How could Maria ever think I was one of those mythical 'people people', who floated through social circles like tiny butterfly ballerinas? Then I realized: Maria, and everyone else in that lab, only know me as I am today, not as I was just years ago.In part of my mind, I'm still who I was freshman year. The girl who had to pause and consider how to respond to a casual greeting in the halls out of fear of giving the 'wrong' answer, or who mentally rehearsed what she was about to say three times, only to be talked over in a group. Sure, part of my social ineptitude was because I had just moved to Alabama and didn't understand the social dynamics, but the bigger problem was that after spending half my life with the same kids, I just didn't know how to deal with new social situations. I had to realize that I'm simply not that person anymore.Change often doesn't come all at once, and it certainly didn't for me. First, I had to understand that repeatedly Googling 'how to make yourself more personable' and 'how to be charismatic' wasn't actually going to help. I had to put myself 'out there', wherever 'there' was.The first good 'there' I found was at a Saturday bioinformatics seminar, during lunch. Following everyone's nerd stereotypes, our conversations were stilted at best. Naturally, by which I mean in a maneuver that I had never attempted before and was utterly terrified to do, I tasked myself with starting a conversation. I won't lie and tell you that we instantly and painlessly had a vibrant, flowing conversation, but I can say that we ended up as the only table in the room to be heard laughing.And so it went, until 'there' became a pretty fun place. I stopped pacing the halls at lunchtime alone and started walking around with friends until I never had to feel excluded at school again. But as I've said, you don't just wake up metamorphosed into a people person; you keep vestiges of your former self. So keeping Uncle Ben's famous warning in mind, I made sure not to waste my newfound people person powers by making sure to help those around me- like my chemistry tutee, Sara. She had just moved to Birmingham and had many of the same problems that I used to, so I became her social tutor too. While I couldn't snap my fingers and instantly make everything better for her, I could help her deal with high school's infamous social scene.'Honestly, Elise,' Sara said to me once as we were leaving our favorite bookstore, 'I don't know how you ever made friends here. It's impossible!' 'Well,' I replied, 'It wasn't overnight, but what helped me the most was just being aggressively nice. Smiling at everyone, lending everyone paper, always offering to help, things like that.''Oh, thanks for the door!' I said with a big smile as someone held the door open for us. Then I saw who it was. It was Hugh, the most popular Senior guy and Student Government president when I was a Sophomore.'Wait, Hugh?' I exclaimed. He stared. One. Two. Three. Then he gasped.'Elise?? I honestly didn't even recognize you!' Well, that was pretty obvious. It made me smile-- I was such a different person from the shy, introverted me in Sophomore year. I had truly become a new person-- a people person. I guess Maria was right after all.I like to joke that I'm making up for the Halloweens I lost to hurricanes and freak October ice storms with my love of costume making, or as those in the community call it, 'cosplay'. I stumbled across the cosplay community around eighth grade and I was instantly taken with the idea. Dressing up in the cool, outlandish clothes I saw in my favorite video games and TV shows sounded amazing to my younger self, and it still is. The only problem was that no one in my family knew how to sew. My first 'costume' was a hooded cloak that I patterned and constructed through lots \u2014seriously, lots\u2014 of trial and error and hours spent hand-sewing. And although my back was throbbing and my fingers were riddles with pinpricks by the end of it, I was hooked. From there, my costumes grew increasingly more complex. I taught myself how to embroider and use a sewing machine, both skills I used to make my Supergirl costume for Halloween last year. I also upcycled an old pair of riding boots into bright red costume boots using acetone and spray paint. This year's Halloween costume is even more complicated: Dungeons & Dragons characters. I've learned to make chainmaille, work with leather, and my favorite, use EVA foam and thermoplastics to make faux-armor. I'm beginning to incorporate 3D printing into some of my costumes, like making Sansa Stark's necklace from Game of Thrones. There's something addictive about wearing your hours of hard work like a badge of honor, and seeing your creations get better and increasingly more complicated throughout the years is an amazing feeling.As much as I love the sciences, I'm also a major linguistic nerd. I've never actually had a formal linguistics class, but I've found ways to learn more wherever I can. I've fallen down research rabbit holes about things like the Northern Cities Vowel Shift and the development of the so-called 'accentless' American accent. Whenever I could, I turned academic work into a linguistic conduit. I turned an assignment on the development of Southern culture into an essay on the creation of African American Vernacular English, and I wrote a term paper on the linguistic nuances in Beowulf. There, I began working outside of my language with Old English and ended with my favorite paper of any English class. I continued my linguistic momentum, rewriting a large section of another term paper to include the effects of the Protestant Reformation and Counter-Reformation on the German language, which was so fascinating despite the fact that I would struggle to order a glass of water in German. I discovered that I absolutely love other languages, both to speak them and to just know more about them. Hearing the differences between the myriad Spanish dialects is one of my favorite games, and the often-humorous changed meaning of words in different Spanish speaking places. Living and learning in Cuba was especially fascinating to me because I got to hear the differences between my father's Americanized Cuban accent and that of a Cuban citizen. Despite its virtual uselessness, I absolutely loved my Finnish classes in Tampere. Finnish is in Uralic language family, and virtually unrelated to any neighboring Indo-European or Slavic languages.It has so many interesting features, like having 13 different cases, vowel harmony, and my favorite, an extensive word-changing system. Just as Spanish has stem-changing verbs, Finnish words change based on their last consonant and the preceding letter. More than anything, I loved seeing the patterns between completely unrelated languages, and that's what drives my love of linguistics. To me, loving linguistics makes just as much sense as loving science; both are just ways make connections that I would never have found otherwise. I was painfully introverted in my Freshman year. I would pause and consider how to respond to a casual greeting in the halls out of fear of giving the 'wrong' answer, or who mentally rehearsed what she was about to say three times, only to be talked over in a group. Sure, part of my social ineptitude was because I had just moved to Alabama and didn't understand the social dynamics, but the bigger problem was that after spending half my life with the same kids, I just didn't know how to deal with new social situations.I had to learn that just repeatedly Googling 'how to make yourself more personable' and 'how to be charismatic' wasn't actually going to help. I had to put myself 'out there', wherever 'there' was. And it turns out that the first good 'there' I found was at a Johns Hopkins CTY seminar at UC Berkeley! Following everyone's nerd stereotypes, our conversations were stilted at best. Naturally, by which I mean in a maneuver that I had never attempted before and was utterly terrified to do, I tasked myself with starting a conversation. I won't lie and tell you that we instantly and painlessly had a vibrant, flowing conversation, but I can say that we ended up as the only table in the room to be heard laughing. And so it went, until 'there' became a pretty fun place. Of course, it wasn't overnight, but one of the things that helped me the most was just being aggressively nice. Smiling at everyone, saying 'Hi' first, always offering to help, so on and so forth. I managed to make a great group of friends despite my initial shyness and struggles to adjust, and more importantly, I learned to come out of my shell and how to navigate even the least familiar of social situations.I moved from Connecticut to Alabama just before I started freshman year. Besides the major culture shock between New England and the Deep South, I had to adjust to my new school with its own long-standing traditions and culture. To make things even more confusing for me, the school runs from fifth through twelfth grade, so everyone already knew each other and had set their friend groups.Naturally, when I was thinking about a Birmingham-focused community service project for my school's leadership organization, I immediately knew that I should use my experiences being 'the new kid' to help make this transition easier for all of the new kids who come after me. After extensive conversations with my advisor, the Head of the Lower School, and the Head of the Upper School, I devised a new and comprehensive New Student Orientation. My program explained my school's traditions, the oft-mentioned Honor Code and Honor Court, and the ridiculously confusing schedule. I designed, printed, and posted flyers outside each faculty member's door with their picture and a few fun facts about them so no teacher would seem too unapproachable, and I recruited other students in the middle school leadership program and various upper school service clubs to help guide new students throughout Orientation Day. My program included things like class registration, lockers, schedule, extracurriculars, and traditions. My Orientation program has been in place for the past two years, and I've heard only good things from new students I interviewed later in the school year. I've arranged for it to continue operating under the guidance of the Student Government Association once I graduate. Besides the formal Orientation, I also try to help new students whenever I can. Last year, I took a new student from San Francisco under my wing and tutored her extensively, both in academics and the school's social dynamics. It was gratifying for both of us to be able to relate to each other's struggles transitioning into the Deep South, and it was as nice for me to give her advice and hear just how much I had truly learned as it was for her to hear it. "},{"index":1,"personal_essay":"Brown is my top choice because of its amazing academic culture. It has a reputation for quirky intellectualism, just like Blueno. Sure, it's known to be a bit eccentric, but having plenty of unique and interesting perspectives is infinitely preferable to being boring. Instead of being unnecessarily competitive or turning everything into a game of one-upsmanship, I love how Brown fosters a collaborative and interactive learning community through organizations like Departmental Undergraduate Groups and undergraduate TAs. I really appreciate how much support Brown gives its undergraduates, with first-year advisors, peer advisors, and concentration advisors. I also like how Brown emphasizes the importance of global study through its hundreds of study abroad programs and especially GLISP. While I might not do it all the time, taking a few classes at RISD to help make my costumes amazing sounds incredible. I really like how the Open Curriculum ensures that I'll be in classes with people just as motivated and interested as I am, even though I adore interdisciplinary work and will definitely take courses in all subject areas anyway. Finally, Brown is unique in offering computational biology, which would allow me to foster my other academic interests like linguistics.Why Brown, and why the Brown Curriculum?I never know how to respond when someone asks me where I'm from. I was born in New Jersey and lived full-time in Somerset County until I was 3, when my mother and I moved to North Salem, New York. I moved to Brookfield, Connecticut when I was 7, but I continued living with my dad in Jersey on weekends and in summer until I moved to Alabama when I was 13. Living in Alabama has certainly given me a whole new perspective that prevents me from definitively saying 'I'm from\u2026'.Tell us where you have lived - and for how long - since you were born; whether you've always lived in the same place, or perhaps in a variety of places.I am completely enthralled by the idea of computational biology. I love computer science, and I love biology, so combining them into one cutting edge field sounds incredible and just plain fun. Professor Sorin Istrail's work fascinates me- creating an entirely new programming language based on something we don't yet fully understand and designed to be used by biologists as well as trained computer scientists sounds like an amazing problem to solve! The other phenomenal thing about concentrating in computational biology rather than individually concentrating in computer science and biology is that I would be able to double concentrate in another one of my interests- namely, linguistics. I can't exactly put my finger on why I like it so much, but linguistics is just fun for me. Professors Uriel Priva's research on linguistic pressures and Scott AnderBois' research on semantics are especially interesting to me.Why are you drawn to the area(s) of study you indicated earlier in this application? If you are 'undecided' or not sure which Brown concentrations match your interests, consider describing more generally the academic topics or modes of thought that engage you currently. Growing up in a Cuban-American household has definitely shaped my worldview. My dad raised me on stories of growing up in poverty as he and his family financed their relatives' escape from Cuba and how only some of them helped his family in return. I didn't actually understand this for a long time, but my dad taught me the importance of family and, less expectedly, that it's critical to give because it's right, not for your own gain. I've also learned the importance of multiculturalism in my life and gained the ability to appreciate diversity in all its forms.We all exist within communities or groups of various sizes, origins, and purposes; pick one and tell us why it is important to you, and how it has shaped you. I like spontaneity. I want my future to be a surprise, because I've found that the best things in life happen when you're open to anything. I like to leave 'I'm not yet' intentionally vague, because I think it'll make my future that much better. I do, however, have some guidelines for what I'd like my future self to be.  It'd be 0K with me if I kept becoming more extraverted and, in a word, cooler. Then again, how can you get any cooler than science puns? In all seriousness, I like being social and having fun with my friends. I know that people who love science and computers are supposed to be nerds, but I actually really enjoy interacting with people. I envision myself in the future with a strong, active friend group that's always ready to do something, from spontaneous road trips to rainy afternoons together. I love talking and interacting with people, and I hope future me will only become more outgoing than I already am. I'd like to keep getting more interesting as I get older. One of the items on my bucket list is becoming quad-lingual (I'm halfway there!), and I never want to settle into monotony. I want to have unique life experiences that make great stories and even better memories. I always want to be learning something new and looking for the next great adventure in my life.  Finally, one of my biggest goals in life is to enjoy what I do and be good at doing it. I'm not saying that I expect to have nothing but 'dream jobs', but I want to have a job that means something, not just to me, but to society as a whole. I want something that always poses an important new problem for me to solve, that excites and challenges me in equal measure. My vision of what that job actually is may change\u2014my ideas include a CIA cybersecurity agent, a computational linguist, and a programmer for NASA\u2014but I know that I'll find something I love doing and that will make a difference in the world.  In essence, I envision my future self as a better version of what I am now. I'm an individual, and I will always stay that way. I like people and bad puns, and I never want to stop learning and evolving. I want to love the life I've chosen to lead, and I know that I will.'Become what you are not yet' - Saint Augustine. When you daydream, who do you hope to become in the future? I like to call myself a 'connoisseur of unexpected beverages'. It's a great way to tell people that I like to drink fun things that don't exactly come out of a Coke fountain. The drinks I try have their fair share of misses-- overpriced pear soda and 'drinking' vinegar (which is exactly as repulsive as it sounds) immediately come to mind. But I've also found plenty of delicious new flavors like ginger kombucha and prickly pear lemonade that I wouldn't have even thought of otherwise. In all honesty, though, actually ingesting the drinks is only about 10% of the fun. My favorite part is the conversations I can have. I love to offer sips to my friends so we can compare our reactions to weird flavors. Or, more accurately, argue about how to accurately describe the completely foreign taste. One of my friends might think that cucumber mint sparkling water tastes like summery, chocolate-free thin mints; another (well, several others) thought that it tasted like toothpaste; and I thought that it tasted alternately like cucumber, pure sparkling water, and mint. All of us are right, and that's what I love-- There's no one correct answer for how to describe a taste, so the closest I can get to being correct is by comparing and collaborating with my friends. I have to say, I think describing a drink as 'what would happen if Lush released a solid toothpaste tab called \\\u2018Summer Cucumber' and you dissolved it in sparkling water' is pretty darn accurate.  The 'Elise, what are you drinking?!' conversations can be ridiculously fun, too. From the look on a confused friend's face when they see the fluorescent green liquid in my hand to their reaction when I tell them that I brought aloe vera juice to school that day, I quickly discovered that talking about the idea of the drink can be just as fun as talking about the flavors themselves, even if my answer to 'But\u2026 why?' is always the same: because I thought it'd be interesting. The conversation rarely ends there, though; I'm often peppered with questions like 'Where do you even find aloe juice?' (near the Hispanic section in Publix), a second 'But\u2026 why?' (because why not?), or, my favorite, 'Does it even taste good?' (it's fairly good, like Kool-Aid but with lots of pulp). Then I get to wrangle with my eternal question: How do I describe this taste?  I even talk to complete strangers about my love of weird drinks! I've had ten minute conversations with a cashier at Target about my kombucha selection, and I've discussed a shared love of strangely flavored sodas with people next to me on planes.  There are plenty of reasons why I have a separate budget just for weird beverages. I love talking to friends and strangers about fun drinks and their flavors. Talking about and identifying the taste is probably my favorite reason why I've tried every drink in the Soda & Juice aisle, but my eventual decision on what to call a flavor isn't what drives me to keep buying increasingly strange drinks. It's the act of attempting to describe the flavor, of trying on different solutions and discarding them until I reach an acceptable heuristic. The process of discovery is more fun than anything else.Fans of the movie Sharknado say that they enjoy it because 'it's so bad, it's good.' Certain automobile owners prefer classic cars because they 'have more character.' And recently, vinyl record sales have skyrocketed because it is perceived that they have a warmer, fuller sound. Discuss something that you love not in spite of but rather due to its quirks or imperfections. - Inspired by Alex Serban     The sole reason why I am applying to the University of Chicago is for $1 Milkshake Wednesdays. I'm joking, of course, although I certainly don't view it as a bad thing. More importantly, though, I'm applying to UChicago because of its scholastic atmosphere, phenomenal research opportunities, and overall fit.      As I would imagine most UChicago students are, I'm an unabashed nerd. I love UChicago's commitment to interdisciplinary learning through the Core Curriculum. I don't want to neglect one side of my brain to pursue another, and I wouldn't have to at UChicago. Furthermore, I like to consider myself a global citizen; I love learning other languages, I've studied internationally twice (Cuba and Finland), and I generally like experiencing new cultures. So naturally, I really enjoy the fact that UChicago has study abroad programs in over 20 countries and that 60% of the student body studies abroad at one point. I would hope to take Core courses overseas, especially La Civilization en el Mediterraneo Occidental so that I could perfect my Spanish. I also really appreciate the amount of advising available to UChicago students. Having individual academic, career, major, thesis, and study abroad advisors would be a serious asset to me as a student in trying to figure out what I want to do with my four years of college.  I think that practical experience, especially in the STEM fields that interest me, is necessary to learn the material and, more importantly, decide if I actually want to go into a field. UChicago has some of the best research and internship opportunities in the world, especially through the Jeff Metcalf Internship Program. I also really like the UChicago Careers In STEM program. No one in my family knows anyone in the field of Computer Science, so having a dedicated program to teach me the best way to find a job in today's hypercompetitive atmosphere would be a big help to me.  Finally, I believe that I am a perfect fit for the University of Chicago. One of my coworkers at my internship this summer went to UChicago for his first year of college, and he told me, 'UChicago has some of the weirdest people I've ever met', to which I replied, 'Sounds like fun!' I like being around interesting people, it makes everything so much more\u2026 well, interesting. I absolutely love the fact that UChicago has a strong culture of intramural sports. A massive football culture might be fun to a lot of people, but for me, I would much rather actually participate in lighthearted sports. I already know that I'm going to dominate in inner tube water polo. I also love UChicago's house system; having a built-in community from the second I step foot on campus would be amazing, and I would love to be a part of all of the fun house traditions. And of course, I would love competing in Scav Hunt! I've heard that a road trip has been an item on the list, and not to brag or anything, but I've ridden in or driven a car for almost 150,000 miles- about six times the circumference of the Earth.      In summary, I'm applying to the University of Chicago because of its amazing academic culture, extensive opportunities for practical experience, and perfect fit for me.How does the University of Chicago, as you know it now, satisfy your desire for a particular kind of learning, community, and future? Please address with some specificity your own wishes and how they relate to UChicago."}]}