{"schema":{"fields":[{"name":"index","type":"integer"},{"name":"personal_essay","type":"string"}],"primaryKey":["index"],"pandas_version":"0.20.0"},"data":[{"index":0,"personal_essay":"] Some students have a background or story that is so central to their identity that they believe their application would be incomplete without it. If this sounds like you, then please share your story.   'Do you need help with that?'Her eyelids squinted in expectation, allowing the scleras to glow with the fluorescent light. These were no longer eyes; they were horribly expectant answer boxes, waiting for my ballot to be cast.The question was simple - so simple - but I didn't want to answer her. I didn't know what to say.It was the fifth month of the Sammamish Youth Writing Club. I'd let my mother convince me to appoint an executive board, and was staring into the eyes of my new Vice President, Delaney. It all just felt wrong - the walls' oaky brown now appeared petrified; the slate-greyness of the chairs felt forced. This place had seemed so comfortable when I led the meetings alone, but now my library felt infiltrated. I was no longer the only one in charge of the Sammamish Youth Writing Club. I was giving my child away.Nine months ago, I had pitched my idea to big-name sponsors, and in the end the city government - the city government! - was the one to agree. The entire summer before junior year, I created a media presence, designed flyers, and hung them up on Uncle Sam's dime at every conceivable city bulletin. I stood for seven hours each week at the Farmer's Market under the liquefying sun, booth-less, chair-less, my skin the texture of Velveeta Liquid Gold, shoving flyers into the hands of passersby, enthusing with Leslie Knope-esque eagerness at anyone who paused to read the sign. You see, all I've really thought about since the sixth grade has been worldly independence - not the kind with car keys and credit cards and Red Solo cups. I mean sixties-style independence (sans marijuana, avec tasseled headbands): freedom from conformity; starting something that will be beautiful; making an impact on the world.I've never seen things on a small scale. I wasn't content building a LEGO house; I had to build a city. And I wasn't content with a mundane school club, so I made one with 90 members, with yearly regional competitions and relationships with New York Times bestselling authors, schools foundations, NPR. I need to be great at what I love, and I won't stop until I am. It's not competition, it's passion - desire that burns so much it hurts, it churns, it pernoctates. I want to do something that helps the world, and I want the recognition: the Nobel Prize in Medicine for my neuroscience research, the Pulitzer for my seventeenth novel, the Fortune 500 listing for my company.I want to leave a legacy.'Niyathi?' Delaney's voice shattered my thoughts. 'Do you want help moving the chairs?'My eyes darted toward her fingers, curled around the chair's steel rim in anticipation. She's ready to help, I realized. She wants to help.The thing about passion, I've learned, is that it's rare and specialized. It's hard to find a peer who loves teaching writing like I do, so I've always worked alone. I've made networks and colleagues, but never good friends - because I'd never met someone with my desire for greatness. But now there was this person right in front of me, whose fingers curl around the chair just like mine do - eager to move it, to start teaching, learning, doing something beautiful.It didn't matter how long I'd stood outside with flyers, how the sweat poured like butter on Paula Deen's rolls. If I feel entitled, then this club is mine. But if I release this club, then it touches everyone, just like I always wanted it to. I'll find people like Delaney in college - people who throw themselves full-force into their passions like I do - and I will need to trust them so we can do together what I can't do alone.I owe it to my dreams to share them.'Yeah,' I smiled, letting go of the chair. 'I do.'Word count: 642 "},{"index":1,"personal_essay":"Describe the world you come from\u2014for example, your family, community or school\u2014and tell us how your world has shaped your dreams and aspirations (444 words):I've always been fascinated by the idea of individualism. I love it. I love how, even in the darkest eras of humankind, we've managed to keep this idea alive. Markus Zusak in 'The Book Thief' speaks of Nazis and Jews as individuals; Ji-Li Jiang in 'Red Scarf Girl' shatters the image of Chairman Mao's 'Communist sheep.' I love books about people who tell their stories in a very Louis-Zamperini-from-'Unbroken' sort of way.See, my world is comprised of the people in it who intrigue me\u2014in the streets of Los Angeles; in the ubiquitous Starbuckses of Sammamish; in my schools, with blue hair and ambition; in my home, with love and agarbatti. I trace it back to my parents, who in our tiny apartments would tell me how each child in their villages, raised with the same values, became a different person; how everyone is thinking something at any time; how all humans are unique, strange, beautiful.And so I became the girl who watched people, sitting in the dog park or at my lunch table, observing those around me and inventing stories about their lives. I was the girl who, standing in the line for the bookkeeper, would feel the need to talk to the boy behind me and learn more about him. Then I began writing the fabrications, observations, and conversations down, stirring the words, curtailing the lines\u2014creating stories from amalgams of letters, strewn into this strangely satisfying object called poetry.It wasn't until I opened myself up to a blog (a concept I'd been considering for some time) that I discovered I didn't just love the writing\u2014I loved the people behind the stories. Even if the story was a page long, its characters would each have their own aspirations, fears, birthdays, favorite colors. I captioned my blog 'A teenager's take on human nature, and this thing we share called individualism'\u2014because, after years of writing about the world I'd seen, I realized that humans are bonded by our individual uniquenesses.I then started tagging my posts with 'philosophy,' 'psychology,' and even 'neurology.' It seemed only natural that I'd start exploring the biology behind our stunning minds\u2014researching articles, doing an internship at a neuroscience lab in Rutgers University. The fascination started in ninth grade biology, and was augmented in IB biology junior year. The brain was the quiet leader behind all these people that intrigued me, behind my world.Neurobiology is a form of storytelling. These chemicals and electrical charges make us each strange, beautiful individuals\u2014individuals I've paid attention to for years, in whose observation I formed my core beliefs, my knowledge. People are my world, and I want to understand their stories.Emory University welcomes first-year students with two distinct options to begin their liberal arts education: the research-infused Emory College or the smaller, experiential learning Oxford College. If you could create an academic course that is in the Emory University spirit of collaboration, creativity, entrepreneurship and inquiry, what would it be? What impact would the course have on you and your classmates' educational experience?:The professor walks into the classroom in waves, each step mimicking the ebb-flow fervor of her thoughts. And then she announces, in a very Viola Davis sort of way \u2014 'Welcome to Startup 101.'She whips out her Expo marker and writes on the whiteboard, From Idea to Launch. 'As you know,' she rings, writing the whorl of her h, 'Goizueta Business School has a concentration in entrepreneurship. But you're all undergrads, and neither Emory nor Oxford have classes that focus on startups. Most of you, though, aren't going to major in business. So why' \u2014 her lips coil into a smile \u2014 'are you here?'Students' hands shoot up. 'You, with the gypsy headband.''Niyathi Chakrapani,' I pipe. 'See, I want to work for myself. I'm majoring in neuroscience, but that's just because brains are cool, and I love biology. I look at businesses like Lumosity, whose basis is in neuroscience, or Theranos, a healthcare tech company, and I see a future.'All great leaders, politicians, celebrities \u2014 they're entrepreneurs. They know how to create a product, an image, and bring it to fruition with a team. Entrepreneurship is in everything.'The professor nods slowly. 'Yes. I like it.'She taps her Expo to the board. 'From Idea to Launch,' she reads. 'A semester-long class, split into two parts. Idea' \u2014 she underlines the word \u2014 'the first half in which your team will research, craft, transform that little mineral in your head into a viable concept. In the second half, you work toward a launch' \u2014 she rapidly underlines and adopts a looming melody, like an astronaut's voice before take-off \u2014 'developing strategies to attract human and financial resources, writing a business plan, improving the pitch. And for your final project' \u2014 by now, she sounds like Whitney Houston on a high note \u2014 'you pitch your idea to members of the faculty, who are your venture capitalists!'The professor pulls herself back from the throes of entrepreneurial enthusiasm. 'Every week I'll teach you a principle of business \u2014 management, market research, government policy, organizational strategy, liquidity, communication, and more. All the things you need to be successful in a startup \u2014 and really, in everything you do.'In everything I do. The words ricochet off the walls of my mind, compiling until the cavern is filled with sound.'I'll let you in on a secret.' Her voice evaporates to a resonating whisper. The students lean in to seize every syllable. 'This class isn't about startups at all. This class is about leadership. Teamwork. Innovation. Questioning. Researching. Changing the way you think. Creativity, you see, cannot be learned; you already have it. It must be unearthed \u2014 extricated from your clammy, closed minds, pulled like a rabbit from a hat and then, then you can rub that little rabbit's foot in any class, major, concentration you like. You can succeed in anything.' She nods at me, the girl who likes brains and wears tasseled paisley. 'Entrepreneurship is in everything.'She caps the Expo. 'Let's begin.'The Admissions Committee would like to learn why you are a good fit for your undergraduate school choice (College of Arts and Sciences, School of Nursing, The Wharton School, or Penn Engineering). Please tell us about specific academic, service, and\/or research opportunities at the University of Pennsylvania that resonate with your background, interests, and goals. (400-650 words):'Pavilionista.'I'd made the name up three seconds ago - the name of a poem, naked without caesuras, syllables, Leitwortstil-laced lines. I'd seen a pavilion as I walked into the neuroscience laboratory at Rutgers Medical School where I was interning, and somehow Pavilionista had become a person - but how? What was my mind doing?Suddenly, the confusion metamorphosed into words - 'Pavilionista: tumbling, tumultuous,writhing in entrails ofatmospheres,breathing in tendrils, thinking in tremors,living with black matterand neutrinos.'The ferocity of the lines unnerved me. What was I writing? Where was I going? Who was this Pavilioni -'Niyathi, is that a poem?'I spun around, jarred out of my questions. It was Millie, a graduate student at the lab. 'Oh,' I said eloquently, 'I - er - it's my break, and I just thought of a name for this poem, and I -''Cool,' Millie chirped amusedly, reading the sprawling words. 'I don't get it, though.''Neither do I. But I never do, really.''What do you mean?'I wondered how to elaborate. 'Creativity,' I started slowly, 'is funny. Insignificant things become inspirations, ideas that blossom into something that I'm both proud of and confused by. The words - they burst out of me.' I furrowed my brow. 'It fascinates me. I mean, how, why do I write like this? What is happening in my brain? So I started a blog, writing about creativity, human nature, and the mind. Then I took classes - massive open online courses, you know? - on neurology. I became captivated by cognition.''And that's why you're here,' Millie remarked, 'in a neuroscience lab.''Exactly.' I grinned as she waved and left for her Cresyl Violet brain slice staining. My love of writing had indeed blended with a love of the brain, of its creative power - and the College of Arts and Sciences is the perfect combination of writing and neuroscience. The General Education Curriculum is built to provide wide-ranging, interdisciplinary perspectives that would teach me the relationship between neurobiology and art, between science and creativity. I can major in the Biological Basis of Behavior (BBB) and minor in creative writing. BBB is distinguished from a neurobiology concentration in the Biology department by its emphasis on interdisciplinary studies and more opportunities in cognitive and clinical neuroscience - so I can take more courses in both the arts and sciences, and focus on cognitive biology, the basis of creativity.The BBB program also lets me independently research the art-and-brain relationship with a Perelman School of Medicine faculty member who is doing just that: Dr. Anjan Chatterjee, Elliot Professor of Neurology, who examines neuroaesthetics - the biological basis of art. By applying for the College 99 program, I could receive credit for this independent research even before I am a junior. I would love to publish my findings at one of Penn's undergraduate research journals, like PennScience.The writing programs I have access to at the College, too, are amazing; I love the community at the Kelly Writers House, and have been discussing its opportunities with Jamie-Lee Josselyn, Associate Director for Recruitment. I want to expand into experimental and digital creative forms in the Writers House's Mellon Writing Group, and start a society in the House for scientific writing. I also love The Art of Science, the UPenn club that explores the biological and chemical bases of different opinions, how we communicate emotions and thoughts - the exact connection between art and neuroscience that I love. At the College of Arts and Sciences I can truly explore this connection, coming closer to unlocking the mysteries of the brain, of creativity and cognition, of the human race.'And she stands in the corner, Pavilionista,unsure of the future, of her script, of herworld, knowing onlyher lovefor the penand the mind.'Choose a book or books that affected you deeply and explain why. (150 word limit):I'm a writer. Every book that has ever affected me has taught me something about writing: Lillian Smith's Strange Fruit gave me the courage to write on controversial themes; Markus Zusak's The Book Thief taught me how to develop a character so thoroughly that their pain becomes my reader's.But I learned more from ten pages of The Goldfinch by Donna Tartt than in any other book I had read.Tartt's imagery is jarring, deviant from all norms; she describes sounds with colors, emotions with movements of eyebrows, people with the angles of their bones. I learned new ways to portray settings, characters, events -- new ways to mold words into images. And I'm inspired to experiment with punctuation and rhythm like she does, mixing hyphen-laced polysyndeton with parentheses, commas, parallelisms. Tartt taught me to reject all my previous notions of imagery, rhythm, and style -- and to invent my own."}]}