{"schema":{"fields":[{"name":"index","type":"integer"},{"name":"personal_essay","type":"string"}],"primaryKey":["index"],"pandas_version":"0.20.0"},"data":[{"index":0,"personal_essay":"Stepping off the plane on June 13, 2005, I knew I was no longer in Colombia. Standing in the middle of themetropolitan city of San Diego, surrounded by clean streets, an abundance of cars, and large architectural feats,this city portrayed a stark contrast to my hometown of Bogota. Just 24 hours prior, I had been lying down on thefloor of our old apartment, anxiously waiting for our alarm clock to ring; when it did that morning, I had not yetrealized my life would soon change.The first noticeable difference was school; we were motivated to learn, advance, and achieve greatness. I was toldI could accomplish anything I dreamed; however, I knew I did not have the resources to procure my dreams. Westarted from zero, scratch. It was our own version of the classic immigrant story\u2014moving and hitting the restartbutton. I was told that my socioeconomic situation did not matter. Little did they know, it does.I spent my childhood at home, stuck within the four walls of an apartment while my parents worked incessantly fora living. They worked to provide; provide for my education, food on the table, and my own development. From anearly age, I have valued hard work. I viewed it as the opportunity to excel in life, fulfill my dreams, and reward myfuture self. Since I was a child, I have been witness to the perseverance of my parents, and I have translated it asthe key to my own success. I have battled great wars, both educationally and financially.Growing up, I walked to and from school, 40 minutes each way to be able to have the opportunity to climb thegreat language barrier within our school system. My parents did not want me in the class taught both in Englishand Spanish because it was a class that went at a slower pace; they wanted me to be in the advanced class. Theydid what they believed was ideal: they threw me into the class and hoped for the best.My first experience in the American school system will be indelibly inscribed inside my mind\u2014on a warmSeptember day, my father took my hand and presented me to my first teacher: Mrs. Camu. I walked into a room ofacademic abundance. The walls were lined with classic motivational posters, every letter of the alphabet, and whatI believed to be the most important thing of all: the multiplication table. I began that day at the bottom of my class, Iwas the kid who talked the least because he knew the least, yet many years later, I ended up transitioning intohigh school at the top one percent of my class, a testament to the great choice my parents had made severalyears prior. I don't know where I would be if not for Mrs. Camu; however, everything following that monumentaldecision has been of my own determination. It was my decision to enroll in AP classes, to join journalism, and totry my best in every aspect of my life. And, oh boy, has it been a rollercoaster!Throughout this incredible journey, my background has impacted my actions. I have always had to work thehardest to be on par with my peers. This work has paid off, it has been the cornerstone to some of my greatesttriumphs, from having the opportunity to enroll in Advanced Placement classes to being entrusted as chief with myschool's newspaper and yearbook. Despite the socio-economic situations I have faced, I have achieved. I madethe best with what meager means I was given because I can't change my past or my background. I only havecontrol over my future. Everything I have accomplished and endured has prepared me for excellence in my futureendeavors.True leadership is efficiently handling a situation in which you can teach people and help drive them forward. Leadership is not bossing people around, rather it's working alongside them to accomplish a common goal. In my life, I have been privileged to be able to lead different groups of people to receive awards and complete our goals. However, one experience that has positively influenced others on a completely different level than the rest, is my leadership in our school's Advanced Placement (AP) Ambassadors program. Our AP Ambassadors program is a group of students whom have taken AP classes and are readily available to tutor students who need aid in their AP or honors classes. I vividly remember the day an Algebra II student walked into our advisor's room, after being forced by his mom to participate in tutoring. Our advisor asked who was available, and in the abounding sea of people, I raised my hand and offered to help. I raised my hand, even though I was flooded with piles of work from my other extracurriculars, journalism, and yearbook, because I saw, what I believed was, a spark in this student, who even though had been dragged to this study session was ready to learn and improve. We worked diligently after school for a couple of days until the day before his test. I tutored him by going step by step until he dominated algebra. I could have easily decided to let someone else tutor him or have just told him to do this and that, but I genuinely believe working alongside someone and getting down to their level and helping them from the ground up is the best way to lead someone. Leading should be done by example, doing the hard work and taking the time out your day to just concentrate on teaching, rather than telling other people to do it. This student, after putting in the work with me, was able to ace his last test. Not only did this bring satisfaction to him, but I was ecstatic that I was able to contribute to his success.Stepping off the plane in 2005, I knew I was no longer in Colombia. The first noticeable difference was school; I was motivated to learn and achieve greatness. I was told I could accomplish anything I dreamed; however, I knew I didn't have the resources to procure my dreams. We started from zero, scratch. My own version of the classic immigrant story\u2014moving and hitting the restart button. I was told my socioeconomic situation did not matter. Little did they know, it does.I spent my childhood at home while my parents worked incessantly for a living. From an early age, I valued hard work, viewed it as the opportunity to excel in life and fulfill my dreams. Since childhood, I witnessed the perseverance of my parents and translated it as the key to my own success. Growing up, I had the opportunity to climb the great language barrier. My parents didn't want me in the class taught both in English and Spanish, since it was a slower pace; they wanted me to be in the advanced class. They did what they believed was ideal: they threw me into the class and hoped. I began school at the bottom of my class. I was the kid who talked the least because he knew the least, yet many years later, I ended up transitioning into high school at the top of my class, a testament to the great choice my parents had made. And, oh boy, it's been a rollercoaster!Throughout this incredible journey, my background impacted my actions. I had to work the hardest to be on par with my peers. This work paid off, it's been the cornerstone to some of my greatest triumphs, from having the opportunity to enroll in Advanced Placement classes to being entrusted as chief with my school's newspaper and yearbook. Despite the socioeconomic situations I have faced, I have achieved. I made the best with what meager means I was given because I can't change my past. I only have control over my future. Everything I endured prepared me for excellence in my future endeavors.As a senior and student, it is our duty to leave our school better than when we first entered as a freshman. As my junior year concluded, I was faced with a tough selection of classes and choosing whether to pursue journalism, yearbook, or both. These two classes intrigued me, I had been part of yearbook back in middle school and journalism my junior year. I was attracted to our school's publishing classes, in part because of my love for photojournalism, but mostly because it was my way of giving back and leaving a mark on my school. Our school's yearbook department was mediocre while our newspaper was nationally ranked and I believed I could transform our yearbook department into a pacemaker winning school while enhancing our journalism department as well. Even though our two departments share the common goal of recording our school's history, they were divided and worked within their own hub. I took it upon myself to try to aid with the building of a bridge between the two departments. However, the way I approached this could be seen as ambitious. I applied for editor-in-chief of both publications, and to my surprise, I became the head of these two great departments. When senior year started I had been able to flow information, articles, and photographs from one publication to the other and vice versa, and this new friendship has enhanced both publications. A problem both classes had, was the lack of coverage of school events. Now that we share information, we are able to get greater coverage of events because if one publication is at an event, it's as if both journalism and yearbook were there. This merger of agenda has aided our school because now the student body is able to stay updated with current school events via our newspaper and once the school year is over they will be able to reflect on all the events captured by both publications. While this merger was probably inevitable, I am ecstatic that I was a part of constructing a great yearbook while enhancing our nationally ranked newspaper.An idea that I believe in, is my intellectual development and this idea of staying hungry, hungry for knowledge and understanding. This idea sets me apart as a student because my motivation is fueled by my academic hunger to learn more and understand the curriculum which I am taught.I feed via indulging in knowledge; this method includes self-teaching through the internet or videos, learning from other knowledgeable people, or simply letting my curiosity run free and allowing it to learn from experience. I don't believe people have a limit in their understanding of a subject, I believe we're all capable of expanding our knowledge and developing our mind beyond our believed capacity. As for myself, I know I love learning new insights because learning is my brain's food. Staying hungry is not a problem when it comes to feeding my brain, it is the method through which I have experienced some of my greatest satisfaction. When I was able to comprehend derivatives because I taught myself after school, I was ecstatic that I understood a complex idea that my peers didn't understand at first. I was able to aid them because I had nourished my hungry brain weeks prior to the actual lesson. Staying hungry fueled my intellectual development because it kept me wanting to learn new information every day. This hunger sets me apart from a wide variety of students because most students' hunger is hidden and never surfaces. Some prefer to take the easy road and do what is minimally required, yet I know my hunger and vigor to succeed sets me apart. It's what allowed me to become editor-in-chief of two publications and what has allowed me to achieve great success in my rigorous academic courses. I know that other students pursue education and hold it to a high regard, yet I believe that there is only a handful of students who truly hunger and appreciate the opportunity to learn, and being able to study at a University of California would allow me to pamper my hunger to a higher degree than I ever thought possible."},{"index":1,"personal_essay":"An idea that has been important in my intellectual development has been this idea of staying hungry, hungry forknowledge and understanding. As a student, my motivation is fueled by my academic hunger to learn more andunderstand the curriculum which I am taught. When my teacher teaches, it is not enough to quench my hunger. Ineed to feed via another method; this method includes self-teaching through the internet or videos, learning from other knowledgeable people, or simply letting my curiosity run free and allow it to learn from experience. I don'tbelieve people have a limit to their understanding of a subject, I believe we are all capable of expanding ourknowledge and developing our mind beyond our believed capacity. As for myself, I know I love learning new factsand insights because learning is my brain's food. Staying hungry is not a problem when it comes to feeding ourbrain, it is the method through which I have experienced some of my greatest satisfaction. When I was able tocomprehend derivatives because I taught myself after school, I was ecstatic that I understood a complex idea thatmy peers didn't understand at first. I was able to help them because I had fed my hungry brain weeks prior to theactual lesson on derivatives. Staying hungry fuels my intellectual development because being hungry forknowledge keeps me studying and willing to learn new information every day.Idea or experience important to intellectual developmentUpon embarking on our first day, there are a few things you should know. My definition of fun is a little quirky. Ilove tackling difficult problems and talking with people. I especially enjoy taking pictures, so brace yourself for thecapturing of your image on my camera's sensor. Another thing about me is that contrary to popular belief, I am notMexican; I come from Colombia. Where do you hail from? Yes, I used the word hail, I have a unique vocabularyand weird selection of factoids. Therefore, I might occasionally point something random in our day. Another thingyou should probably know about me is that I am meticulous about organizing, a neat freak.Knowing this, you should know I plan on pursuing civil engineering to better our infrastructure and cities, yes thatsounds cliche but I would like to improve my community with the knowledge I receive here at Stanford. It would beawesome if we shared the same major, even if we don't, I can foresee our bond growing after many long nights ofstudying. If you don't see me in the classroom or the dorm it's probably because I am outside photographing theamazing campus and sporting events. If you have a cool activity, you can probably expect me to be therephotographing the event, as I would like to be part of the Stanford Daily, possibly being a photographer for them, ifI can.That's my life, what is yours?Note to future roommateEducation matters to me because I view it as the medium through which a person, such as myself, can exceed inlife. My parents did not have the opportunity to attend a four-year university because of their circumstances, yet Ihave the possibility to continue my education at the next level. Education is essential to me because I grew upwith the consequence of my parents having to struggle financially because they did not have the college degree toobtain the job they would have wanted. In my life, I have pursued education because I believe it alleviates life'suncertainty when it comes to qualifying for the type of life a person would want to live and the job they would like tohave. Education is the key to the doors life presents; without education, we would be locked out of manyopportunities, all of which can be opened with the pursuit of education. Our generation should keep studying andfocus on obtaining an education because it will be the way in which we, as a society, will be able to advance.Overall, I believe education is the cornerstone that we all build our lives on, whether we pursue it or not, thisdecision has tremendous repercussions in our life. As for me, I believe it will establish the framework for the life Iwant for myself, to be educated and use my education to the betterment of society.What matters to you, and why?Facing challenges is a bit of a challenge in itself. When life presents you with a series of brick walls there are a plethora of paths to take. While some people tackle the problem head on (in this case needing a lot of power to break through) I try to take a different alternative. Instead of attacking a problem head on, I begin to look for the root of the problem and the root of some of my biggest challenges is procrastination. This little entity makes itself well known in the sea of problems I face on a daily basis, it's the root of my academic problems along with fitness. I try to manage my time, but I somehow end up waiting till the last minute. However, for this problem I have realized that I need help; that managing my time cannot just be thinking about when I am going to do something. I have begun to transition from keep mental notes to transferring them to a calendar. This change in perspective and action will allow me to get to the root of my problem. When I tackle situations at school or in life I have realized that the culprits are usually masked within a smaller entity of what looks like a giant problem. It can usually be traced to one's own decisions. That is the problem I tackle, finding the root even if it's myself and then attacking it. That is what I face: procrastination, but recent events in life will make me transform myself in order to leave my old ways behind me.Challenge You Face"}]}