{"schema":{"fields":[{"name":"index","type":"integer"},{"name":"personal_essay","type":"string"}],"primaryKey":["index"],"pandas_version":"0.20.0"},"data":[{"index":0,"personal_essay":""},{"index":1,"personal_essay":"I wrote about feminism, and how at my all girls school women's empowerment and women's rights are highly supported, but when I encounter people outside my school I have very negative experiences with those who do not understand what feminism truly entails and see it as something radical and prejudicial, obstructing social change."}]}