{"schema":{"fields":[{"name":"index","type":"integer"},{"name":"personal_essay","type":"string"}],"primaryKey":["index"],"pandas_version":"0.20.0"},"data":[{"index":0,"personal_essay":"'Your dad is leaving for California.'My mom's words dissipated my characteristically cheerful mood; I was shocked. Overcome by a looming sense of loss and powerlessness, I barely heard my parents as they explained that my father was offered a job in California. Unfortunately, due to my mom's work permit restriction, the rest of the family have to stay behind in Massachusetts. As I watched my father board the plane, I felt tears welling in my eyes. My parents had put me in my grandparents' hands as they ventured to the United States when I was one, and I only met them later on. After experiencing the joy of living with them, it hurt to lose my father so soon.Following the separation, I saw my mom's mood decline as she entered a state of constant exhaustion. Apart from her full-time job and household chores, she had to care for my five-year-old brother and me. Noticing her fatigue, I started to bother her less, hoping to lighten the weight on her shoulders. I began to bike to and from school so that she didn't need to drive me. I would return home to an empty house, sweaty and tired, and do my chores so the house would be cleaner when my mom came home.It was then that, to make my evenings more fun, I started to use these chores as an outlet for my creativity. When I vacuumed, I blasted electronic dance music and imagined myself as deadmau5, turning the living room into my stage and the vacuum into my mixer. I did the same when my mom wasn't home, and I cooked dinner for my brother and myself. Then, the kitchen transformed into a laboratory for my mad scientist ideas. I meticulously measured a medley of ingredients with cups and balances, pouring them into a boiling cauldron of noodles. My brother learned to live with my infamous 'Mystery Noodles,' which had ingredients ranging from apple cider to chocolate bars, though my learning process was not without failure. Once, as a fearless pre-teen eager to try out some habanero powder I found in a cabinet, I scooped a generous spoonful into the soup. I spent the rest of that night on the toilet regretting my decision, but that was the price to pay for the joy that I got from my inventive cooking.Exercising my creativity was an unexpected consequence of spending time by myself, but it stuck with me as I translated it to other environments, transforming all tasks into adventures. One of these tasks was doing my math homework. Every time I opened my math book, I entered a world where I was the hero, and each math problem was an evil villain. I slashed fiercely with my pencil, following the technique of powerful formulas, and each solved problem was a small victory against my loneliness. I soon developed a true passion for math and found that the imaginary worlds I fabricated were not enough to fulfill me. I itched to leave the house to attend Mathcounts club meetings, and I would be excited for Fridays afternoons almost exclusively because that's when they took place. Those meetings were spent in deep thinking, laughter, and friendly competitions. I lacked this kind of easy rapport and collaboration at home, and the rarity of the meetings fed my desire to work alongside others. I wished I could have spent more time there, because I realized how much my peers' help and company expanded my mind.I have come to understand that the circumstances I grew up in have shaped me into someone more creative and resourceful than I would have been otherwise. Today, with my dad back in our home, I continue to excel at collaboration and creativity. I feel a deep gratitude toward the sacrifice my parents have made for me, and I look forward to a future with many more academic challenges.Snuggled in the south side of my high school is the band room. Walking by it, one hears the clicking of two drumsticks colliding and a man repeatedly shouting the phrase 'ta-ka-di-mi' over the mistimed entrances and cracked notes of a practicing ensemble. To the inexperienced ear, the sounds create an unappealing portrayal of what happens there. However, as a trumpeter in multiple ensembles at school, I have spent a large chunk of time in the room with its inhabitant, and see it in a different light.From the inside it is quite charming, with turquoise and beige walls curving out from the conductor and windows surrounding it thirty feet in the air, like angels. However, the musical experiments happening there are what truly add to its beauty. My band director always encourages us to try different ways of shaping music until we find the perfect fit \u2013 although it is also true that when forty musicians play different styles at once the combined result can be overwhelming. Regardless, Wind Ensemble has always been where I could forget about work and let my creativity out.One afternoon, I walked into band class exhausted from a morning of exams. I slumped in my seat, took out my trumpet, and started buzzing with my mouthpiece. In my mind, I could not stop rehearsing history facts in preparation for a test I had the following block. As the band quieted down, my music teacher stepped onto the podium and said:'Today, Eugene will lead warm-up.'With no strength to argue, I trudged to the front of the class and turned towards the ensemble. Suddenly, fear gripped my senses and locked my emotions away. When I started conducting, the black and white music thumped lifelessly against the colorful walls.Over the ensuing weeks, the class became my testing ground. As soon as the band settled down, my band director called me to the front of the class to conduct the warm-up. He had seen something in me that I didn't know existed, and he persisted in breaking down the introverted shell that I had mistaken for my core. Eventually, it came apart. One day, having been in exams for hours and feeling emotional, I let go of the caution that, without myself realizing, had been constraining my conducting. The music flared in color. I looked over at my music director and was met by a huge smile that stretched across his face. I felt a new kind of joy as I let go of my restraint and expanded my movements, the music following suit. With my newfound confidence, I set out to make my high school experience more enjoyable. I decided to run for class office, since the events that were routinely planned had dismal attendance and worsened our already minimal school spirit. When I gave my class officer speech, I summoned the strength to let my walls down and spoke with intent. Although I lost that election, I won something more valuable: the courage to let my walls down and grasp the full gamut of my emotional ability, which has later allowed me to take more initiative in pursuing my goals."},{"index":1,"personal_essay":"Given my upbringing in a competitive-math environment, where problems had discrete answers, my introduction to the world of predictive mathematical modeling was both shocking and eye-opening.The idea that no precise answer existed and that priors, which are probability distributions that are based off one's beliefs, needed to be constantly updated puzzled me, as this contradicted my idea of math's concreteness. No matter how much data I analyze, the posterior will only approach the true value \u2014 a 'correct' posterior remains elusive. I've always learned from my mistakes so that in the future I could attain the correct answer, but when every answer is in some sense wrong, this sort of learning becomes mentally challenging.To gain familiarity with this new approach to math, my instructor had me work in a group on a modeling project. There was one catch: no priors were given, meaning we had to pick our own. It was unnerving to follow personal biases to solve a math problem, especially when each person picks different priors. Surprisingly, the average of everyone's posterior values was relatively close to the true value \u2014 our personal biases had canceled each other out! The confusion suddenly cleared, leaving behind the beauty of the process. I realized that because there are countless factors that affect real-world situations, true priors are essentially unobtainable, so approximations are used to accurately account for these impediments. As more data is entered, the approximations gain precision, thus making collaboration crucial.Learning about updating priors to accommodate various situations has taught me to embrace the unfamiliar and to think boldly. My new perspective not only allows me to become a productive member in a collaborative world in which I stay open-minded and offer unique information, but also view life in an exciting novel way \u2014 one in which my posterior is optimal.Tell us about a skill or concept related to your anticipated area of study, that you found challenging and rewarding to learn.6:45 AM. We enter the building through a backdoor and hide behind the piano as the janitor passes us on his cleaning route.Twenty minutes later, the three of us, sweat trickling down our sore muscles, stood admiring our creation. Towering fifteen feet over the center of the band room stood an elaborate recreation of the Aztec megastructure \u2014 Templo Mayor \u2014 only it was made out of chairs and music stands.You see, the parallelepiped-shaped chairs were made of polypropylene, making them perfect for building. The seats were also slightly indented, forming a subtle dip that kept the above-stacked chairs in place.Contrary to my Templo Mayor, my chair 'sculptures' aren't always massive. In honor of my last class of 'Geometry and Symmetry' (GeoSym) at PROMYS, my friends and I challenged the laws of physics and created a tribute of abstract chair art properly named 'GeNoSym.'Through careful scientific analysis and imaginative thinking, I create can something out of nothing. I will eagerly apply this creative process to academics and other aspects of my life, as it brings me satisfaction and excitement.Caltech students have long been known for their quirky sense of humor, whether it be through planning creative pranks, building elaborate party sets, or even the year-long preparation that goes into our annual Ditch Day. Please describe an unusual way in which you have fun.Jaws dropped as I listed the courses I planned to take in senior year. 'Aren't you a math a science person?' everyone asked.In my first three years of high school, my schedule revolved around STEM courses, even opting to double up on senior science classes my junior year. However, as my peers debated historic battles and current events, I started to realize I couldn't go in depth with any of my arguments. My skill set was too narrow; I needed to expand.During senior year, I walked with Rousseau and Voltaire and dreamed with the Bourbon monarchs. Although before I had no interest in pursuing the humanities, I have gained great insight into the different aspects of the human condition by studying events throughout history.Caltech is a very STEM-heavy school and suits my academic interests, but I see myself attending Caltech not only to engage in math and science, but also to bring the emotionally-fulfilling aspects of music and to connect ourselves with our past using history, whether through sharing the elegance of music in the Caltech-Occidental Wind Orchestra, or through intellectual debates on the modern effects of major historical events.In an increasingly global and interdependent society, there is a need for diversity in thought, background, and experience in science, technology, engineering and mathematics. How do you see yourself contributing to the diversity of Caltech's community?'Old buildings, gorgeous lawns, wonderful weather,' I muttered to myself, looking at the brochure. 'Another typical college; let's get this over with,' I thought pessimistically as the information session began. Yet, as I flipped through the pages and listened to the Rice representative's lecture, something stirred inside me. The unique combination of the campus's architectural style added a stylistic tension that prevented aesthetic boredom. I could imagine myself playing frisbee on the grassy lawn of Founder's Court, bathing in the warmth of the radiant Houston sun and the eclecticism of the Mediterranean Revival style buildings, or relaxing with friends in the Brochstein Pavilion as we plan a trip to the Houston Symphony. I had begun to fall in love with the campus, but I was not ready to give in.Having completed a research project on billiard trajectories and developed a desire to do undergraduate research, I was amazed when the talk switched to Rice's research-focused academics. A leading, comprehensive research facility with easily accessible professors, like Professor Michael Field, who specializes in dynamical systems, a topic I want to investigate? A diverse, interdisciplinary community in which I can collaborate with an open mind? An astounding 6:1 faculty-to-student ratio that will allow me to establish close relationships with professors?Rice has done the impossible, harboring the best of both worlds and my desires in a college. As I left the information session, I realized that Rice was not just a 'typical college'; it is my college.How did you first learn about Rice University, and what motivated you to apply?As a curious thinker, Brown's promotion of free inquiry and 'Liberal Learning' appeals to me. Not only will I ask thought-provoking questions, but I also will receive unique, compelling answers from varying viewpoints, as everyone creates their own core curriculum. I love Brown's emphasis on collaborative environments in academia and in research, which I discovered an interest for this summer when I investigated billiard trajectories, a type of dynamical system. At Brown, I will have the amazing opportunity to learn from Professor Bj\u00f6rn Sandstede, who is an expert in dynamical systems, and possibly even work under him.As a trumpeter eager to continue playing as a hobby for the enjoyment of music and meeting other musicians, I am extremely eager to join the Brown Band. Similar to the way Brown's flexible Open Curriculum ensures that I will take classes with students who truly share my interests and begin an exploration into diverse areas of study, the Brown Band guarantees an unforgettable experience with life-long friends who have diverse experiences and also enjoy crafting beautiful stories out of notes. Brown has a learning environment and resources that interest me and will nurture my growth in college and beyond.Why Brown, and why the Brown Curriculum?'The radio says no rain!' I don't want to bring the bulky umbrella.'It's going to rain,' Grandma replies, 'I can feel it.''No, trust the radio,' I insist. 'Grandma!''Ok, let's go quickly.'Many years ago, I lived with my grandparents in China while my parents were pursuing their dreams on the other side of the world. When we arrived at the store, she quickly bought her groceries and rushed out. I was confused. But, halfway back, the sky broke open, soaking us in water.Why did the radio lie to me?Five years later in America, after hearing 'no rain' from the car radio, I insisted on bringing an umbrella, explaining that the radio lies. My mom laughed, 'let's bet one hour of math work.' No need to say, I lost, but I did math the entire afternoon because I didn't see math as a punishment.In middle school, rather than watching cartoons on TV, I watched the Weather Channel. I was fascinated by the precision of forecasts. I scoured libraries and websites, eager to uncover the meteorologists' secret. When I discovered that something as chaotic as weather can be by plugging certain values into mathematical formulas, I was astounded.'Can math also be applied to solve these crises?' I asked myself when I read so many ongoing crises: natural and human-made disasters. If weather can be modeled to keep people away from weather-related disasters, why can't other disasters also be modeled with mathematical formulas?The power of mathematical modeling has spurred me to explore applied mathematics. I specifically hope to use the resources at SEAS to expand my knowledge and hone my modeling skills, enabling me to solve society's problems.For applicants to The Fu Foundation School of Engineering and Applied Science, please tell us what from your current and past experiences (either academic or personal) attracts you specifically to the field or fields of study that you noted in the Member Questions section."}]}