{"schema":{"fields":[{"name":"index","type":"integer"},{"name":"personal_essay","type":"string"}],"primaryKey":["index"],"pandas_version":"0.20.0"},"data":[{"index":0,"personal_essay":"] My parents, immigrants from India, often call me 'too American' when I ask if I can go out to the movies. Friends often call me 'too Indian' when I decide to study for a calculus test rather than to hang out with them. This clash between the two cultures closest to me led to my inability to define the world I truly come from. At school I attempted to speak, dress, and act like my peers. I was to be American. At home I attempted to speak, dress, and act like my parents. I was to be Indian. Nearly eighteen years later, I understand that the world I come from, for better and for worse is a combination of the two.   As early as I can recall, my parents have advocated the ideology that education comes before anything and everything. I understood this; however, I knew that limiting myself solely to academics would hinder my overall potential. As a result, I enrolled in a competitive basketball league when I was seven, and instantly developed a fervent love for the sport. Inside my house I studied, and outside I played basketball. Much like other aspects of my life, the door to my home separated these two cultures. As time went on, however, my Indian background began to merge with my American identity. My playing the sport I loved pulled my parents into my American life, which in turn showed me that my identity, rather than being explicitly Indian or American, would be an overlap between the two. Ultimately, basketball became the first stepping-stone in the integration of my polar opposite worlds. Though my world progressed towards cultural integration, my Indian roots projected me to become an engineer long before I could even pronounce the word. Moreover, I have always felt a particular connection with the field. I yearned for the opportunity to accompany my father to work. Attentively watching his colleagues discuss the design of the new heart valve that would save countless lives or seeing the code behind the latest computer software, I knew that someday I was going to be one of them. However, the more I indulged in the American world around me, the more I realized that my dreams go beyond solely being an engineer. Captaining my high school basketball team and being an officer of my school's math and science clubs furthered my passion for being a leader among my peers. Thus, I aspire to not only leave a lasting impact in the field of engineering, but also to positively influence the nation that has accepted me as one of its own. As an adolescent, I loathed fitting the mold of an Indian-American child in the 21st century. From the lack of self-identity to the lofty expectations, I perceived the multitude of culture contrasts I faced as an insurmountable burden. However, I have come to appreciate the diverse range of cultures in my life, and because of it, can now confidently answer the once perplexing questions of who I am and who I hope to become. ------------------------------------------------------------------------------------------------------------------------------------It never ceases to amaze me how coddled I was throughout my childhood; my parents praised my every accomplishment, teachers glorified my academic achievement, and coaches revered my athletic promise. As a result, I constantly found myself walking the fine line between confidence and arrogance, the former essential for success, while the latter detrimental to it. I saw a side of life filled with adulation, lacking awareness of what the other, 'ugly,' side held. That is, until I faced the Goliath that was my first year of varsity basketball.Being captain on the JV team the year before, I had high hopes for myself. I expected to contribute immediately, hardly recognizing that varsity would be an entirely new challenge. As we ran onto the court for the first game I felt my heart racing from anticipation. I settled down as the game progressed, eagerly waiting to demonstrate my abilities on the court. However, this didn't happen and I left the arena without even breaking a sweat. By the end of our pre-season we had attained the best record in school history, but I was stuck at the end of the bench. Though ecstatic to be a part of a winning team, I felt as if I was no use to it. As the season advanced, our winning ways faded and we fell out of contention for the playoffs; still I wasn't given the opportunity to contribute on the court. At this point my frustration intensified, at one point even causing me to contemplate quitting, and my emotions became evident to those around me. I had become distanced from the sport I had once been inseparable from.Ultimately, I felt as though the team was more important to me than my pride. I maximized my every opportunity to contribute, cheering louder than any fan and practicing with unparalleled aggression. This radical change in attitude was the turning point in my season. My passion was back, and the game was fun again. As the season concluded, I thought of the team banquet as a farewell to a truly unique season. My coach stood behind the podium, prepping to hand out the annual team awards. My name escaped his mouth as he announced the 'Most Inspiration Player,' the player who showed outstanding leadership and constant passion. My jaw dropped as I stared at him in complete awe. I was the only underclassman to receive an award, and the turmoil I had faced throughout the year suddenly felt insignificant.While the award itself was fulfilling, it hardly compared to the knowledge I gained from my first year of varsity basketball. I had witnessed the other side of life, the side filled with struggles and hardships. By putting my ego aside and working hard, I was able to overcome my 'Goliath.' One year later, I am captain of my varsity basketball team, thanks in large part to the difficulties that transformed my perspective on adversities. Adversity is an inevitable aspect of one's life; how that adversity is handled is a true testament to one's character.  "},{"index":1,"personal_essay":""}]}