{"schema":{"fields":[{"name":"index","type":"integer"},{"name":"personal_essay","type":"string"}],"primaryKey":["index"],"pandas_version":"0.20.0"},"data":[{"index":0,"personal_essay":"] Elementary school kickball used to suck. I would wait forever to hear my name called, but it would always come too late. Dead last. Because of fate, I received a special gift, Cerebral Palsy. Life has never been easy, but this 'fault' ended up being my greatest blessing; without it I would never become the creative, hard working person I am today.It was early spring, immediately after testing with the neurologist, he walked into the waiting room with a clipboard and bad news.I told him about my dreams to fight back, about how I would never limit myself. The doctor smirked. 'It's going to be difficult to reach those goals' he told me. A smile swept across my face. I told him life could bring everything I dreamed of and perhaps more.Summer came soon after; time had come for me to start swim team. I had lofty standards; swimming butterfly came before any other goal. I wanted to perfect stroke technique, but moving my arms simultaneously was nearly impossible. I needed to look majestic. I had to be the strongest. I had to swim butterfly.My goal changed; I wanted to swim year round. Begging filled my parents' house for weeks. Eventually, my mother finally gave in. That year coaches saw me push through cold water early in the morning with more strength than possible- every day, every practice. Swimming became easier, but not easy enough. In order to achieve my goal, I needed a new strategy.The journey continued to the library in search of information. My daily library checkout included books on teaching swimming, cross training, and perfecting athletic technique. Eventually, one of the books had an answer. I started wearing weights on one side of my body. Those weights went everywhere, whether I was sitting in class learning about multiplication, working out in practice, or even eating breakfast.Weeks later at 9:00 P.M, my body weights smacked the floor. I felt different. For the first time, I felt in control. Next time I swam my arms moved perfectly in synch. The swim looked perfect. And it felt perfect.Excitement trembled through my body. Friends would finally hear how slick drifting through water felt, and I would tell them all about the power of swimming. But my disorder still haunted me. My lips would get stuck in place, and any coherent thought ended. My mouth got caught in a stutter.Many doctors wanted to help, but speech therapy was torture. I couldn't stand driving after school to get my lips touched by old ladies. It bored me to death. I searched for speech therapy techniques. Only one fit high standards of efficiency and fun. I made flash cards using the best franchise ever: Pok\u00e9mon.Each card had a poorly drawn picture of a character. Seeing those colorful images prompted me to ramble on about its typing, moves, and how animators made them seem tough. The more time without stuttering, the more points earned. I slowly went from being able to say a few words about Pok\u00e9mon, to ranting, and finally to speaking whole sentences with few stutters. From then on therapy meant fun, no cold fingers on frigid lips, and no one harassing me. Speech teachers praised the Pok\u00e9mon method. From then on, every session involved those cards.As I improve myself, my personality grows, I become more confident and sociable. After all the amazing people who have helped me, I want to find a way to help others by teaching. I no longer do entire group science projects by myself, but instead try to improve the group and lead us to a science fair victory. Now as a top pick in kickball, I ensure everyone is used, because everyone has strengths. "},{"index":1,"personal_essay":"'Bucket lists' are ever popular with the rise of the internet. People keep lists of everything they wish to accomplish in their lifetime, from travel to athletics to writing a book. Throughout this crazy process, I dreamed of exactly what I want from my college experience: learn more than I could everdream of, have the ability to make the world a better place, and eat an entire large pizza.University of Chicago is a haven of education. Not only do they offer the traditional classroom setting, but the campus culture encourages learning. Every person at this school dreams of sharing their ideas, their experiences, and their education with everyone around them. I want to be exposed to this, diffusion of ideas which is the best way to learn, and UChicago takes full advantage. The Common Core also fits perfectly to my needs. Just studying computer science would mean Iwould miss the incredible literature we would study in English, the beauty of Calculus, the wonders of our world in Physics. UChicago focuses on the overlaps in school, evident by the Computation Institute and the Flash Center, where I hope to spend most of my time. UChicago offers all sorts of projects to better the community. I already started giving back to the youth in my community through coaching swimming and it would be an amazing opportunity to continue in a big city. Every child deserves the opportunity to receive a computer science education,regardless of background, and I hope my work can help fill this need. Education is the foundation of modern society, and we need to continue its growth.It has been a life time goal for me to eat an entire large pizza by myself. Where better than a hot, Giordano's pie?In all seriousness, food has been a huge part of my life. Not just the taste, but the social factor. I make friends through my love of ethnic foods. The diversity of the flavors, the different cultures food brings together, how it somehow makes homework easier, makes food one of my top reasons for UChicago. Plus, deep dish is objectively better than New York Style, and who does not want a dollarshake to wash it down?Whether it is food, education, or giving back, I strive for excellence, and that is what University of Chicago will provide.ESSAY PROMPT: Joan of Arkansas. Queen Elizabeth Cady Stanton. Babe Ruth Bader Ginsburg. Mash up a historical figure with a new time period, environment, location, or occupation, and tell us their story.The Michael Jordan led Bulls sit at 97-0, down by 1 to the Lakers on the last play of the NBA finals. Bulls fans see their new point guard, Magic Johnson, taking the ball down the court. He recently switched teams in a miraculous trade. The ball flies to Scottie Pippen, he pulls up, but the shot bounces out. The crowd goes silent. But Rodman grabs the rebound, hooks it to Jordan who scores a three pointer. Everyone in the stadium goes wild, except one man: Napol\u00e9on Bonaparte.  'All according to plan' he whispers to himself.Little does the public know, Napoleon instructed his stars to keep the game close. In reality his superstars could have won easily.  But he needs to attract national attention for the next part of his plan.  As a child Napoleon obsessed over pop culture. He couldn't believe the power celebrities held in society; people would trust them with their children, beliefs, and even their spending. After Reagan's election, he strived to tap into this power. Napoleon would conquer America.Bonaparte recently took over the Bulls organization at every level, from owner to coach. He became amused by Jordan's talents and studied basketball for a few months. In one of the biggest surprises of the 20th century, the previous owners turned over the  team without a fight. They saw the potential for his greatness.Right away Napoleon went to work. The Bulls trained under a tight regimen. The basket swished all practice and even Rodman picked up elite speed. Napoleon dominated in acquisitions and in game leadership. All of his player respected his methods. When Napoleon revealed his dreams of conquering the free world with them as his henchmen, no one hesitated to agree. Soon the plan would commence.Napoleon ran for Governor of Illinois after his first undefeated season. He talked little about politics and spent much of his time showing off star players. Challengers were intimidated when Dennis Rodman walked into debates. No one could rival his ability to persuade the public. He won in a landslide.The media stirred. There were documentaries, books, babies, TV shows, interviews, even a magazine dedicated to his greatness. After the Bulls visited CNN and other national news stations, few stories were reported about Napoleon's political actions, but many on 'Keeping up with the Bonapartes'. When Napoleon changed the Illinois constitution to only have 15 members of congress, no one questioned it. When those 15 members were all NBA players, no one questioned it.  The real news stories fell to late night news while pop culture rose to prime time. Pippen stationed himself inside CNNs headquarters, laughing over how little people backed their angst with actions. When the attack came on Washington D.C, no one paid any attention. His attacks spread. America fell apart. Yet they kept laughing at his jokes, his controversies, his basketball team. Jordan's return to the Bullets seemed innocent, but in reality he worked at the capital in order to lead the 'free' world. Everywhere from Florida to California fell with little talk. Instead everyone raved over the Michael Jordan themed Adam Sandler movie.Napoleon left his home state of Illinois as the last one outside of the military regime. He already held political power so it'd be logical to take it last. He learned from mistakes in previous lives: never attack a cold state in the winter. This time around, Napoleon waiting proved to be a grave mistake, for a special baby would be born at the University of Chicago hospital. A kid with the power to change the world. The child spent the next 17 years planning to fight Napoleon from afar. He would make news catch up with the times. He applied to the University of Chicago so he could change this world. If he gets in, he will gain the power to end Napoleon's reign. If he doesn't, Napoleon is never defeated.  The fate of the world rests in your hands."}]}