{"schema":{"fields":[{"name":"index","type":"integer"},{"name":"personal_essay","type":"string"}],"primaryKey":["index"],"pandas_version":"0.20.0"},"data":[{"index":0,"personal_essay":"] We are interested in learning more about you and the context in which you have grown up, formed your aspirations, and accomplished your academic successes. Please describe the factors and challenges that have most shaped your personal life and aspirations. How have these factors helped you to grow? (Word limit: 800)     My humble town of Modesto is rather famous, but not for particularly good reasons. High rates of drug use, theft, and other crimes are our claim to fame. There are parts of town that meet this stereotype, but other parts are quite nice. I live in between the two.     I'm no stranger to drug abuse. Throughout the years, several of my neighbors have had various addictions. Due to his mother's habitual drug abuse during pregnancy, one of my childhood friends from across the street was born with a mental defect; at the time, I was too young to understand this. The neighbors who replaced them several years ago had constant issues with domestic violence. It's easy to shrug off stories about the harms of drugs and violence, but seeing it occur over and over again has engraved a fear of committing such abuse into my very being. Yet, hearing police sirens and the occasional gunshot no longer instills a reaction in me. They have become too commonplace.     I live in the eye of a storm. Over the course of my entire life, burglaries have happened up and down my street, but I've been fortunate enough to have been burglarized only once. As a child, it's terrifying to know a stranger has destroyed your home, broken your toys, torn up your bed, and strewn your belongings into an unrecognizable mess. When living in that constant fear, I found the best way to cope with such fear was to be rid of it altogether. It hurt to see what the robbers had done to my home, but it hurt infinitely more to see the devastation on my mother's face after the incident. Through the crime I've seen around me, I've developed an insensitivity to the idea that harm might befall myself but a fear of seeing it impact my loved ones.      Though my home was a haven from the outside world, it still lacked security. In fifth grade, as we celebrated my brother being the first in our family to go to college and my parents devised a plan to pay for his education, my father was fired. Three fourths of our income disappeared overnight because he was framed for embezzlement. We burned through my parents' savings in a matter of months, becoming buried in debt as we struggled to make ends meet and still secure my brother's education. The former wasn't always possible. There were times when they cut off our water, our electricity, and, nearly, our house. At the age of ten, I learned the value of money. I stopped wanting to become rich like my parents wanted. I just wanted to feel secure and never worry about money again.     Fortunately, my father was offered a job fixing computers with a starting salary almost twice what he made before. However, our relief was short lived. Though he was deemed capable of the job, he was denied the opportunity simply because he didn't have a college degree. I remember that phone call every time I think of college. At that time, my father felt like he had failed all of us, as though our problems were his burden alone. I can't imagine how hard that was for him and I won't find out because he has given me the opportunity to do better for myself.     For the most part, school provided an escape from my problems at home. My school has a strong population of students from well-off families in wealthy neighborhoods. That's the reason I transferred to Enochs in the first place, for better opportunities and a better community. I thought going to a nice school would help me escape everything I dislike about my neighborhood. I was right, but I forgot that it meant I would be from a different world than everyone else. For most of my friends, break-ins were nothing more than stories on the news. Money wasn't an issue. They would invite me to go to the movies, as though spending $20 in one day was no big deal. As a result, I often stood out, being unable to do all the things they would want to do, astounded by their freedom to roam the town on their own.      I'm glad to have seen two different forms of life. The lavish lives of my schoolmates made me realize how much in life is unnecessary. Their ignorance to the problems of others not as well off as them made me realize that there is so much more to the world than I know. Just like they fail to understand my circumstances from theirs, I, too, may be unaware of the problems of those not as well off as myself. I don't want material in life, I want substance, understanding, and my loved ones. "},{"index":1,"personal_essay":"(Harvey Mudd: Admitted)     FAST opened my eyes to the true answer to this question. Harvey Mudd, to me, provides what may be the perfect combination in academics and community.     First, let's start with academics. I'm still torn about my major (choosing between CS, Aerospace, or Mechanical Engineering is tough) and I believe that the Core at Harvey Mudd is the perfect solution for me. It gives me exposure to enough areas for me to make the right choice about my future and still have the best of both worlds. Furthermore, the way the Humanities requirement is structured is fantastic to me because that is where a lot of my interests lie. Topics such as education, economics, and philosophy fascinate me and I find comfort in knowing that I can take classes in all of them (focus would likely be in education) and not have to worry about falling behind on graduating because it's part of my requirements anyway! Well, those are all well and good, but my favorite part of the basic setup of the curriculum has to be the way the major requirements are set up in conjunction with the other two aspects of the curriculum. The way they all coincide to provide structure and flexibility plays to my preferences. I'm too indecisive to deal with vague requirements and huge class listings like at other institutions, but I don't want to feel like I have no say in the matter. When I heard about Harvey Mudd's curriculum, I didn't feel either. I just felt excited. Don't even get me started on Clinic. The chance to do the same level of research as an undergraduate that graduates at Ivy Leagues are doing is insane! When I visited, we talked to a senior who was monitoring an undersea robot on the east coast in light of heavy storms! I was honestly blown away.     Harvey Mudd's community is what really sold me. I met so many chill, down to earth students. I mean, the fact that Ultimate Frisbee is such a huge part of the culture was a major plus. Not to mention Inner Tube Water Polo. I'd never even heard of that before but I've since started a game of it with friends who play actual water polo. The community was both diverse and welcoming. The staff and students seemed to be good friends that just want everyone to be happy. It was both moving and humbling.     Harvey Mudd is also a nice balance between small liberal arts school and big university. On campus, the interactions and community had a closely knit feel that you don't get at big schools. However, the other 5 C's open up the kind of bigger social settings that you do get at the bigger schools. It's the perfect balance of both.     500 words isn't enough to express why I fell in love with Harvey Mudd. Reading the website 'appealed' to me. Visiting convinced me. Why Harvey Mudd? Because, it's the best school that I'd never heard of.What matters to you, and why? (Word limit: 250\/250) (Stanford)Individuality matters to me. It's not that I need people to think I'm unique, I need to know I am. So it's only natural that I treasure what assures me that I am. Those treasures are my friends and experiences.My worst fear is losing who I am. Though I want to be a good person, I'm fine so long as I know I'm me. But, if I lose myself, how would I know? Villains don't see themselves as evil, so why would I? It is this paranoia that makes my friends so valuable to me. They are the only ones that can keep me on the right track. In many ways, they know me better than I do. They comfort me everyday without even realizing it because it is our common interaction that anchors me to myself.My past isn't a memory, it's who I am. I recently reminisced on my middle school days with a friend I hadn't talked to in three years. The process of uncovering all of our forgotten memories of the good (and often embarrassing) times reminded me how easily we forget experiences that we think will stay with us for a long time. It is because of this fact that I make my experiences a part of me. I learn from everything I do so that I don't need to remember every laugh or tear. My life, my story, lie in the jokes only I laugh at and the irrational fears only I understand.Virtually all of Stanford's undergraduates live on campus. Write a note to your future roommate that reveals something about you or that will help your roommate -- and us -- know you better. (Word limit: 205\/250)If you're going to have a party in the room or special someone over just give me a heads up right quick. I don't do well in those kinds of awkward situations. Seriously, just text me 'habibi' in advance and that's all I need. I probably won't intervene with you because parties aren't my thing, it's totally cool if they're yours, though.On an unrelated note, if you like playing frisbee or Smash Bros then I'm sure we can be good friends. Just please don't be too messy. You can make all the mess you want in your space, just please for the love of all that is holy keep it in your space and not mine. I'm only capable of keeping track of my own mess.Also, fair warning, I'm pretty socially awkward at first so if I do or say something that makes it seem like I'm upset or annoyed, I am almost certainly not, I'm just awkward. It's usually pretty hard to annoy or upset me so don't worry about that. Should I get on your nerves just let me know and I'll almost certainly stop doing whatever it is that annoys you, unless it's something unreasonable like breathing or sleeping.- JesusStanford students possess an intellectual vitality. Reflect on an idea or experience that has been important to your intellectual development. (Word limit: 250\/250)Last January, our Math Club decided to try going to more math tournaments. As we trained for the Stanford Math Tournament, we learned about the Power Round of the competition. For 90 minutes, 8 of the best mathematical minds that Enochs has to offer sat down and tackled the 2013 SMT Power Round in practice.We had trouble grasping what exactly the McNugget Theorem stated and we started bouncing ideas off of each other and building off of each other's postulations. The way we worked together to fill in the gaps of what we were individually thinking made me incredibly happy once my friend Daniel finally put the last piece of the puzzle together and we had the basis of what we needed to know. From there, we broke off into two teams. Daniel and I did all of the math problems while the others worked on the proofs. Daniel and I finished all of the math problems early and began helping the others with proofs. After 90 minutes had passed, we had scored a total of 12 points... out of 200.All I could do was laugh at how badly we did despite our best efforts. Even though we got most of the math points, we were totally lost on the proofs. The fun of working together to try something far beyond myself is something I cherish about learning. Even though the SMT was cancelled, I'm glad we were able to experience the humility of training for the competition.What historical moment or event do you wish you could have witnessed? (Word limit: 50\/50) (Stanford)I would have loved to have been on the B-59 Soviet submarine that almost fired a nuclear missile at the US during the Cold War. Seeing the tension as the captains argue and history unfolds would've been exhilarating, assuming time travel came with translations and no alternate, nuclear winter universe.Tell us about a concept or subject that intellectually excites you. Why does it interest you? (200 words) (Questbridge)    I find the idea of 'everything' fascinating. If one defines an 'object' as a planck volume, the smallest measurable size, then the number of objects is 10^183. If one defines an 'object' as a complete thought and all the matter in the universe was dedicated to generating complete thoughts for all time, then, by following Bremermann's Limit, the most thoughts that could ever be produced is 1.458*10^227. What blows my mind isn't the numbers, it's my reaction to them. When I first heard this, I thought that those were rather low numbers for the entire universe. So, I tried to visualize how big those numbers were. I couldn't. No matter how hard I try, I still can't fathom how impossibly huge those numbers really are. If I can't even imagine the number of thoughts that could exist, I won't ever be able to even put a dent in the mysteries of the world! This is incredible to me because that means I can spend my whole life making new discoveries every second and still have more to learn. These massive figures are intimidating, but it's comforting to know there will always be more to learn.The lessons we take from failure can be fundamental to later success. Recount an incident or time when you experienced failure. How did it affect you, and what did you learn from the experience? (Word count\/limit: 650\/650) (Common App)     I'm great at losing. More precisely, I'm great at getting second place. So good, in fact, I'm nicknamed 'First Alternate,' a name that plasters my social media and speech career. It's even on my Powderpuff cheerleading shirt. Though I've come to embrace my place as my school's most skilled loser, there came a point when I decided that I can't lose all the time.     I don't really care for winning. It's not that I don't want to win, I just like trying my best and pushing myself. If I've done that, then I'm usually satisfied regardless of the outcome. This was still true during my junior year at the University of the Pacific Speech and Debate Invitational.     As the debate captain, I chose my friend T\u00e9a, who had no debate experience, as my debate partner, a choice that many teammates doubted. I didn't care, though, because I saw her potential of being an incredible debater.     Right off the bat, she was hit with quite a daunting challenge. The UOP Invitational, where people from all over the country compete, was only her second tournament. We faced tough opponents, but she spoke well and we had great chemistry in crossfire, building off of and defending each other's points and mistakes. I was proud of how we performed, so I wasn't too disappointed when we didn't break past the preliminaries, because, after all, our opponents were amazing. There was a suffocating crowd around the postings, so when I saw we didn't break, I went outside to wait for the others.     When I turned around, my heart shattered. T\u00e9a was standing behind me, her face buried in her hands. I was confused because I thought we did well and nobody from our school broke, so there wasn't anything to be sad or embarrassed about. When I asked her what was wrong, she kept saying 'I'm sorry, I'm so sorry,' which only added to my confusion. As it turned out, T\u00e9a blamed our losses on herself. She said it wasn't fair that I couldn't break because I had to carry her.      I couldn't believe it. I knew she felt pressured, but I always told her that I would be proud no matter what so long as we did our best. I was patient and understanding when she made a mistake. I never let her hear the end of it when she had a solid speech or crossfire. I told her that I chose her for a reason, so she should believe in herself because she believed in me. At least, I thought I had done all those things. If I had really done a good job, though, she wouldn't have felt so responsible. At this point, I had never felt like such a failure. For only the third time since entering middle school, I cried. We cried.     After we both assured each other that we weren't as useless as we each thought ourselves to be, we picked ourselves up and rejoined our friends. It had been a long time since I truly cared about winning. But if losing meant making my friends cry, making them feel useless, then, I thought, I'm not fine with losing anymore. If I'm not good enough to win, then I'll be better than myself. Even when we lose, I won't just pick myself up like before, I'll pick them up as well.     Since then, I've still lost a lot. In fact, keeping true to tradition, T\u00e9a and I lost in the final round of our region's national qualifying tournament, securing our spot as the First Alternates. However, that time was different. We lost, but we gave it our all. We didn't cry. She accepted my faults and I hers. I suppose I'm still the First Alternate; but I'm different now, now I have resolve - a resolve that may still leave me beatable but one that makes me unstoppable.Please provide an answer below if you wish to provide details of circumstances or qualifications not reflected in the application. You may enter up to 650 words. (Common App)I am on an Intra District Transfer at my school, which requires I take a pathway unique to my school to attend. I came here for their superior academics and their debate team. However, my pathway was Forensics and Biotechnology which required me to take CP sciences my first two years, I tried to take Pre AP and AP alternatives but they were nonnegotiable. Taking CP science was not my choice.-On the AP Economics exams: I intended to self-study for both, realized too late that I was far too busy to adequately prepare for them, and subsequently failed. I didn't cancel my scores because I still wanted to see what I got on the exams and don't really like the idea of canceling scores.Option 2: Describe an experience which caused you to change your perspective and\/or opinion. How did this affect you? Word Limit: 494\/500  (Questbridge)     Three times. Three times we tried to win. Three times we lost. Three years of our lives to end up with nothing. Well, it seemed like nothing at the time. In reality, robotics taught us all a lot.     In middle school, my dream was to go to the FLL World Championship. I did robotics for all three years of middle school and poured my heart and soul into our robots. Every year we would get programming and design awards, but we never did get that phantasmal bid to Worlds. At the time, I was crushed. I spent so many nights at our school, working on the robot, running tests, redesigning attachments, adjusting the programs only to have it all end without my dream. After we lost for the final time, it all seemed like such a waste, but I decided robotics wouldn't end there for me.     Every year since then, I've gone back to mentor the new generations. I wanted to teach them everything I learned over my years so that they could blow everything I accomplished out of the water and achieve my dream for me. Unfortunately, that bid to Worlds has still been nothing but a dream. So, I guess I've failed six times. But, two years ago, a few weeks before their regional tournament, I stopped and took a good look at the kids as they worked. A couple were stumped on a design for a system of gears for a claw. Another was trying to figure out the programming method that won our awards back in my day. But three of them were building contraptions that had nothing to do with the robot. One built an absurdly long stick, another a plane, and the third a gun. Watching these three took me back to my time on the team.     I remember Bob, our brave test dummy from 6th grade. I remembered the time in 7th grade, a week before the regional qualifier, when our esteemed captain took it upon himself to dismantle and redesign our entire robot, which I can laugh at now only because we still managed to qualify for regionals. I remembered designing our robot to scale the wall separating the tables and attack the other team's robot. Though we never actually used this design in competition, it was, ironically enough, the year we won the Gracious Professionalism Award. I did not remember walking up to a stage to accept our awards.     Seeing myself reflected in their bright young faces, I learned something from my mentees. I realized that winning isn't everything. Sure, we never went to Worlds, but robotics was still the most educational and endearing experience of my middle school career. I decided to leave my middle school self's obsession with victory behind. Though I know it's important to have a goal, I won't skip all of the small detours along the way, because that's where I found what was more important than what I wanted."}]}