{"schema":{"fields":[{"name":"index","type":"integer"},{"name":"personal_essay","type":"string"}],"primaryKey":["index"],"pandas_version":"0.20.0"},"data":[{"index":0,"personal_essay":"Tchaikovsky filled the sweaty room of barres and mirrored walls as I plunged into battement fondu. Not to be confused with the sweet sensations of chocolate fondue, this ballet exercise requires killer calf strength and mental stamina. I became consumed by the visuals in the mirror, eyes watering as I questioned if my relev\u00e9 was high enough, knee straight enough, pli\u00e9 deep enough. Those tears didn't actually fall until weeks later, with no Tchaikovsky's Swan Lake to accompany the frustrations this time. I expressed to my ballet teacher that I was quitting ballet, my passion. Shocked, she pleaded me to try temporarily dancing once a week, but I refused. The decision was beyond my control. During my junior year, my doctor informed me I needed to put dancing on hold for the sake of my health, as I had been diagnosed with growth hormone deficiency. The most challenging part of the process wasn't the discomfort of giving myself a daily shot, but having to slow down in what I thrived in giving my all. If I couldn't spend as many hours dancing in the pursuit of perfecting my craft, then I felt I didn't deserve to dance at all. Those weeks of not dancing felt uncomfortable and disorienting. I had to awkwardly respond to my friends' reactions to having quit an activity so integral to my identity. I convinced myself keeping busy would let me forget about dance, so I tried a gym membership, new school clubs, volunteering more, and adding more challenging academic classes. Yet, I still felt empty inside. Nothing could replace the satisfaction of hard work in the studio. Eventually, I figured it was time to see if, even at this slower pace, reintroducing dance into my life would make me feel myself again. Bringing back dance surprisingly made me feel more connected to myself. Prior to my break, I lost touch with the 'performing arts' definition of dance, overly concerning myself with the visual. The stress of how I'd compare to others at that next performance, competition, or audition inhibited me from dancing for myself, having been so focused on perfecting what would be seen by the audience. Returning to dance, although it took until senior year to be full-time again, made me treasure how precious the gifts of movement and artistic expression are. My gratitude for the art form skyrocketed as I'm simply appreciative to have a body healthy enough to perform such anatomically-defying positions. Hearing Odette's Act II Swan Lake variation no longer elicited pressure to have that perfect relev\u00e9. I moved to a barre spot where I'm freed from the sight of a mirror, instead focused on translating such beautiful melodies into the character of a desperate, innocent swan. Stepping away from that reflection was invigorating. Focusing on the feelings, not appearances, of movement was meditative, making me feel more present and alive.Though I still have days of 'blood, sweat, and tears,' these struggles motivate me to work harder, to cherish the pain of holding that leg up for one more second. The fulfillment produced from working to please myself, without being consumed with perfecting the end result, inspires me to take risks and try out new experiences. Such an experience includes celebrating Bathukamma with my Indian friend. I enjoyed the discomfort of being the only Latina in the Hindu celebration as I allowed myself to become engrossed in a vastly different culture. Another instance was volunteering as a contortionist at my school's haunted house. While I may not have the stereotyped strong arms of a contortionist, I enjoyed exposing myself to a new art form with no pressure to be perfect.Realizing this power of working for myself through overcoming the obstacles of my diagnosis has allowed me to redefine my perception of success as far beyond the external image. Such an understanding will carry me forward in any field. "},{"index":1,"personal_essay":"End Facetime. Total time: 2 hours and 7 minutes. Such experiences are the epitome of the small higher-math community at my school. We've grown up together from Algebra II freshman year to Calculus III senior year. Students who perhaps would've never been friends suddenly found themselves growing close through the findings of Newton and Leibniz. The eagerness of these students to stay up for hours on Facetime just to help out with that one problem makes me smile. Yet, the strange stigma many of these engineering-bound students have towards learning humanities over STEM classes has puzzled me as a student loving to learn about topics ranging from Rasputin to differential equations. At the University of Chicago, I look forward to having many more tight-knit academic communities with the Core's discussion-based seminars capped at 19 students. The Core will inspire new friendships with students of diverse interests and backgrounds I may have never met had I been confined to my economics major courses. Perhaps, this time, we won't be drawn together by the findings of Newton and Leibniz, but instead by those of Plato and Homer in HUMA 12400. However, what most excites me about the Core is how UChicago students realize that obtaining a more profound understanding of the world itself is central to success in any field. Even engineering students will be compelled by the debate between Hobbes and Locke in SOSC 11400. UChicago will further support my desire for this more profound understanding of the world through its many programs seamlessly combining my interests with my desire to become more culturally empathetic. Knowing I want to challenge my cultural awareness through living in many different countries post graduation, while pursuing a business career, treks are a perfect means of exposing myself to the business industries of different global cities, such as with the China trek to Shanghai and Beijing. Meanwhile, immersing myself in Parisian culture at the UChicago Center Abroad in Paris allows me to maintain such an enriching and collaborative education while pursuing my goal of learning all five main Romance Languages to near-native level fluency. Joining the Organization of Latin American Students lets me explore the intersection of my Brazilian identity with other Latinx cultures right on campus. Not only will I engage with such programs enhancing my multicultural understandings, I will employ UChicago resources into finding my own place in the vibrant culture of Chicago. When not engaging with the many dance organizations on campus, from Rhythmic Bodies in Motion to University Ballet, I will regularly watch the Joffrey Ballet, seizing upon the perks of UChicago discounts. As a fellow concrete jungle lover, doing research at Urban Labs will expose me to new understandings about how to improve urban life. Yet, maybe what I am actually most excited about in attending UChicago is being able to see my parents' surprise in informing them I now wake up at 5 am daily for Zumba just for Kuviasungnerk\/Kangeiko. Or what about that time I had to obtain a live elephant for the sole sake of a scavenger hunt? How does the University of Chicago, as you know it now, satisfy your desire for a particular kind of learning, community, and future? Please address with some specificity your own wishes and how they relate to UChicago.If 'small minds discuss people', as Eleanor Roosevelt claimed, the English language sure isn't supporting those 'small-minded' thoughts we all, like it or not, do have. Growing up speaking Brazilian Portuguese, I always grow frustrated in English-speaking situations in wanting to describe somebody with that word too complex to translate into English, be it perua or sapeca.People-watching fanatics would get along great with the Brazilian Portuguese language, as it has many adjectives and nouns geared towards describing people. G\u00edrias, which translates to slang, twist words once overlooked into all new, relevant meanings, especially enjoyed by younger generations. The English adjective rancid, describing fatty foods that smell or taste unpleasant because of being old and stale, becomes rather useful once converted into its slang Brazilian Portuguese counterpart, ran\u00e7o. Ran\u00e7o, as a slang noun, shifts from the unpleasant smell or taste of fatty food to unpleasantly describing feelings towards others. Ran\u00e7o is that inexplicable dislike towards someone without proper reason. Seven English words placed into one Brazilian Portuguese word. I cannot even estimate the number of times I have been asked if Brazil speaks Spanish or Brazilian. Portuguese is indeed the most similar language to Spanish. Even so, Spanish lacks such a word describing a feeling everybody can relate to. Rancio in Spanish is confined to the fatty food definition. Sure, describing the french fries you were so excited to eat a few hours ago as rancid may be accurate, but I think everybody has ran into a situation where they get, or pega, ran\u00e7o. Perhaps, hearing that person's voice sparks an eye roll of ran\u00e7o. Or, that ran\u00e7o all faded when the character you hated on Netflix at last bid their farewells and left the show. Maybe, you pride yourself in rarely getting ran\u00e7o. Yet, an English word should still be merited for the absence of a feeling. In French, there is no difference between 'conscience' and 'consciousness.' In Japanese, there is a word that specifically refers to the splittable wooden chopsticks you get at restaurants. The German word 'fremdsch\u00e4men' encapsulates the feeling you get when you're embarrassed on behalf of someone else. All of these require explanation in order to properly communicate their meaning, and are, to varying degrees, untranslatable. Choose a word, tell us what it means, and then explain why it cannot (or should not) be translated from its original language.\u2014Inspired by Emily Driscoll, Class of 2018When I work with children, be it babysitting or volunteering, I am in a position to be a mentor but often find myself learning more from these children than they learn from me. Carter, my favorite special needs child at Friendship Circle, is obsessed with Roman numerals. His excitement for each number converted to a numeral inspires me to be curious, no matter how irrelevant the topic may seem. Dante, a fireball of energy I regularly babysit, brings his all to each activity. When I challenge him to eat ten green beans, he will count fifty onto his plate. I find his attention to detail to be both adorable and reciprocally motivating. Whether it's helping special needs children ride bikes or teaching a young ballerina a new step, I couldn't imagine no longer working with children. I live for the reciprocal learning relationship provoked by their radiant energy. If you could only do one of the activities you have listed in the Activities section of your Common Application, which one would you keep doing? Why?'Belinha, venha jantar!' was the highlight of my childhood day, being my Brazilian mother calling me down for dinner. Yet, an ordinary day of kindergarten turned that very phrase into a source of anxiety. I was peacefully munching on a typical Brazilian meal of rice, beans, and steak at lunch when a classmate glared down at me and exclaimed, 'That looks yucky!' I outwardly giggled, but her silly words have carried with me.With my mother's cuisine already dissed, I feared my parents' English would be laughed at next. I'd plead my father not to bring up his love for Brazilian Jiu Jitsu in front of my friends. If the school asked for parent volunteers, I'd beg my mother not to do it. I was terrified to be cast as different in Carmel, Indiana, a town with a 2.5% Latino population. On the weekends, these anxieties vanished. My family would meet up with the Brazilian immigrant community of Indiana, compromising of nearly every Brazilian in Metro Indianapolis. This community celebrated Brazilian culture in the midst of being a minority. Be it screaming 'GOALLLL!' watching the World Cup, giggling reading the comics Turma da Monica, or eating turkey with farofa on Thanksgiving, I felt content as my Latina self at each gathering. My family still regularly visits Indiana since moving to Michigan in 2011. The community there fills the void of having no biological family in America. Inspired by the pride this familial community showcases, I now enthusiastically share my culture and embrace my ethnicity around others. Even the popular 'So do you speak Spanish or Brazilian?', sounding ignorant to some, has become my favorite question. It provokes conversation about my perspective growing up speaking Portuguese in Indiana and my favorite Brazilian foods that are anything but 'yucky.' Everyone belongs to many different communities and\/or groups defined by (among other things) shared geography, religion, ethnicity, income, cuisine, interest, race, ideology, or intellectual heritage. Choose one of the communities to which you belong, and describe that community and your place within it. I never expected the room I associate with Scantrons and textbooks to suddenly become a space for a dance performance. That day of AP US History, I performed a historical piece analyzing the life and legacy of Zumbi, an Afro-Brazilian hero of colonial Brazil. I intertwined speech with movement bringing a historical narrative to life. I felt empowered by creating a connection between my dance and academics for the first time, bringing two very separate worlds of my life together into one presentation. At the University of Michigan, I am excited for the opportunity to continue to sense the power of creating interdisciplinary connections between the arts, social sciences, and business as I work towards a dual-degree in business and dance. For the first time, my passions for dance and academics can be a part of the same institution. Being a dancer at Valentina's School of Ballet and a student at Bloomfield Hills High School can merge into becoming a Wolverine. At the School of Music, Theatre & Dance, I'll be more than another ballet bunhead; instead, I'll become a multi-faceted artist. Yes, I'll feel comfortable in Bohuslava Jelinkova's ballet class, where her ballet-based background from the Czech Republic will remind me of the past decade spent with Eastern European ballet teachers. But, I'll also dive into the unfamiliarity of Robin Wilson's Introduction to Afro-Caribbean Dance, where I'll come to a better sense of my own Brazilian identity through exploring Brazilian folkloric dances. I will perceive movement in new interdisciplinary lights through courses like kinesiology and musicology. Applying all of these learnings on stage through SMTD's many performance opportunities, be it on the iconic Power Center stage or with Ann Arbor Dance Works, will be extremely emotionally fulfilling.At the core of my dance practice is the idea of learning by doing, which is also a fundamental concept is at the Stephen M. Ross School of Business. The MERGE curriculum fosters the same action-based mindset I use to succeed in dance and will propel me to start a career in international business consulting. The projects and lessons in strategy electives like STRAT310 and STRAT445 will equip me with the skill-set I need to make an impact internationally. Furthermore, I look forward to applying lessons learned in the classroom by taking on executive roles in on-campus clubs including the Emerging Markets Club and both business and artistic leadership roles in on-campus dance clubs, like Outrage Dance Group. The chance to integrate both of my interests, business and dance, into an international environment is something I can only do through the opportunities at Michigan. Ross global practicum courses and internships will allow me to drive value for international businesses and enhance global competency. With SMTD, I could study dance abroad at the Conservatoire de Paris, while also working towards my goal of learning all of the Romance languages. I am beyond excited for the interdisciplinary connections Michigan will expose me to in my passions for business and dance, coupled with the study abroad opportunities that will remind me of my dream of representing 'Go Blue!' in many countries post graduation.Describe the unique qualities that attract you to the specific undergraduate College or School (including preferred admission and dual degree programs) to which you are applying at the University of Michigan. How would that curriculum support your interests?For the past year, I have been volunteering at Friendship Circle, a non-profit organization providing assistance to special needs individuals principally through a one-on-one buddy system. Meeting the parents of my various buddies, I have viewed how grateful they are to have a safe space to send their children to. However, through speaking with the mother of a girl I helped teach to ride a bike, I learned that although parents can find outlets for reliable care outside of the home through organizations like Friendship Circle, finding dependable, qualified people to come into their homes to help is challenging. In the case that parents can find a qualified sitter, the niche labor supply brings them high costs. The mother expressed that easier access to such care inside of homes, not just at outside organizations, would be instrumental in allowing parents to take a break from the undivided attention many of these individuals require. The app Mizade, a play on the Portuguese word for friendship, will address this lack of access to at-home special needs assistants, along with the gap in resources to find potential sitters for special needs individuals. On Mizade, sitters create profiles specifying: the conditions and disorders they have experience working with, their certifications, their education, and any volunteer or related experiences. Sitters charge their own price per hour, indicate how far they will travel, and set their availability. Families similarly create their own profiles detailing the type of help they need, when they need it, and how much they will pay. Then, families and sitters find their matches through search filters. To remain secure, communication, via messaging and voice calls, occurs solely through the app. Payment also occurs through the app, as revenue will be generated through a percentage commission on the income of the sitters. Central to the success of the app is building credibility and having high engagement from qualified sitters and interested families. As the app will begin in the special needs community of Oakland County, partnerships will be created with organizations prominent in this community like Wing Lake Developmental Center, FAR, The Detroit Institute for Children, and Friendship Circle. Families will be more likely to try an app suggested by these organizations already well-received in Oakland County. These organizations also have loyal volunteers that may be interested in generating an income on the app. To draw more qualified sitters, partnerships will be created with the special education departments of Oakland University, Baker College, and Wayne State University. These university students will be incentivized to join the app to gain experience for their profession while earning a side income. Once families and sitters encounter success on the app, a referral system will increase membership. Further engagement will be augmented with a volunteer page focused on local opportunities to aid the special needs community, drawing volunteers to the app who could become interested in sitting as well. Given the high cost associated with building brand loyalty and awareness, along with app development, the app is not expected to turn a profit in its first year of operation. However, once the app is full of regular users, the operating costs will remain low, as they will be focused on maintaining app security, managing technological issues, and adding to existing marketing strategies. Once the business becomes locally profitable in Oakland County, the app can expand to other communities while leveraging existing partnerships and forging new ones. Mizade allows for meaningful personal relationships to form between special needs individuals and qualified, affordable sitters while helping parents destress in the place where they should feel most comfortable, home. Ross Business Portfolio: Choose a current event or issue in your community and discuss the business implications. Propose a solution that incorporates business principles or practices. The review panel will look for creativity, drawing connections, and originality.This solo, symbolizing an Indian snake charmer, was an exciting diversion away from the classical, Russian-based training I have received since six years old. As this style merging Indian culture, ballet, and contemporary was foreign to me, I found plentiful online inspiration to aid with employing my technique into displaying the focused, yearning emotion of trying to win over a snake. I drew inspiration from ballet stars Zakharova, Obraztsova, and Vishneva in their interpretation of Nikiya's death, a solo similar in style to mine. I would study each of their movements and apply the specific stylistic and emotional choices I resonated most with into my own dancing. One-on-one lessons with my ballet teacher helped reveal how I would utilize my inspiration in conjunction with making sure the way I danced the piece was unique to myself. For example, I chose at 2:04 to make a clear shift in my facial expression from seriousness to smiling so as to reflect the sudden change in tone of music. Or, at 1:19, I exaggerated the bend downwards because I wanted to better illuminate the transition into bending backwards. I decided creating this level change with my body would better convey the passionate yearning of enchanting a snake. This 2 minute, 30 second piece also reveals the struggles I had in the hours of preparation. For instance, at 1:16 and 1:51, my slight stumbles remind me of my difficulty in maintaining control coming out of positions, which I was working on improving for months. Ross Business Portfolio: Upload a document or artifact that represents something significant about your life to show your learning in action. Describe how your artifact demonstrates your learning in action."}]}