{"schema":{"fields":[{"name":"index","type":"integer"},{"name":"personal_essay","type":"string"}],"primaryKey":["index"],"pandas_version":"0.20.0"},"data":[{"index":0,"personal_essay":"With a loud bang, my mom rushes through the door and beelines to the kitchen. As the only adult in the house, she is solely responsible for dinner, rapidly chopping carrots and onions. I pause tinkering with my Lego roller coaster to help her wash and cut more vegetables, while she deftly assembles the ingredients into oxtail soup.With four hands, our mandatory family dinner is ready just in time before I'm whisked away to evening activities.As I grew older, I upgraded my Legos to Arduinos but continued to play the role of chef. One particularly lazy day, I longed to cook our favorite oxtail soup in a new slow-cooker but knew that I would forget the precise five-hour cooking time. I put my tinkering to use, fashioning my Arduino and a few household parts into a timer for the slow- cooker's outlet. My mom brightened when she saw the makeshift contraption, extending it to hassle-free rice porridges and beef stews. As we ate these perfectly timed dishes, I tasted the savory satisfaction of solving problems with technology.My propensity to tinker thrived through sophomore year when I jumped at an opportunity to join a college hackathon, hoping to investigate problems beyond my kitchen. My team agreed on my high school's most pressing issue: lack of collaboration. Students often discussed creative innovations but struggled to find teammates and mentors to get started. Just as with the slow-cooker, I turned to technology to tackle this problem.I sought out hackathon mentors to learn UX\/UI design and attended workshops to explore web-development frameworks. My team eventually developed SchoolGround, a web-app for finding teammates with diverse skillsets.Filled with excitement from creating SchoolGround out of nothing, I spent the next few weeks surveying my school's student body for feedback. However, I discovered that my web-app didn't make supportive groups for teammates to work together, it only enhanced the process. This seemed like a need that technology couldn't solve, no matter how many features I added. I remembered my college hackathon experience\u2014it was the people and dynamics that enabled me to bring my ideas to life. Something clicked in my mind. I needed to approach the collaboration problem from a different angle: the social side. And I couldn't think of anything better than providing a hackathon dedicated to high schoolers.I launched Hack New England High Schools (hackNEHS) and enlisted like-minded peers to join the organizing team. Through countless Skype calls to prepare for the event, I shifted our focus from typical talk of purchasing Arduinos to socially-focused considerations. I pinpointed the Microsoft conference center for our venue, impressed by its open spaces and round tables that encouraged discussion. With beginners in mind, I planned in-hackathon workshops, from learning web-development to data visualization. I secured Catapult Incubator as a sponsor to provide mentorship and grants for winning teams continuing their projects. I was nervous we hadn't provided enough pajamas and Soylent\u2014essential elements for brainstorming sessions\u2014when hundreds of participants showed up at the venue. It was soon dispelled as teams sketched out flowcharts on every open whiteboard while our Ideation Workshop quickly reached max-capacity. Gathering a group of mentors, I dashed around to address raised hands.The venue came alive during the final presentations as teams demonstrated projects ranging from ping-pong VR games to study music generators. Afterwards, I was thrilled when students from my school came up to me seeking advice to continue their projects and maintain their team beyond the hackathon. I was convinced that I had achieved my personal goal of helping my school develop that collaborative spirit. I also saw people I didn't know before\u2014new friends\u2014pitching to each other while sharing pizza. This enthusiasm reminded me that I needed to think beyond technology to solve social problems. More importantly, I realized that helping my mom in the kitchen or making an impact in my community gave me real joy."},{"index":1,"personal_essay":"I am fascinated how machines can learn to do and do to learn. When I visited the GRASP Labs this past summer, I was able to witness this artificial intelligence first hand as the UPennalizers research group's robots learned how to walk and play soccer. But this learning philosophy doesn't only apply to machines\u2014it describes the entire academic environment. Meeting Dr. Daniel Lee, the faculty advisor of UPennalizers, I marveled at how students applied classroom theory to real projects. I hope to learn the computer science fundamentals required to write the algorithms that teach the robots strategy and leverage computer vision concepts from Machine Perception (CIS-580) to navigate them around their environment.I have embraced this same hands-on learning philosophy throughout various projects. In my Machine Learning seminar during junior year, my teacher and I often discussed making computer science interdisciplinary on campus. After the seminar, he found an opportunity for me to apply my knowledge to an archiving project at the Peabody Museum of Archaeology. In order to automate the process of indexing their archaeological artifacts, I scoured documentations and algorithms in character recognition to digitize their catalog card collection. This research took me through everything from research papers to podcasts, and I was left open to interesting new fields of computer vision and machine perception.With the University of Pennsylvania's abundant research opportunities, I am eager to participate in projects at The Center for Undergraduate Research & Fellowships (CURF). Dr. Ungar's World Well-Being Project, which aims to mine social media to understand health, directly aligns with my interests and experience. I have worked on several side-projects to practice data mining, including scraping Tweets to perform sentiment analysis, classifying them as negative, neutral, or positive. With the right application, these results can be very useful to understand how sentiment affects patient health. Dr. Ungar's project is only one of hundreds in CURF. Through similar research experiences, I will undoubtedly gain more depth in Artificial Intelligence topics.Beyond technical skills, my past projects have cemented my belief that engineering is interdisciplinary\u2014applicable to topics from archaeology and social media. I plan to utilize Penn's 'One University' policy to combine a CIS major with psychology in the College of Arts and Sciences and management in Wharton. This combination will allow me to understand technology through human needs. I visualize programming the UPennalizers' soccer robots to enter nuclear disaster scenes to save lives and using The World Well-Being Project in hospitals to provide better preventive care to patients. Coming to Penn will allow me to gain a holistic view of engineering and make a social impact with my projects.Penn's diverse student body fosters a collaboration of cultures and perspectives that improves the academic community as a whole. I want to engage in this community through activities that will allow me to apply my programming skills in a multidisciplinary context. Penn Electric Racing, where mechanical and electrical students can mesh with management students, provides such an opportunity, as I hope to join them on the software side and code algorithms to give the cars self-driving capabilities. I am also eager to join PennApps, the largest college hackathon, consistently bringing a multitude of people together from all over the world. As a participant, my collaborative spirit and innovative ideas will add to the hacker environment. As an organizer, my knowledge of running hackathons will help improve the hacker experience. The cutting-edge research opportunities, interdisciplinary approach, and diverse student community of the University of Pennsylvania will help me achieve my goal of growing into a global leader with a strong engineering background. I am excited to both learn and do, advancing knowledge in the classroom and conducting research that can be applied to real life. Penn's effective and relevant education is paving the road for creating a better world with its progressive philosophy, and I hope to be a part of it.While working on expanding hackNEHS for a second run, I was dismayed when several past sponsors withdrew due to budget caps. Urgent to build long-lasting sponsor relationships, I enlisted an enthusiastic freshman\u2014Lauren\u2014to connect with technology companies, handing her my cold-emailing templates from last year. Although disheartened by a lack of responses, she was determined to keep trying, and I decided to work with her more closely.I introduced more effective strategies\u2014networking through our school alumni coordinator and planning follow-up emails beforehand. Testing them with MathWorks, Lauren was ecstatic when they responded, but there was one caveat. They wanted to Skype her, specifically, to hear our pitch\u2014but she had never pitched before.I had only grown such skills myself by relentlessly throwing myself into new situations. I shared with Lauren one instance of calling Facebook dozens of times last year to straighten out obscure forms and invoices. I prepped her with mock questions until she could explicate our mission slide and negotiate sponsor tiers. The day of the call arrived, and her well-rehearsed initial pitch went smoothly. Buoyed by confidence from our practices, she even threw in her own idea\u2014enlisting Girls Who Code to encourage female representation in our hackathon. MathWorks, impressed by the conversation, became a diamond sponsor\u2014our biggest in both years combined!I saw Lauren beaming with confidence and knew she could handle future connections with Girls Who Code. More importantly, I saw that lifting those around me empowered them to contribute their unique insights, benefiting the entire team."}]}