{"schema":{"fields":[{"name":"index","type":"integer"},{"name":"personal_essay","type":"string"}],"primaryKey":["index"],"pandas_version":"0.20.0"},"data":[{"index":0,"personal_essay":""},{"index":1,"personal_essay":"Q: There is a Quaker saying: 'Let your life speak.' Describe the environment in which you were raised\u2014your family, home, neighborhood or community\u2014and how it influenced the person you are today. ( 200-250 words)Nudibranch \/\u02c8n(y)o\u035eod\u0259\u02ccbraNGk\/noun. A shell-less sea slug. Ever since I watched 'Finding Nemo' at the age of five, my love for marine life and the underwater fantasyland has blossomed as every shelf around the house became occupied with mini-aquariums. While most kids at my age obsessed over clownfish (remember Finding Nemo?), I went straight for the 'odd' one out: I became fascinated with nudibranchs (imagine little Nancy mouthing this pronunciation the first time!), those bottom dwelling, jelly-bodied sea slugs. I was most drawn to nudibranchs' vibrant hues and intricate patterns. Over time, touring the aquarium weekly, reading every little detail about them in the 'Encyclopedia of Marine Animals', even later keeping them in my own fish-tank could not satiate my desire to know more. Over and over, I wondered how these jelly-bodied mollusks evolve from miniature larvae into Mother Nature's canvases, expressing her wildest indulgences of color and form. Luckily, during junior year of high school, I had the opportunity to start my own underwater field-research in Borneo, Malaysia. I catalogued over 50 different species of nudibranchs and studied their behaviors, habitats, and the evolutionary mechanisms behind their diverse colors and patterns. So when I first learned about how upperclassmen could design their own courses at Tufts' ExCollege, I was thrilled. I imagine myself giving a lecture about my beloved nudibranchs to a group of like-minded, enthusiastic marine animal geeks. Only then can I proudly call myself, a 'Nudi-nerd'.Jumbos aren't afraid of embarrassing themselves. Whether it's dancing like a wild baboon at Dance Collective, or getting splatters all over while painting the cannon, or even designing a course about 'Cyberfeminism' at ExCollege, the nonjudgmental culture at Tufts allows non-conformists like me to jump at any opportunity without the fear of judgement. I want to go to a school where being 'different' is mainstream, where individuality is underscored, where I can conformably crack a witty comment without being coined 'socially awkward'. Tufts has a homey vibe to me\u2014I'd like to paint my name on that cannon one day\u2026'Read ten thousand books; travel ten thousand miles'\u2014I live by this Chinese proverb. Going beyond book-learning, taking the indefinitely expanding world of human possibility and living it first-hand is what I envision myself doing for a lifetime. Born in Macau, raised in Shanghai, and having lived in L.A., I have encountered the world with multifaceted angles. Throughout my exchange experience in America during freshmen year, the amount of freedom in the classroom brought me out of my comfort zone, giving me the courage to break intellectual boundaries and question things that I disproved of. I distinctively remember the time I questioned my teacher about the depiction of Chinese immigrants in the 19th century in the history textbook. Instead of receiving condescending looks from my classmates like what I expected in a typical Chinese classroom, the class transformed into a platform for productive discussions about the different interpretations that we could draw from historical 'facts'. This is the type of conversation that I want to initiate in college, and I cannot imagine a place other than NYU's Liberal Studies Program to fulfill this aspiration. I hope to open myself up to different interpretations of the world at one of NYU's many global academic centers. I believe a full year of international study at a completely unfamiliar city will take me outside the conventional classroom, and help me lay a solid foundation in liberal arts and critical thinking skills by appreciating classic literature through a global lens. I look especially to NYU Florence: taking a stroll to the nearby piazzas, home to locals and tourists alike, I hope to take advantage of the cultural resources offered at Florence, and have scholarly interactions with my peers from all over the world. Moreover, as an advocator for gender justice, I look forward to utilizing the Liberal Studies Social Impact Grant, which will allow me to continue my campaign on cultural construction of gender and engage in social policy dialogues with world-renowned policy-makers. I have no clue about which area of study I will set my heart on at the end of the two-year core program; however, I know for sure that an education in the Liberal Studies Program at NYU will provide me with the tools of becoming a critical reader, an open-minded thinker, a global citizen, and a Renaissance woman.Why Brown?I love the feeling of drowning. As I drowned myself in a plethora of compositions by Maya Angelou, Gloria Steinman, and Virginia Woolf in English class, I stumbled upon my previously unseen love for the combination of literature, history, and feminism. As I drowned myself in a cytoplasm of reefs, CaCO3, and nudibranchs during my expedition to Borneo, I divulged the intersection of marine biology, chemistry, and environmental justice.With its Liberal Learning Goals and Open Curriculum, Brown will enable me to dive into convergences of multiple captivating waters\u2014STEM, gender studies and conservation policy, drown myself in the uncharted water across College Hill, jump out of the water with the shedding lights from Rockefeller's Library, and reborn to thrive as a Renaissance woman as a proud Brunonian.Q:Tell us where you have lived - and for how long - since you were born; whether you've always lived in the same place, or perhaps in a variety of places. (100 word limit)Strolling through Longtang alleys, I live by Taoism's simplistic doctrines for the sophisticated life. Venturing into artistic Xintiandi complex, I capture the city tales with picturesque treelined roads and fashion-bloggers in romantic-chic. Running through dazzling lights of Pearl Tower, I aspire to fly to the top of skyscrapers like jack's beanstalk leading to my wildest dreams.I've lived in Shanghai since Day One. Yet, here, I've encountered the world with multifaceted cultures, shaping the periscope of my identity\u2014 I am a fusion of modernity and orthodoxy, rationalism and romanticism. From Shanghai to the rest, the world will be my oyster. Q:We all exist within communities or groups of various sizes, origins, and purposes; pick one and tell us why it is important to you, and how it has shaped you. (100 word limit)Imagine a coffee house. Some tables are discussing Google Glass. Some stir up debates about presidential election. Some Bob Dylan, some mitochondria, some 'Cogito ergo sum'\u2026 I enter the caf\u00e9. Fueled by the abundance of information, enlightened by the sophistication of their discourse\u2014I maneuver from table to table, stealing tidbits of knowledge here and there. I start to speak up at different tables, where I find my voice significant and ideas worth sharing. We call ourselves experts; we call ourselves Quorans.Quora is my powerhouse\u2014while I sift through gazillion bytes of data, I've charged infinite curiosity within myself. "}]}