{"schema":{"fields":[{"name":"index","type":"integer"},{"name":"personal_essay","type":"string"}],"primaryKey":["index"],"pandas_version":"0.20.0"},"data":[{"index":0,"personal_essay":"It was freshman year of high school, and I wasn't eating enough.Following two days of sickness, primarily blurry vision and agonizing headaches, my mother announced her personal diagnosis: insufficient eating. When the pain became more than I could bare, after I ate a dinner for four to appease my worried parents, I went to the emergency room. There, an observant nurse and an incredulous doctor discovered an anomaly.It was freshman year of high school, and my body was going to kill me.After noticing an irregularity in my blood pressure, the nurse informed the physician, who in turn discovered a heart murmur. Astonished that my family had no prior knowledge of this, he referred us to a cardiologist who then confirmed to my scared and worried family the terrifying diagnosis. 'A bicuspid aortic valve led to severe regurgitation of blood blow. If it's left uncheck, this will lead to cardiomegaly and after that, heart failure.'Essentially, a hole in my heart would kill me unless I underwent open-heart surgery.It was freshman year of high school, and my life was slipping away.I wasn't going to die. Fortunately, the aberration within me had been discovered in time \u2013 barely. The only life- threatening danger was the inherent risk in all open-heart surgeries. However, although my physical body had surpassed the crisis, many other aspects of my life had been affected. Everything used to come to me with ease: I was a high school freshman excelling in senior courses, at the top of my class, and was able to play varsity basketball after my freshman year at a Division 1 school. I was, being driven by an egotistical personality, able to eat, play, and do as I please. My diagnosis changed all that. I missed several weeks of classes visiting countless cardiologists and surgeons. I struggled to keep up with school work. My coach made the hurtful but logical decision to take me off the roster, convinced that I wouldn't be able to play at such a competitive level in the upcoming season. For the first time in my life, I experienced tremendous failure.It was freshman year of high school, and I had given up.Absolutely defeated by such a novel experience, the days preceding the surgery were riddled with silent self-pity.The surgery, upon completion, became the object of my hatred and blame. The operation that had saved my life had taken all that I held dear as a price, and left me incapacitated for months. However, I was wrong. At the highest point of despair, a change in my character was going to take place.Finding religion in the time of uncertainty, I often prayed to my patron saint, Kyrillos. During one night in the hospital, in the midst of the dim lights and muffled beeps, the distinct noise of a woman crying in the adjacent room awoke me. Drowsily, without much thought, I prayed that my saint would leave my bedside to comfort her.Immediately, I felt a sensation of my heart stopping. The experience of distraught hopelessness, as my heart began to give away, sparked something inside me. I found myself able to disregard my immediate needs for the sake of others. Additionally, the fear that I felt as I seemed to approach death awakened my broken soul. I became so immensely ashamed that I had given up; the notion that I deserve better disappeared. I was given the beautiful gift of life, a second chance to live fully and love fully. The entitled, selfish, and self-centered persona within me burned away to be replaced by a young man defined by this experience. Defined in such a way \u2013 after intimately knowing the meaning of pain and hopelessness through failure \u2013 so that perseverance and compassion became the pinnacles of my character.Freshman year of high school was now over, and my second chance at life had begun."},{"index":1,"personal_essay":"Who Am I?What makes us unique? What defines us? Three features special to each individual: our experiences, our minds, and our personalities. What have we undergone, how do we reason, and how do we affect others around us? Defining these three aspects of my person is a significant part of my application, my penchants, and my aspirations.Our minds and bodies have always captivated me in a unique way. Such is my rush, and adrenaline junkies seeking similar pleasure are common. Whether the specific excitement comes from jumping out of planes or trying a new dish, the search for thrill is a universal one. The human body, the natural key which holds answers to questions still unasked, fascinates me in such a manner inexplicable through speech. This intellectual fervor continually isolates me in thought and study, as the yearning to know is not appeased through the meager resources at my disposal; rather, it is only encouraged. During my first day volunteering at a hospital, I witnessed nurses rushing in a stroke patient. I scrambled to an open spot \u2013 between a monitor and two converging walls \u2013 to witness all that I could. As I experienced a life or death situation, I was struck with awe, and struggled to comprehend everything around me. A group of doctors congregated as I stood on my toes, straining to hear the murmurs of obscure medical jargon. The high stakes of the situation, coupled with my struggle to understand the scientific terminology, excited my mind, giving me the inspiration I had been chasing. Simultaneously, I witnessed the patient's family enter with tears and dread; their hopelessness and pain was impossible to miss, as I filled up with frustration over my inability to help them and their loved one. Concluding my shift hours after my normal schedule, I realized that I had finally discovered medicine as my personal endeavor for intellectual passion and the ideal outlet for compassion. However much my experiences may fuel my academic vitality though, my curious mindset equally creates my obsession with understanding the mind. Such a mentality, founded upon incessant questioning, often starts at the simplest of inquiries \u2013 why?The simplicity of the question is as beautifully elegant as the answer is intricately eloquent. From the moment I understood that things happen I lusted to understand why. Why do we think, act, and communicate in the way we do? I started to think about thinking, to question motivations behind actions, to continuously search for answers. Why are we able to formulate abstract thought, conceptualize past, present, and future, or formulate a conscious? With every answer I learned through vigorous research to soothe my curiosity, more questions surfaced.After years of schooling, of memorization and regurgitation, I began to care more about the whys than the actual information. The classroom in and of itself could not satisfy me, and I thirsted for understanding that couldn't be satiated by school. I learned of wars and revolutions, but not why they happened. I studied human processes and bodily functions, but not why they occurred. I was taught chemical functions and reactions, but not why they acted so. I became fascinated with reasons and motivations, so immensely so that the knowledge I acquired on my own surpassed the traditional knowledge I held in both importance and volume.Questioning the causes and incentives of the world around us is the only way for us to improve it. Understanding why things are as they are, or why we act and think in the way which we do, is the most fundamental essence of my character.Additionally, and perhaps more evident, my personality is unique and contagious. The most fitting example I can give of my character is that of Mickey Mouse. Imagine him now, a bundle of joy and energy, quick to take up an adventure but just as apt to go out of his way to help a friend. Mickey is the quintessential fictional character to depict me. I likewise am always full of vitality, whether it bethree in the morning or lunch time in the middle of the day, it is a rare moment to find me tired or not up for work and\/or fun. Also, I truly believe one of my defining qualities is the love I possess for others. Whether it be my brother, a friend, or a stranger, my life aspiration is to positively impact as many lives as I am able. A believer of the ripple effect, I know that such kind actions to others can and often does translate into selfless actions from them unto others, and continues onward. In this sense, Mickey portrays my personality perfectly.And so, what I have experienced, how I think, and the makeup of my character defines me. More so than grades, tests, and even extracurriculars, these components make me who I am \u2013 they make me Danny.I used to fear not having the answer to a problem. In the maths and sciences, I loved the sensation of circling my solution at the end. Yet, a passion for the unanswerable perfectly matches my inquisitiveness.Yale is founded on such a principle of exploration. Each classroom thrives on discussion, introspection, and awareness of other perspectives, as it also poses questions unsolvable and instills the education of a conscientious citizen and a well-rounded scholar. Such a school which will better me both as a student and a person is one I crave as I continue my journey in medicine.I used to fear not having the answer to a problem. Even as I explored higher levels of math and science which required multiple pages for a single question, I loved the feeling of circling the answer at the end. That sense of accomplishment and confidence as I looked down at the single correct response was unmatched in my humanities classes. I can't say I had an epiphany, as many others claim, during which I suddenly realized that a love for the unanswerable perfectly matched my inquisitiveness rather than challenged my confidence. Instead, the change in my perception of the humanities was gradual, and, in irony, stemmed from my passion of the sciences. Taking first psychology and then biology, I truly enjoyed a class for the first time in my life. Yet, these classes came with questions still unanswered, and questions that may perhaps never be answered. With this different perspective on inexplicable questions, I became obsessed with government, philosophy, and interpretation of both the secular and religious arts. All these fields offered questions with a multitude of solutions or none at all, and such a prospect thrilled both my curious and competitive natures. Not only would answers require extensive research and thought, but any answer reached would be thoroughly challenged and have to be adequately defended. The Sectors of Knowledge in The College of Arts and Sciences is founded on such principles. Each class thrives on discussion, introspection, and awareness of other perspectives, as it also poses questions unsolvable and instills the education of a conscientious citizen and a well-rounded scholar. Such a program which will better me both as a student and a person is one I crave as I continue my journey in medicine.Additionally, I truly believe in order to understand how the mind works both psychologically and biologically, I must first expand my cultural understanding. Analyzing multiple societies \u2013 analytically, subjectively, and creatively through the arts \u2013 will create a rich comprehension of the commonalities and dissimilarities across the human species. And, just as important as developing this pancultural, humanistic appreciation in order to draw conclusions about the human behavior and body, is defending such conclusions. As a means to do so, I need to develop my analytical and argumentative skills so that I may grow both academically and as an individual. Thus, the Foundational Approaches existing in the College is the quintessential manifestation of these elements, as I will be demanded to study other cultures as well as grow in my reasoning and writing abilities. Such a program, like the Sectors of Knowledge, will propel me to becoming an educated citizen and an advanced thinker.Only adding to my already evident excitement, is the school of thought introduced with Penn Integrates Knowledge. Yet again, Pennsylvania has read my mind and offered exactly what I am desperately searching for \u2013 blurred lines. Passionate about the interdisciplinary majors of neurobiology and the biological basis of behavior, I recognize that every field of study is intertwined with countless others, and cannot be sufficiently understood on its own.No doubt, whichever university I attend, I will choose to take these classes of my own accord \u2013 even if the school does not mandate it. However, the simple fact that the University of Pennsylvania and the College of Arts and Sciences requires such a core curriculum, speaks in volume to the attitude which the college exemplifies. The goal is not to exclusively teach a specialized subject to students and send them off into the world with degrees, but otherwise academically, culturally, and socially blind. Even though specialization in a major is a part of the objective, the university strives to create ideal individuals, not single-minded students. Such a way of thinking, embodied here, matches seamlessly with what I deeply desire in my college experience, and it is one of the primary reasons The University of Pennsylvania has become my number one university choice.I used to fear not having the answer to a problem. Even as I explored higher levels of math and science which required multiple pages for a single question, I loved the feeling of circling the answer at the end. That sense of accomplishment and confidence as I looked down at the single correct response was unmatched in my humanities classes. I can't say I had an epiphany, as many others claim, during which I suddenly realized that a love for the unanswerable perfectly matched my inquisitiveness rather than challenged my confidence. Instead, the change in my perception of the humanities was gradual, and, in irony, stemmed from my passion of the sciences. Taking first psychology and then biology, I truly enjoyed a class for the first time in my life. Yet, these classes came with questions still unanswered, and questions that may perhaps never be answered. With this different perspective on inexplicable questions, I became obsessed with government, philosophy, and interpretation of both the secular and religious arts. All these fields offered questions with a multitude of solutions or none at all, and such a prospect thrilled both my curious and competitive natures. Not only would answers require extensive research and thought, but any answer reached would be thoroughly challenged and have to be adequately defended. The Core Curriculum is founded on such principles. Each class thrives on discussion, introspection, and awareness of other perspectives, as it also poses questions unsolvable and instills the education of a conscientious citizen and a well-rounded scholar. Such a program which will better me both as a student and a person is one I crave as I continue my journey in medicine.Additionally, I truly believe in order to understand how the mind works both psychologically and biologically, I must first expand my cultural understanding. Analyzing multiple societies \u2013 analytically, subjectively, and creatively through the arts \u2013 will create a rich comprehension of the commonalities and dissimilarities across the human species. And, just as important as developing this pancultural, humanistic appreciation in order to draw conclusions about the human behavior and body, is defending such conclusions. As a means to do so, I need to develop my analytical and argumentative skills so that I may grow both academically and as an individual. Thus, the curriculum existing in the university is the quintessential manifestation of these elements, as I will be demanded to study other cultures as well as grow in my reasoning and writing abilities. Such a program will propel me to becoming an educated citizen and an advanced thinker.Only adding to my already evident excitement, is the school of thought introduced with the cross-examination within classes. Yet again, Chicago has read my mind and offered exactly what I am desperately searching for \u2013 blurred lines. Passionate about the interdisciplinary majors of neurobiology and the biological basis of behavior, I recognize that every field of study is intertwined with countless others, and cannot be sufficiently understood on its own.No doubt, whichever university I attend, I will choose to take these classes of my own accord \u2013 even if the school does not mandate it. However, the simple fact that The University of Chicago requires such a core curriculum, speaks in volume to the attitude which the college exemplifies. The goal is not to exclusively teach a specialized subject to students and send them off into the world with degrees, but otherwise academically, culturally, and socially blind. Even though specialization in a major is a part of the objective, the university strives to create ideal individuals, not single-minded students. Such a way of thinking, embodied here, matches seamlessly with what I deeply desire in my college experience, and it is one of the primary reasons The University of Chicago has become one of my top university choices.Northwestern is founded on three principles: preparation, exploration, and happiness. Preparation is essential. As a student with a passion in medicine I am unable to subdue, I crave an education that will adequately prepare me for the path ahead. Already actively pursuing all medical environments, from volunteering at hospitals, reading case histories of patients, and shadowing in the operating room, I understand that in the next step of my education I need a community that will propel me to new thoughts, skills, and experiences. Northwestern provides that. With an already established neurobiology department, world renowned faculty, and unmatched research opportunities within the Weinberg College of Arts and Sciences, I can only imagine how well equipped I will leave.Exploration is growth. I used to fear not having the answer to a problem. Even as I explored higher levels of math and science which required multiple pages for a single question, I loved the feeling of circling the answer at the end. And yet, a love for the unanswerable perfectly matched my inquisitiveness rather than challenged my confidence. Many fields offer questions with a multitude of solutions or none at all, and such a prospect thrills my curious nature. In Northwestern, each class thrives on discussion, introspection, and awareness of other perspectives, as it also poses questions unsolvable and instills the education of a conscientious citizen and a well-rounded scholar. Such a school which will better me both as a student and a person is one I crave as I continue my journey in medicine.Happiness is rare. An individual before a student, I crave a community to call home for four years rather than buildings to call school. Understanding the dynamic of the campus, often labeled 'electrifying' and 'joyful' by students, I long to join the Wildcat family.Our minds and bodies have always captivated me in a unique way. Such is my rush, and adrenaline junkies seeking similar pleasure are common. Whether the specific excitement comes from jumping out of planes or trying a new dish, the search for thrill is a universal one. The human body, the natural key which holds answers to questions still unasked, fascinates me in such a manner inexplicable through speech. This intellectual fervor continually isolates me in thought and study, as the yearning to know is not appeased through the meager resources at my disposal; rather, it is only encouraged. During my first day volunteering at a hospital, I witnessed nurses rushing in a stroke patient. I scrambled to an open spot \u2013 between a monitor and two converging walls \u2013 to witness all that I could. As I experienced a life or death situation, I was struck with awe, and struggled to comprehend everything around me. A group of doctors congregated as I stood on my toes, straining to hear the murmurs of obscure medical jargon. The high stakes of the situation, coupled with my struggle to understand the scientific terminology, excited my mind, giving me the inspiration I had been chasing. Simultaneously, I witnessed the patient's family enter with tears and dread; their hopelessness and pain was impossible to miss, as I filled up with frustration over my inability to help them and their loved one. Concluding my shift hours after my normal schedule, I realized that I had finally discovered medicine as my personal endeavor for intellectual passion and the ideal outlet for my compassion. However much my experiences may fuel my academic vitality though, my curious mindset equally creates my obsession with understanding the mind. Such a mentality, founded upon incessant questioning, often starts at the simplest of inquiries \u2013 why?The simplicity of the question is as beautifully elegant as the answer is intricately eloquent. From the moment I understood that things happen I lusted to understand why. Why do we think, act, and communicate in the way we do? I started to think about thinking, to question motivations behind actions, to continuously search for answers. Why are we able to formulate abstract thought, conceptualize past, present, and future, or formulate a conscious? With every answer I learned through vigorous research to soothe my curiosity, more questions surfaced. After years of schooling, of memorization and regurgitation, I began to care more about the whys than the actual information. The classroom in and of itself could not satisfy me, and I thirsted for understanding that couldn't be satiated by school. I learned of wars and revolutions, but not why they happened. I studied human processes and bodily functions, but not why they occurred. I was taught chemical functions and reactions, but not why they acted so. I became fascinated with reasons and motivations, so immensely so that the knowledge I acquired on my own surpassed the traditional knowledge I held in both importance and volume.Questioning the causes and incentives of the world around us is the only way for us to improve it. Understanding why things are as they are, or why we act and think in the way which we do, is the most fundamental essence of my character.From the moment I chose psychology as my matriculating project in eighth grade, I have fallen in love with the study of medicine and cognition. Since, I have had countless events only deepen this passion such as having my open-heart surgery, and volunteering at two hospitals. Through these experiences, I have truly been able to appreciate the power of medicine. More dominant of an impact on what I want to study though, is my continued shadowing in the operating room at Children's Hospital Los Angeles. There, I am given unfathomable lessons on the human body as I witness the restructuring of ligaments, the repair of heart valves, and the treatment of cancers such as neuroblastoma. As I am taught by residents what will happen in the next surgeries during our breaks, I am continuously filled with exhilaration and absolute certainty in what I want to study and practice for the rest of my life.Exploration is growth. I used to fear not having the answer to a problem. Even as I ventured through higher levels of math and science which required multiple pages for a single question, I loved the feeling of circling the answer at the end. And yet, a love for the unanswerable perfectly matches my inquisitiveness rather than challenges my confidence. Blurring the line between subjects, and creating an interdisciplinary approach to questions which will produce a multitude of answers \u2013 or none at all \u2013 is a prospect which thrills my curious nature. At Duke, each class thrives on discussion, introspection, and awareness of other perspectives, as it also poses questions unsolvable and instills the education of a conscientious citizen and a well-rounded scholar. Such a school which will better me both as a student and a person is one I crave as I continue my journey in medicine.I used to fear not having the answer to a problem. Even as I explored higher levels of math and science which required multiple pages for a single question, I loved the feeling of circling the answer at the end. That sense of accomplishment and confidence as I looked down at the single correct response was unmatched in my humanities classes. I can't say I had an epiphany, as many others claim, during which I suddenly realized that a love for the unanswerable perfectly matched my inquisitiveness rather than challenged my confidence. Instead, the change in my perception of the humanities was gradual, and, in irony, stemmed from my passion of the sciences. Taking first psychology and then biology, I truly enjoyed a class for the first time in my life. Yet, these classes came with questions still unanswered, and questions that may perhaps never be answered. With this different perspective on inexplicable questions, I became obsessed with government, philosophy, and interpretation of both the secular and religious arts. All these fields offered questions with a multitude of solutions or none at all, and such a prospect thrilled both my curious and competitive natures. Not only would answers require extensive research and thought, but any answer reached would be thoroughly challenged and have to be adequately defended.The Core Curriculum is founded on such principles. Each class thrives on discussion, introspection, and awareness of other perspectives, as it also poses questions unsolvable and instills the education of a conscientious citizen and a well-rounded scholar. Such a program which will better me both as a student and a person is one I crave as I continue my journey in medicine.Brown is founded on two principles: freedom and happiness. Freedom is dangerous. Yet, for the most enthusiastic of learners, it can be thrilling. The absence of a core curriculum gives me the ability to explore all my curiosities. From political thought and law to ancient philosophy, I can satiate my inquisitiveness while still studying neuroscience. Happiness is rare. An individual before a student, I crave a community to call home for four years rather than buildings to call school. Understanding the dynamic of the campus, often labeled 'electrifying' and 'joyful' by students, I long to join the Brown Bears family.Idea or experience important to intellectual developmentOur minds and bodies have always captivated me in a unique way. Such is my rush, and adrenaline junkies seeking similar pleasure are common. Whether the specific excitement comes from jumping out of planes or trying a new dish, the search for thrill is a universal one. The human body, the natural key which holds answers to questions still unasked, fascinates me in such a manner inexplicable through speech. This intellectual fervor continually isolates me in thought and study, as the yearning to know is not appeased through the meager resources at my disposal; rather, it is only encouraged.During my first day volunteering at a hospital, I witnessed the cruelty within the brevity of life that disease entails, and the beauty of the solutions humanity has produced. That night, a patient experiencing a stroke was rushed into the hospital. I scrambled to an open spot \u2013 between the monitor and two converging walls \u2013 digesting everything I possibly could. I had been given a chance to experience the sublime of medicine, and my mind ached to absorb every aspect of it. A group of doctors congregated as I stood on my toes, straining to hear the murmurs of obscure medical jargon. The situation's urgency accelerated my pulse while deciphering the obscure language elated my mind, giving me the intellectual 'drop of morphine' I had been pursuing. Concluding my shift hours after scheduled, I reflected that I had finally discovered my personal endeavor for euphoria.Note to future roommateI doubt you twitch in your sleep as much as I do. I know; it's a unique, bizarre characteristic to have. In fact, I'm sure we're completely different people and we'll find countless weird things about each other \u2013 but don't worry; I really enjoy getting to know others from diverse cultures, backgrounds, and families. I embrace unique qualities in others because I want to learn and accept inherent dissimilarities, and highlight their exceptionality. Likewise, I hope my own strange features won't bother you \u2013 such as twitching in my sleep \u2013 because they're harmless and make me who I am. You can add the following to your list of my oddities: snacking throughout the day, reading too much, and being incapable of folding clothes.In fact, now that I think about it, I have a lot of tiny, unusual habits. For example, I'm a first generation immigrant \u2013 both of my parents were born in Africa and the rest of my family continues to live scattered around the continent \u2013 and my Coptic heritage has led to some hilariously unique language. 'Close the lights' instead of 'turn the lights off' is probably my most consistent error, but you'll make fun of me all year long for my other comical phrases as well.I'll constantly be looking for new people and new things, but in the rare occasions I'm not out meeting others, you'll find me in our dorm; I'll be twitching in my sleep, eating and reading, or unsuccessfully folding my clothes.What matters to you, and why?Why? The simplicity of the question is as beautifully elegant as the answer is intricately eloquent. From the moment I understood that things happen I craved to understand why.Why do we think, act, and communicate in the way we do? I started to think about thinking, to question motivations behind actions, to continuously search for answers. Why are we able to formulate abstract thought, conceptualize past, present, and future, or express a conscious? With every answer I learned through vigorous research to soothe my curiosity, more questions surfaced.After years of schooling, of memorization and regurgitation, I began to care about the whys in addition to the actual information. The classroom in and of itself could not satisfy me, and I desired for understanding that couldn't be satiated by school. In history, I learned of wars and revolutions, but not why they happened. In biology, I studied human processes and bodily functions, but not why they occurred. In chemistry, I was taught chemical formulas and reactions, but not why they acted so. I became fascinated with reasons and motivations, so immensely so that the knowledge I acquired on my own surpassed the traditional knowledge I held in both importance and volume.Understanding why things are as they are, or why we act and think in the manner in which we do, is the most fundamental element which drives my character. And in my short time learning, I've learned that I've learned nothing \u2013 which has only increased my excitement."}]}