{"schema":{"fields":[{"name":"index","type":"integer"},{"name":"personal_essay","type":"string"}],"primaryKey":["index"],"pandas_version":"0.20.0"},"data":[{"index":0,"personal_essay":"Physically, besides our Chinese complexion, there's one characteristic that has defined the Wei family: hair. Lots of it.I tie my bushy ponytail with two actual rubber bands, because normal hair-ties keep breaking\u2014and still, it whacks my face when playing tennis. My brother never wears shorts on first dates, to hide his hairy legs. And since I was young, I've loved ruffling my mom's abundant hair.That changed my junior year, when my mom came home with her hair shaved off.I could barely recognize her. It was in that moment that the reality of her breast cancer hit me. I felt compelled to do anything to help her. To be strong for her. I held her close and somehow I knew we were going to be okay.Her cancer made me step up as a daughter. I did things for her out of love that I would have never done for myself. When her joints ached, I scoured the internet to find comfortable shoes for her. When she needed exercise but was too tired, I did leg lifts with her in bed.After a few cycles of chemo, my mom's blood counts were low. When she smelled her once-favorite foods, she wanted to throw up. But I knew she needed her nutrition. I asked the school's cooking teacher for recommendations. She gave me a whole cookbook of just soups, and I experimented at home with new flavors, ranging from minestrone to broccoli-cheddar, unusual to our Chinese cuisine. Mom's next blood test results showed her counts increased. I quit the tennis team to care for my mom. Tennis had been my first identity in high school. It shaped my work ethic and taught me resilience in the face of hard losses. But during tennis season, when my mom went through her toughest chemotherapy sessions, I knew I had to be there for her. In a way, tennis was an artificial environment to practice for the real challenges of life. I saw more powerful ways to use what the sport had taught me. My mom needed me more than my team did, and I needed more time with her.Mom's cancer taught me that each moment was important. I'll remember planting kisses on my mom's face as I tucked her into bed. I'll remember cleaning up her vomit with my dad in the small bathroom, working together with gloved hands. I'll remember telling a classmate about my mom's cancer, and her response: 'I haven't told anyone. I have leukemia. Now I realize I'm not alone.' Through laughter and conversations about family struggles, hospital visits, and favorite songs, we made a deep connection. I realized that there were important moments not just with family, but also with the people around me. I wanted to appreciate them all.As a journalist, I hoped to make moments important for others too. Where the boys basketball team saw their usual post-game meeting in the locker room, I saw a story of how a team became a family. Where a math teacher didn't think twice about his doodling, I saw a hidden talent worth featuring. I found so much inspiration in learning about what made people uniquely themselves: their stories, ideas, opinions. I wanted to capture those unique stories of my school, for people to feel important and heard. I found my new identity, a student journalist: a listener who sees the world with curiosity, compassion and purpose\u2014someone who helps empower others.This summer, I donated 9 inches of my ponytail. I imagine the strands bringing confidence to someone I'll never know. As I helped my mom pick out a wig to wear when returning to work, I saw small hairs beginning to grow. I saw resilience.As our hair grows, I will too. Smiling through challenges and learning from them. Appreciating the people around me. Making every moment important.When I saw the iconic photo of Alan Kurdi washed ashore, I cried. After class, I stayed behind with my friend Meghana, trying to grasp the complexities of the Syrian Refugee Crisis, wishing we could do something. Online, Meghana and I discovered Paper Airplanes: a non-profit that connects students with Syrian refugees to tutor. We established Lynbrook's chapter, inviting students to join through social media. Twenty committed to help.Through Paper Airplanes, I tutored a 17-year-old Syrian refugee living in Turkey, who wanted to take the TOEFL to attend college. Helping him grow from incomplete English sentences to his first essay filled me with pride. I wanted to be the best tutor possible for him, and I saw the other twenty tutors feel the same about their own students. But many were intimidated to teach English learners for the first time.I set out to help, reading education blogs and drawing from my experiences to create tutoring-workshops such as 'Spicing up Grammar Lessons' and 'Fun Writing Activities.' I also led discussions where we devised ways to improve lessons and empower our students. For example, Zahra's student spoke Arabic during lessons because she was afraid to make mistakes in English. Together, we discussed how to create a safe space so students felt comfortable.Initially, some tutors didn't quite understand the realities of the Syrian Refugee Crisis. When some students couldn't be reached due to their unstable lives, I encouraged them to use it as a learning opportunity to understand what being a refugee meant. This year, we've expanded our leadership team and number of tutors and plan to spread more awareness about refugee and immigrant rights through speaker events. It has been so fulfilling to see the growth in our tutors: not only have they gained confidence in their leadership abilities, but they've also formed lasting friendships with their students and personal connections to this global issue.The Syrian Refugee Crisis remains a daunting issue to solve, but I believe through education and empathy, we can make a meaningful difference and make the world feel more connected.My junior year, creative problem solving took on a new meaning for me when my mom was diagnosed with breast cancer. To help with the challenges arising from her chemotherapy, I found solutions with creativity and love.Chemotherapy killed my mom's taste buds, and her once-favorite foods became difficult to swallow. I knew she needed her nutrition; I thought, if she were to try foods that she hasn't eaten before, she would have no prior expectation of their flavor, so she wouldn't be as disappointed. Every night, I would cook her different foods from different cuisines. I was ecstatic when she enjoyed them a lot more.However, another problem arose. A few hours after eating her meals, she would become nauseous and vomit her food, undigested. Her doctor told her this was normal. I knew vomiting was a side effect of chemotherapy, but I refused to accept that there was nothing I could do about it. Exercising, I thought, could be a possible solution. If she moved around, I thought, it could help my mom's body actively digest food. I knew this wouldn't solve the entire problem, but I hoped it would make a difference. So, I'd go on walks with my mom to encourage her to move around, and bought her new, comfortable shoes when her feet were swollen. As she had more chemo treatments, she became too tired to get out of bed. I created a workout for her to do in bed, consisting of leg lifts, crunches (with me holding down her legs), and arm circles \u2014 all done without standing up. The exercise did help my mom's digestion. It also helped her in ways I didn't imagine: going on walks helped her calm her mind, and exercising together in bed gave us another way to bond together. An act of creativity not only brought a solution to a problem, but it also created happy memories. In taking care of my mom, I've learned to use creative problem solving to help others, and to face challenges with positivity and resilience.I'm fascinated by the interdisciplinary potential of computer science. Beyond data structures and algorithms, it's about solving problems creatively.When I entered high school, I started teaching myself through MIT's OpenCourseWare, working my way through problem sets with Python. In sophomore year, I took C++ courses at Foothill College. In addition to teaching me about object-oriented programming and pointers, my professor introduced me to the 3 P's: Patience, Practice, and Perseverance. Today, I strive to use the 3 P's in everything I do.My junior year, I realized technology could positively impact the way our school newspaper told stories, making them more compelling and accessible. As a student journalist, I saw that our community was filled with powerful stories that couldn't fit in a monthly paper. So, I decided to build a website to put our stories online. The website increased our viewership, allowing parents and alumni to engage with our stories. When several staffers wrote online stories relating to the #MeToo movement, I compiled the stories together and coded our publication's first multimedia package. It was an unique way our audience could experience a story, and I want to continue combining code and journalism to present powerful stories: from analyzing data for investigative stories to creating multimedia projects. When my mom's breast cancer was diagnosed after she experienced symptoms, I wondered whether a machine-learning-based model could have detected her cancer during an annual mammogram months earlier, instead. I immersed myself in neural networks, activation and loss functions, weights and biases, pulling together Python libraries to create a model that can recognize breast cancer in mammograms. I was so excited when, uploading my mom's mammogram to the model, I watched it circle her cancer's location in red. I hope to continue this research in other fields, finding meaning of the world's piles of data.Computer science is more than an academic subject: it's a way to search for new solutions, to expand possibilities. I want to study both computer science and the humanities to tell compelling stories as a journalist and better solve problems that impact the people around me.As a student journalist, I've learned that every person has a meaningful story to tell. Sharing and listening to stories can make us more open-minded, compassionate, and understanding of the people and the world around us. I seek out the stories of others, listening and sharing them with compassion.Stories bring awareness and create tangible change. My co-editor and I filmed a documentary on the wave of youth activism following the Parkland shooting to capture this movement for our community; at our first screening, we distributed voter-registration forms. When I collected data on students' experiences with bullying for a feature, the principal shared it at an all-staff meeting about school culture. I wrote an editorial that brought attention to the school's lack of emergency preparedness; the following school year, administrators conducted a Run, Hide, Defend drill. I interviewed a student at our school, who showed me how one person's courage to speak out can spark a movement. He told me about his loneliness and depression, which led to drug use and an intentional overdose his senior year. He wanted others to hear his story: to break the stigma around mental health in our community, to help others realize they're not alone, to spread hope and positivity. I spent countless hours writing the story, knowing I had to do it justice. I hoped it could inspire others the same way it inspired me. The story created a ripple effect. Our newspaper's online traffic tripled, surpassing 1,200 views for the first time. At our school, mental health issues are apparent, but rarely talked about. The story led to students having more open conversations about mental health. A teacher said it reminded him of why he became a teacher. A parent translated the article into Chinese and shared it in a group-chat with hundreds of parents, where they discussed how to address mental health with their own children.Stories acknowledge the voices of individuals, bringing the community together. I want to use journalism to make people feel heard, to empower others to share their voices and to inspire positive change.Although I joined the school newspaper on a whim and had previously planned to take AP Computer Science, journalism has become a core part of the person I am today. To me, journalism is a way to see the world with curiosity and compassion. Everyone has a story, and journalism allows me to hear those stories \u2014 to learn more about the people around me and be inspired by them. Journalism tells people, 'Your story matters,' and I want to be someone who helps the community by showing people that their voices are important. I also love the fast-paced nature of journalism, how it pushes me to tap into abilities I never knew I had, like produce a high-quality story on a tight deadline.Journalism has taught me to experience the world with an open mind, to soak every moment in \u2014 because wherever you go, there's an exciting story.It's Tuesday lunch. My club officers and I begin with a presentation about spicing up grammar lessons for English learners. Then, the classroom lights up with discussion, each tutor sharing about their student. 'He's so motivated!' says Sanjana, describing her 17-year-old student who wants to fight for peace in Syria. Zahra poses a question; her student from Saudi Arabia speaks Arabic during lessons because she is afraid to make mistakes in English. 'What do you guys think I should do?'Together, our group come up with ways to help her student feel more comfortable during the online tutoring sessions.Two years ago, near the end of my sophomore year, this community of 30 people was only 3: my history teacher, my classmate, and me. Our world history teacher opened my eyes to the Syrian Refugee Crisis and the political, economic, and social factors that made it so difficult to solve. My classmate and I would stay in her classroom after school just talking about it, wishing there was something we could do.Then, I learned about Paper Airplanes \u2014 an organization that connects English-speaking students with same-aged Syrian refugees to tutor. I told my friend about it, and last year we implemented it at Lynbrook. Through tutoring, we've learned to become better communicators and realized that, despite our students' varied life experiences, we're still the same: teenagers with big dreams who just want to have fun.When I see a new club member begin tutoring, I'm filled with hope and excitement for them, eager to help them learn more about the world and make a new friend. This community shares a love for education, helping others, and immersing ourselves in world issues, trying to make a difference, instead of turning a blind eye to problems too difficult to solve.Why that College or School?Computer science isn't just writing code to create a project; it's a way of assessing problems and devising solutions for them. This way of thinking \u2014 of breaking large problems into smaller, manageable pieces that can be solved by teams of people, of constantly coming up with ways to improve \u2014 can be applied to so many fields, from medicine to education to journalism.At the University of Michigan, I hope to double major in computer science and communications to create systems that allow the stories we share to have a wider impact. Last year, I created a website for our school newspaper because I wanted to tell more stories than could fit in a monthly 16-page paper. I realized that technology can bring a story to life in exciting ways. From multimedia projects to data analysis and visualization, technology allows stories to leave an even larger impact on audiences and can be used to create lasting change. It empowers people to share their voices. That's what technology should be about: empowering others. I want to be someone who can use her technical skills to empower other people to share their stories and show them that their voices matter.I'm ecstatic that the University of Michigan provides such a thorough curriculum to explore these ideas. Courses such as EECS 554, Introduction to Digital Communication and Coding, would help me build platforms that innovate the way people share stories: allow them to reach more people and expand the potential of multimedia. COMM 495, Future of Digital Media, would connect me with peers who also aspire to bring communities together with technology and stories, and together we could come up with new ways to do so.Moreover, I hope to be part of The Michigan Daily staff to incorporate my love for computer science and journalism to share the stories of the people around me, through gathering data for investigative projects and using web and multimedia tools to immerse an audience into a story.I want to study at the University of Michigan because of how much the school embraces the idea of 'interdisciplinary.' I want to attend a school that embraces such a philosophy because computer science and communications are inherently interdisciplinary; computer science is applicable to so many fields and stories can be told about any subject and any person. I hope to minor, if not take classes in, urban studies and crime & justice to help me better understand the communities I want to serve after graduating. Taking classes as part of Michigan's data science major will give me the skills needed to pursue data journalism, a way to tell powerful stories with both numbers and words that can contribute to even more impactful investigative reporting.As a student, I hope to learn more about my community by immersing myself in it and giving back through programs such as the Prison Creative Arts Project.University of Michigan's focus on 'it's not just a major' and community outreach excites me because I will get to learn about the world in an interdisciplinary way and see the issues I care about through multiple perspectives.Idea or experience that makes you excited about learningI stared at Big Hero 6 on the screen, a substitute teacher's attempt to control a class of 8th graders. Fascinated by futuristic San Fransokyo, I fell in love with Baymax and the way he could help others\u2014with super strength and knowledge about every medical procedure. That day I knew I wanted to learn computer science: to push possibilities like Tadashi, Baymax's designer, to create something to help people in ways never before imagined.When my mom was diagnosed with cancer, I wondered whether machine learning could have detected her cancer during an annual mammogram, instead of months later, after she felt symptoms. I had to find an answer.I immersed myself in this new world of neural networks, activation and loss functions, weights, and biases. The articles at first felt like reading a foreign language, pushing me to further understand those concepts. I was thrilled, in that moment when all the calculus concepts I learned in class clicked together with the project, and I rushed to explain it to my mom and brother.After pulling together Python libraries and making my own model, I was ecstatic when I uploaded my mom's mammogram and saw it circle the location of her cancer in red.I want to apply this research to other fields such as education and journalism, using the potential of machine learning to find meaning in the piles of data in the world. The future is now. And I can be a part of creating it.Note to future roommateDear Roommate,To me, mornings and nights are special, and I'm so excited to share these times of the day with you! Mornings are filled with possibility\u2014a chance to build upon who you were yesterday\u2014and nights are a chance to reflect. Both are times to appreciate the present. I started morning runs this year. Will you join me? A friend created a workout for his sports science class, and one for me too. His random idea made me realize how awesome it feels to do at least one thing you're proud of every day. In my favorite Japanese drama Miss Pilot, two female pilot trainees go on runs in the morning, encouraging each other, and suddenly, the whole dorm joins. Could that be us?At night, do you want to share bedside books? I'll bring my copy of The Things They Carried, my favorite quotes highlighted in blue. What things do you carry? I carry the quirk of nodding a lot when I listen. I first noticed it watching myself on the school talk show. I do it because I'm listening to you! When I do, there's no one more important to me.From my childhood, I carry my stuffed panda and my excitement over the weirdest things, like airplanes. What gets you excited like a little kid?When two pilots meet before their flight, it's usually for the first time\u2014like us. We're the pilots for our college journey. I can't wait for the experiences we'll carry together.PatriciaSomething meaningful to you and why'I overdosed on purpose,' he* said, 'When I woke up in the hospital, I saw my mom crying next to me. I finally realized life is worth living.'I sat next to him, listening intently. In that moment, there was no one more important. HIs words reminded me that every person is a world in itself, wrapped in stories, experiences, and emotions, that, when shared with another person, gives them a new perspective. His world affirmed the importance of empathy and compassion. I was in awe of his courage and strength, grateful that I got to witness it.My duty now was to do his story justice. I owed it to him, who wanted it told. If the story could help one person, it would have been worth it.After I published his story, a ripple effect started. A teacher said he was reminded of why he became a teacher. A parent translated the story into Chinese; online, it sparked a conversation about mental health among hundreds of parents who often shied away from the topic.I'll forever carry his story with me. Today, the community carries his story, too. They carry his message to be kind and judge less\u2014to acknowledge the stories in the people around them. People's stories are meaningful because they stop you in your tracks, compelling you to step inside someone else's shoes and emerge more open-minded and compassionate. His showed me the power one story has to start a movement."},{"index":1,"personal_essay":"I stared at Big Hero 6 on the screen, a substitute teacher's attempt to control a class of 8th graders. Fascinated by futuristic San Fransokyo, I fell in love with Baymax and the way he could help others\u2014with super strength and knowledge about every medical procedure. That day I knew I wanted to learn computer science: to push possibilities like Tadashi, Baymax's designer, to create something to help people in ways never before imagined.When my mom was diagnosed with cancer, I wondered whether machine learning could have detected her cancer during an annual mammogram, instead of months later, after she felt symptoms. I had to find an answer.I immersed myself in this new world of neural networks, activation and loss functions, weights, and biases. The articles at first felt like reading a foreign language, pushing me to further understand those concepts. I was thrilled, in that moment when all the calculus concepts I learned in class clicked together with the project, and I rushed to explain it to my mom and brother.After pulling together Python libraries and making my own model, I was ecstatic when I uploaded my mom's mammogram and saw it circle the location of her cancer in red.I want to apply this research to other fields such as education and journalism, using the potential of machine learning to find meaning in the piles of data in the world. The future is now. And I can be a part of creating it.The Stanford community is deeply curious and driven to learn in and out of the classroom. Reflect on an idea or experience that makes you genuinely excited about learning.Dear Roommate,To me, mornings and nights are special, and I'm so excited to share these times of the day with you! Mornings are filled with possibility\u2014a chance to build upon who you were yesterday\u2014and nights are a chance to reflect. Both are times to appreciate the present. I started morning runs this year. Will you join me? A friend created a workout for his sports science class, and one for me too. His random idea made me realize how awesome it feels to do at least one thing you're proud of every day. In my favorite Japanese drama Miss Pilot, two female pilot trainees go on runs in the morning, encouraging each other, and suddenly, the whole dorm joins. Could that be us?At night, do you want to share bedside books? I'll bring my copy of The Things They Carried, my favorite quotes highlighted in blue. What things do you carry? I carry the quirk of nodding a lot when I listen. I first noticed it watching myself on the school talk show. I do it because I'm listening to you! When I do, there's no one more important to me.From my childhood, I carry my stuffed panda and my excitement over the weirdest things, like airplanes. What gets you excited like a little kid?When two pilots meet before their flight, it's usually for the first time\u2014like us. We're the pilots for our college journey. I can't wait for the experiences we'll carry together.PatriciaVirtually all of Stanford's undergraduates live on campus. Write a note to your future roommate that reveals something about you or that will help your roommate\u2014and us\u2014get to know you better.'I overdosed on purpose,' he said, 'When I woke up in the hospital, I saw my mom crying next to me. I finally realized life is worth living.'I sat next to him, listening intently. In that moment, there was no one more important. His words reminded me that every person is a world in itself, wrapped in stories, experiences, and emotions, that, when shared with another person, gives them a new perspective. His world affirmed the importance of empathy and compassion. I was in awe of his courage and strength, grateful that I got to witness it.My duty now was to do his story justice. I owed it to him, who wanted it told. If the story could help one person, it would have been worth it.After I published his story, a ripple effect started. A teacher said he was reminded of why he became a teacher. A parent translated the story into Chinese; online, it sparked a conversation about mental health among hundreds of parents who often shied away from the topic.I'll forever carry his story with me. Today, the community carries his story, too. They carry his message to be kind and judge less\u2014to acknowledge the stories in the people around them. People's stories are meaningful because they stop you in your tracks, compelling you to step inside someone else's shoes and emerge more open-minded and compassionate. He showed me the power one story has to start a movement.Tell us about something that is meaningful to you, and why?In world history class, when I saw the iconic photo of little Alan Kurdi and his small shoes, I cried. After class, a friend and I stayed behind for hours talking to our teacher about the Syrian Refugee Crisis and its complexities, wishing we could help. We then created the Lynbrook chapter of Paper Airplanes, which pairs students with refugees to tutor. I tutored a 17-year-old Syrian refugee living in Turkey. I used empathy to guide my teaching, hoping that with every lesson, he enjoyed learning something new. I wanted to help him believe in himself. Watching him grow from writing incomplete English sentences to his first essay filled me with pride.The Syrian Refugee Crisis is so difficult to solve, but education, and more importantly, empathy, connect people, helping us see the common humanity in the issue and giving us hope and tools to see a better world.Briefly elaborate on one of your extracurricular activities or work experiences.Although I joined the school newspaper on a whim and had previously planned to take AP Computer Science, journalism has become a core part of the person I am today. To me, journalism is a way to see the world with curiosity and compassion. Everyone has a story, and journalism allows me to hear those stories \u2014 to learn more about the people around me and be inspired by them. Journalism tells people, 'Your story matters,' and I want to be someone who helps the community by showing people that their voices are important. I also love the fast-paced nature of journalism, how it pushes me to tap into abilities I never knew I had, like produce a high-quality story on a tight deadline.Journalism has taught me to experience the world with an open mind, to soak every moment in \u2014 because wherever you go, there's an exciting story.If you could only do one of the activities you have listed in the Activities section of your Common Application, which one would you keep doing? Why?It's Tuesday lunch. My club officers and I begin with a presentation about spicing up grammar lessons for English learners. Then, the classroom lights up with discussion, each tutor sharing about their student. 'He's so motivated!' says Sanjana, describing her 17-year-old student who wants to fight for peace in Syria. Zahra poses a question; her student from Saudi Arabia speaks Arabic during lessons because she is afraid to make mistakes in English. 'What do you guys think I should do?'Together, our group come up with ways to help her student feel more comfortable during the online tutoring sessions.Two years ago, near the end of my sophomore year, this community of 30 people was only 3: my history teacher, my classmate, and me. Our world history teacher opened my eyes to the Syrian Refugee Crisis and the political, economic, and social factors that made it so difficult to solve. My classmate and I would stay in her classroom after school just talking about it, wishing there was something we could do.Then, I learned about Paper Airplanes \u2014 an organization that connects English-speaking students with same-aged Syrian refugees to tutor. I told my friend about it, and last year we implemented it at Lynbrook. Through tutoring, we've learned to become better communicators and realized that, despite our students' varied life experiences, we're still the same: teenagers with big dreams who just want to have fun.When I see a new club member begin tutoring, I'm filled with hope and excitement for them, eager to help them learn more about the world and make a new friend. This community shares a love for education, helping others, and immersing ourselves in world issues, trying to make a difference, instead of turning a blind eye to problems too difficult to solve.Everyone belongs to many different communities and\/or groups defined by (among other things) shared geography, religion, ethnicity, income, cuisine, interest, race, ideology, or intellectual heritage. Choose one of the communities to which you belong, and describe that community and your place within it.Computer science isn't just writing code to create a project; it's a way of assessing problems and devising solutions for them. This way of thinking \u2014 of breaking large problems into smaller, manageable pieces that can be solved by teams of people, of constantly coming up with ways to improve \u2014 can be applied to so many fields, from medicine to education to journalism.At the University of Michigan, I hope to double major in computer science and communications to create systems that allow the stories we share to have a wider impact. Last year, I created a website for our school newspaper because I wanted to tell more stories than could fit in a monthly 16-page paper. I realized that technology can bring a story to life in exciting ways. From multimedia projects to data analysis and visualization, technology allows stories to leave an even larger impact on audiences and can be used to create lasting change. It empowers people to share their voices. That's what technology should be about: empowering others. I want to be someone who can use her technical skills to empower other people to share their stories and show them that their voices matter.I'm ecstatic that the University of Michigan provides such a thorough curriculum to explore these ideas. Courses such as EECS 554, Introduction to Digital Communication and Coding, would help me build platforms that innovate the way people share stories: allow them to reach more people and expand the potential of multimedia. COMM 495, Future of Digital Media, would connect me with peers who also aspire to bring communities together with technology and stories, and together we could come up with new ways to do so.Moreover, I hope to be part of The Michigan Daily staff to incorporate my love for computer science and journalism to share the stories of the people around me, through gathering data for investigative projects and using web and multimedia tools to immerse an audience into a story.I want to study at the University of Michigan because of how much the school embraces the idea of 'interdisciplinary.' I want to attend a school that embraces such a philosophy because computer science and communications are inherently interdisciplinary; computer science is applicable to so many fields and stories can be told about any subject and any person. I hope to minor, if not take classes in, urban studies and crime & justice to help me better understand the communities I want to serve after graduating. Taking classes as part of Michigan's data science major will give me the skills needed to pursue data journalism, a way to tell powerful stories with both numbers and words that can contribute to even more impactful investigative reporting.As a student, I hope to learn more about my community by immersing myself in it and giving back through programs such as the Prison Creative Arts Project.University of Michigan's focus on 'it's not just a major' and community outreach excites me because I will get to learn about the world in an interdisciplinary way and see the issues I care about through multiple perspectives.Describe the unique qualities that attract you to the specific undergraduate College or School (including preferred admission and dual degree programs) to which you are applying at the University of Michigan. How would that curriculum support your interests?'I overdosed on purpose,' he said, 'When I woke up in the hospital, I saw my mom crying next to me. I finally realized life is worth living.'I sat next to him, listening intently. In that moment, there was no one more important. He told me about his struggles with depression, the loneliness he felt when others judged him. His words reminded me that every person is a world in itself, wrapped in stories, experiences, and emotions, that, when shared with another person, gives them a new perspective. His world affirmed the importance of empathy and compassion.My duty now was to do his story justice. I owed it to him, who wanted it told. If the story could help one person, it would have been worth it.After I published his story, a ripple effect started. A teacher said he was reminded of why he became a teacher. A parent translated the story into Chinese; online, it sparked a conversation about mental health among hundreds of parents who often shied away from the topic. He showed me the power one story has to spark a movement.I'll forever carry his story with me. I'll forever carry the stories of every person I've had the honor to listen to. I'll forever keep listening, seeking inspiration and stories worth remembering\u2014they are everywhere.People's stories are essential to me; they stop me in my tracks, compel me to step inside someone else's shoes and emerge more open-minded and compassionate.What is something about yourself that is essential to understanding you?Lack of understanding divides us, which leads to discrimination and judgement of others. Truth often has multiple facets, yet most see just their own. By treating others with respect and taking time to understand instead of attacking others' viewpoints, we can help each other grow.What is the most significant challenge that society faces today?Ed Daly is taking matters in his own hands, and I want to see it. The flight attendants and I carry 57 orphans onto this unsanctioned flight. When we arrive in California from Vietnam, President Ford announces he's going to do more. This act of passion catalyzes a movement\u2014Operation Babylift.What historical moment or event do you wish you could have witnessed?Compassionate, determined, optimistic, confident, appreciativeWhat five words best describe you?"}]}