{"schema":{"fields":[{"name":"index","type":"integer"},{"name":"personal_essay","type":"string"}],"primaryKey":["index"],"pandas_version":"0.20.0"},"data":[{"index":0,"personal_essay":"When I was young, I would spend hours with my pencils drawing detailed portraits of famous people like AbrahamLincoln and Alfred Hitchcock. Alone in my room, the peace that came with my silent drawing was an escape froma challenging home life.I was born to Polish immigrant parents. My father began drinking heavily when I was very young and by the age ofsix, my parents separated and my father fled the United States. Quiet activities like drawing or reading comprisedmuch of my home life due my mother's stress with coping with the devastation to our family. I was a compliant,well-mannered and very shy child. When I was eleven, a family friend suggested that I be provided positivementoring to help with my confidence and shyness. My mother found a local Boy Scout Troop and signed me up,neither of us knowing much about this American tradition.As trite as it sounds, Boy Scouts ended up having a profound impact on my sense of self and inner strength. It hasbeen a pivotal part of my life for the past seven years, guiding me through adolescence by providing direction andself-assurance. My troop quickly became my extended family. I was surrounded by supportive youth and adultmentors. I was constantly honing my leadership skills, receiving instruction and guidance and then teaching othersskills such as first-aid and shelter-building. I eventually headed my troop of 80 boys. As a result, I became moreand more confident in myself within a welcoming community.This sense of inner strength and community was the greatest on an eleven day backpacking trip to Philmont ScoutRanch in New Mexico. Our group was a brotherhood, linked in overcoming the struggles we faced. The trip wasnot easy. None of us could have done it alone - we had to work together. I believe this is a major part of growinginto adulthood, facing adversity and struggles with a positive and determined manner, but with help and mentoringalong the way. Today, we have been raised to be competitive and asking for help is largely taboo, seen as anadmittance to weakness. Backpacking through that historic land, with such camaraderie and fellowship, made merealize that needing help does not connote weakness, and is actually what brings us together.Those years in Boy Scouts resulted in my earning of the Eagle rank. The night I received the badge, I could nothelp but think what it represented. While it was surely a recognition of years of hard work, it was more of areminder that I had not been alone in the earning it. My Eagle ceremony represented my metamorphosis from aboy to young adult supported by my troop and leaders.For much of my teenage life, I can attribute my success and passion for what I do in school and out of school tothe mentoring and strength I received from Scouting. Some make fun of boy scouting as something archaic or toomale oriented, but I know that this organization was instrumental in my development.Even though I have had to deal with the absence of my father and the impact it has had on my life, myinvolvement in Boy Scouts showed me that there are always ways that I could cope with hardships andchallenges. On a larger level, my involvement in Boy Scouts and personal history, has impressed on me theprofound importance of having mentors, trusting adults, and finding inner strength. For all of us, finding outlets thatgive us self-empowerment is vital to internal growth and success in life. Scouting allowed me to transform from ashy little boy drawing alone in his room to a self-assured young adult who mentors other youth, performs in front ofcrowds, celebrates learning, and shares his artistic flair and intellect with the world."},{"index":1,"personal_essay":"I am standing on the top of the bleachers. The other dancers are on the gym's floor, waiting for the music to start. The audience is screaming with anticipation. After months of preparation, I am about to perform the dance routine that I had choreographed in front of my entire school. All I can feel is nervous energy. The audio track starts, the dancers move, and finally I am dancing, free and uninhibited, barely hearing the music over the positive reactions from the crowd.As a child I was quiet and self-contained. My favorite things were reading, drawing, and creating designs with Lego pieces. It was not until I started Hip Hop dancing that I gained the courage to enlarge my activities in public. This interest developed while in middle school when a friend introduced me to the local dance studio. I was seduced; Hip Hop with its combination of artistic expression, rhythm, and sense of order quite captivated me. While still a freshman I was invited by a sophomore friend to join the dance team, but I would have been the only boy and was at that moment too shy and afraid of being ridiculed.However, ever since, I was motivated and encouraged to show my passion for dance to my school and in my Junior year I founded a Hip Hop club: I gathered a group of dancers, selected a song, and choreographed the entirety of our first performance for the spring 'Turnabout Rally'. Our performance before a crowd of 750 students was a success for our club, but more so a personal achievement of mine that gave me lasting confidence to express my newly discovered extrovert side, which I hope will be a catalyst for further exploration of creative expression.This experience defines a personal tendency that I try to cultivate: going out of my comfort zone, often against the mainstream, which I believe it is necessary to getting the most out of my creativity.In my early childhood, traditional books line the apartment walls and classical music plays in the background. My father entertains me with his small little drawings. We sit on the floor, as my mother sets out podwieczorek ('afternoon tea'), delicately laying out the china on the table, serving herbatka ('tea') and cake. So was my early happy, vibrant and cultural upbringing.This quaint early memory is in contrast to a few years' later when things fell apart. My parents were Polish immigrants to the United States, both speaking English and highly educated. But where my mother worked to assimilate, my father retreated to drink and by the time I was ten, my father had abandoned us and fled back to Poland.However, despite my father leaving and our resulting poverty, my mother made sure my childhood remained culturally enriched. Our small apartment was filled with books and she always made sure that I had a steady supply of drawing supplies and classical music playing in the background. When she could, she would get discount or free tickets to a play or concert and I would happily go along. We would go to museums and spend hours strolling through the galleries chattering about the artists and works. When she saved enough money, we would travel to Poland and visit family and continuing our explorations of museums and art in Warsaw. I had books to escape into, worlds to draw, and an exposure to a steady stream of cultural images and sounds. From this cultural richness, I was able to cope with the challenges in my daily life and see beauty and hope all around me.It is this continuity of culture - of music, art and ideas - that has provided solidity to my growing up. I do miss the idea of having a father and it has been difficult growing up with few material gains, yet from both my parents when I was very young, and later by my mother, I was given the gift of celebrating the culture they so much valued.My memory of podwieczorek represents my acquired appreciation for culture that my parents instilled in me. I know that valuing culture and the arts is one of the most important things we can do as humans. This appreciation of culture also affects my relationship with my heritage. While my mother could have conformed to her new American world, she recognized the importance of having pride in cultural roots. My childhood was always filled with influences of my Polish heritage.Culture has been a common thread throughout my life. Although it was always present in the environment I grew up in, I know that this was a privilege and a gift. Its significance will continue to be important as a source of joy and pleasure as I go forward."}]}