{"schema":{"fields":[{"name":"index","type":"integer"},{"name":"personal_essay","type":"string"}],"primaryKey":["index"],"pandas_version":"0.20.0"},"data":[{"index":0,"personal_essay":"With the recent presidential impeachment and the aggravating tension with North Korea, I am a bystander to a turbulent time in modern Korean political history, watching my country walk down a misty road that leads to unknown ends. As a Korean student, my desire to study History, Politics, and International Relations, represents my passion to understand what shaped my country throughout continued internal and external peril.Based on my interest in modern history and politics, I was particularly attracted to the study of imperialism in AP World History. Specifically, by comparing the development of Japan, China, and the Ottoman Empire during the mid-1800s, I was able to understand how western influences changed the regional power dynamics of Asia; how modernization of government institutions, along with advancements in military structure, transportation, and communication, allowed Meiji Japan to grow as an imperial power while other industrialized nations colonized the former great powers of China and the Ottoman Empire. Compared to the way my previous history classes were colored with nationalistic bias - emphasizing the struggles of the colonized states, especially Korea - my AP class allowed me to view the history of East Asia with a broader perspective, helping me understand the specific ways how modernization shaped the colonial and postcolonial world order. As an extension of my interest in historical and political development, I began subscribing to foreign policy journals such as \\\u2018The Diplomat' and \\\u2018Foreign Policy.' A set of articles focusing on the Middle East intrigued me, about how the Obama administration - wishing for a secular, pro-western Syria whilst disregarding the intense religio-political competition between rebel groups - failed to understand the dynamics of Syria and delivered arms to any militants who the US deemed \\\u2018moderate.' Viewing the crisis being mishandled by the 'passivity and abandonment' of the western states, I realized the importance of a multidimensional approach to politics: that a political decision should not be determined only within the realms of government, but should also consider the cultural, religious and historical aspects of the region.These perspectives that I acquired in an academic context were bolstered through a wide range of extracurricular activities. For example, by being selected as a full-scholarship national representative at the Global Classrooms International Model UN in New York, I was able to learn the importance of conventional country-to-country interactions, specifically by successfully mediating different stakeholders at the Security Council and establishing a nonproliferation initiative in North Korea modeled after the Iranian JCPOA. Furthermore, by serving as a full-time intern at Better World, an NGO focusing on international development, I was able to experience the \\\u2018micro' side of international relations. By supporting Samsung's Corporate Social Responsibility projects, I was not only able to make IT education for underprivileged kids in Vietnam and Peru come true, but I also realized the necessity of the non-government sector in attaining international development agendas. Being able to develop a solution for these international issues fascinated me and is the driving force of my eagerness to study international relations, to advance my knowledge from those of a high school student to an advanced level.I wish to study in the UK to better understand how Britain and Europe developed in the midst of foreign and internal crises, just like the struggles East Asia and the world is dealing with at this moment. I am confident that studying in the UK - the birthplace of the industrial revolution and a diverse country consisting of people from around the world - will not only provide me fresh insights about global politics and history, but will also help me in drawing a \\\u2018bigger picture,' for finding the solutions to the problems our world has to solve."},{"index":1,"personal_essay":"I always consider myself a living example of the American global order. Born in a country that was ravaged by the torments of war, it was the binding security alliance between the Republic of Korea and the United States of America what allows me to live, breathe, and apply to Georgetown without the fear of war. Thus, to me, the most prominent global issue that is threatening our world is not typical news headliners such as extremist terrorism, or the constant threat of our northern neighbors. This issue, a byproduct of globalization and modern technology, terrorizes social cyberspace, and affects mutual alliances around the world politically, economically, and socially at a push of a button. This global issue is @realDonaldTrump. Donald J. Trump, the 45th president of the United States of America. People who held his positions before were called the \\\u2018leader of the free world' or \\\u2018the most powerful man on earth.' This also applies to President Trump, as he is the commander-in-chief of the single largest military in the world, and works alongside international entities and sovereign states to address the problems the world faces. Today, we can add another title to his position: \\\u2018the most powerful man on Twitter.' From Day 1 of Trump's candidacy, we have seen someone who is very active on social media. Averaging 5.4 tweets per day, Donald Trump is setting up the record as the most internet-active president. For sure, being an active tweeter is not a problem. Social Media public relations is the new political norm, where elected officials around the world use Facebook or Twitter to reach out to their voters and spread their agenda. However, unlike any other political figures, Trump's tweets are indiscriminate and unfiltered. Characterized by aggressive rhetorics and frequent use of exclamation marks, the tweets address sensitive diplomatic issues with no hesitation. The tweets pose an apparent problem: it severely undermines his leadership, and affects critical allies around the world. For example, tweets criticizing the Iranian Joint Comprehensive Plan of Action not only lead to a hostile response from Iran, but also a worrisome reaction by leaders of France, Germany, and the United Kingdom, who were anxious by the potential abrupt end of a successful diplomatic negotiation. When Trump lambasted his secretary of state, Rex Tillerson, that he is 'wasting his time' trying to negotiate with North Korea, people were awed by both the disunity amongst his cabinet members and the fear of another armed conflict in the Korean peninsula. These tweets sparks questions about the United States' position on world issues and generate mistrust about Donald Trump's leadership. Currently, there are 28 NATO allies, 17 Major Non-NATO allies, and 20 Mutual Free Trade Agreement that depends on the United States' economic and security commitments. Just think about the global repercussions every tweet have towards these countries and their surrounding neighbors. While he might use his aggressive rhetorics to appeal to his political base, each tweet that pleases his domestic supporters signifies a crack in the diplomatic and military alliance between the United States and its key allies. But there is a rather simple solution to this problem. Believe it or not, I strongly and genuinely propose the creation of the White House Social Media Advisor. Like any other advisors or presidential speechwriters, the \\\u2018twitter advisor' will reside in the White House, and advise the president on his social media activities. In the modern digital era we live in, Twitter is an exemplary tool that can instantly approach the masses worldwide, more powerful than any televised speeches or press releases. As Twitter was created in the first place for a more effective communication between public figures and their followers, a Twitter post that is properly tailored and edited by the exclusive Social Media Advisor will reassure America's global leadership, and give a sigh of relief to world citizens who rely on the United States for their security and prosperity. Although open expression is tabooed in traditional Korean society, I could not resist the urge to talk about what I firmly believe in with my family, my peers, or with the public. However, attending a school in Jeju island marked a temporary end to my joys. In the newly created \\\u2018Global Education City,' a very rigorous environment isolated from the conveniences of urban life, I began to forget what made me happy. I lost my old self, who initiated discussion and shared opinions.That was when I impulsively signed up for a Model UN conference while browsing the posters set up on the school board. My main reason? Getting a chance to travel to the mainland. I'll be honest, when I realized that I was the only one who passed through the pre-conference selection process among my friends, I panicked. \\\u2018What is an unmoderated caucus?' \\\u2018How do I raise a motion?' With no answers and no time to think, days flew by and my first conference day arrived. I still cannot remember how or what I spoke about on the podium that day, and only vaguely recall the before and afters of it. Every second that went by waiting for my turn to speak, I was sweating. The last thing I remember was promising myself not to fall on my way up to the podium. However, as I reached for my opening speech paper with shaky hands, a voice inside me shouted.\\\u2018Dennis, what have you become? You never trembled on the podium after elementary school! Just be yourself!' Being \\\u2018myself.' The word struck me like lightning. I was a person who always wanted to show myself to the world. Then, why am I trying to hide myself? Walking down the stage and heading back to my seat, my initial worries about ruining the speech or messing up immediately vanished. Rather, it felt like I uncovered something suppressed deep inside. I became myself again. Today, after attending 39 conferences worldwide and serving as the Secretary-General of GECMUN, the sole international MUN conference in Jeju, MUN definitely is a huge part of my life. Not only did it grant me the opportunity to meet the most amazing people, but it also allowed me to take the initiative and influence others in my community to express themselves. Some of my peers still wonder why I dedicate myself so much to MUN, enduring countless plane rides to different cities to participate in what others dismiss as a \\\u2018nerd party.' However, MUN is not a simple extra-curricular activity for me. It is my passage to expression, a way to convey the message of my personal beliefs. In MUN, I found myself once again.With the recent presidential impeachment and the aggravating tension with North Korea, I am a bystander to a turbulent time in modern Korean political history, watching my country walk down a misty road that leads to unknown ends. Thus, the study of International Relations, represents my passion to understand what shaped my country throughout continued internal and external peril. As a dedicated young scholar who wishes to understand this world with a broader view, University of Pennsylvania, and its strong core program in International Relations, provides an unparalleled education that can satiate my thirst for knowledge and understanding. Out of all the pressing global issues that have stricken news headlines, the one I found the most problematic was our world's inability to save innocent lives in conflict zones. From Syria to South Sudan, the international community has failed to protect civilians at stake, prioritizing national interest ahead of cooperation and humanitarian diplomacy. I was able to clearly realize this problem while writing a research paper about the \\\u2018Responsibility to Protect' and its subsequent efforts to intervene in humanitarian conflicts. Learning how international agencies such as the United Nations, equipped with mechanisms to intervene in humanitarian crises to save innocent lives, fail to activate those mechanisms in desperate times of needs, I was determined to study into the matter with higher education. Maybe it was my academic background that naturally attracted me to UPenn's International Relations program. In our ever-pressing world where international cooperation is dwindling, and nations are divided, there is a need for nations to cooperate and achieve a common goal on global agendas. That is why International Relations, which not only focuses on contemporary international security agendas but also how nations can solve this issue through cooperation and diplomacy, is a perfect fit for augmenting my perspective of international conflicts. The University's full support for the International Relations program is additionally luring, such as the strong interdisciplinary approach towards International Relations, and the various study abroad\/internship opportunities the school provides to its students. As someone who believes the biggest contemporary problem in global politics is the approach of \\\u2018solving politics politically', I was especially attracted with Penn's emphasis not only on the basics of international politics, but also the studies of history, geography, culture, and religion to aid my perspectives on worldly matters.  Furthermore, as global dynamics are rapidly shifting from a predominant first-world led international order to diverse relationships between varying nations, studying abroad will be a perfect opportunity for me to witness firsthand how international politics function in geographical locations outside of North America. As international studies is a topic that is closely related to the works of numerous non-governmental and international organizations, gaining invaluable insight through internships will be a crucial opportunity for me to understand how different organizations cooperate or supplement each other when dealing with international problems. Especially for me, as a person who wishes to uncover the dynamics of international conflicts and witness them first-hand, a field experience at the conflict zone will be a learning opportunity for me to understand the bureaucratic failures of international organizations in delivering necessary aids, and how myself, as both a scholar and a contributor, can be a necessary help to those who are caught in between the complicated toils of international politics. As a person who thrived on the experience of working as an intern for an NGO, I am more than thrilled about the extended similar experiences that University of Pennsylvania can provide both within and beyond its campus."}]}