{"schema":{"fields":[{"name":"index","type":"integer"},{"name":"personal_essay","type":"string"}],"primaryKey":["index"],"pandas_version":"0.20.0"},"data":[{"index":0,"personal_essay":"Everything was a countdown for me. I was constantly tapping my feet to the rhythm of ticking clocks. One would think that there were an army after me, but no - I was simply addicted to time. My addiction started as something sincere. But when I started timing my conversations with my friends, and wearing two watches on my hand because I had to make sure I always had the correct time, it became an innocent habit gone amiss.I was on a downward spiral, refusing to see my addiction as wrong. But my friend knew it was wrong, and he thought he could help. He said he knew the root of my obsession. I couldn't look away from the clock, because I didn't want to lose a second of time. And I didn't want to lose a second of time because I was afraid that losing time could negatively affect my future. 'You know, it's hard to focus on the present if you're always worrying about the future,' he told me.He called himself a sun chaser. I had never understood his desire to chase the sun. I had never understood why anyone would desire to see every sunset, to see something so fleeting. But he wanted me to come with him, to pretend time didn't exist. Just this once. At the time, we were at a hotel in Chicago that was adjoined to a tall parking garage, so our mission became reaching the top of the garage before the sun vanished. He forced me to leave my watches behind us for the short trip, and then we took off. We bolted out of the hotel lobby and onto the floor that connected the hotel building to the garage. We ran across the concrete parking lots, and had to ride up a few elevators before getting to the top. I distinctly remember him screaming as we ran. 'Carpe diem, my friend!', he yelled. 'Seize the day!' When we got to the top of the garage, I was caught by the view before me, and I stopped in my tracks. The sun had just hit the horizon, and had begun its spectacular goodnight show. I was overwhelmed by the hues the sun's rays gave off, and I was welcomed by the way the sun seemed to hug the Chicago skyline. And all I could think was how funny it is that a person could see the same thing everyday and never notice its extravagance. I realized that I was missing out on half of my life, simply because I never felt that I had the time to focus on what was happening in the present. He had taught me to appreciate the now, and to worry less about the time and the future. He had taught me to simply live.Snapping out of my reverie, I found him staring at me, and I watched a smile spread across his face. 'Was this worth your time?' he asked."},{"index":1,"personal_essay":"Harvard Writing Supplement:It had been two years since I had seen my father. I was young, innocent, and immature. I did not understand why he had just left us, but I continued to live my daily life with my brother and my mother.I woke up, I went to school, I went home, I practiced piano. Next day, repeat. My life was smooth, casual, and pleasantly systematic. But one day, coming home from the family pharmacy, my mother said to my brother and me, 'Children, we will be going through a lot of changes in the next few months. We are going to America. We are going to see daddy again.'The few months after my mother's announcement were hectic. We could not pack everything, so only the most important items went along - birth certificates, pictures, and our favorite toys. But it was hard for my na\u00efve self to understand why our house was not important enough to take on the plane with us.May 8, 2002, we left Ikeja, Nigeria, waving goodbye to all our family before stepping onto our plane. My mom was a mess, she must have cried the entire eleven hours it took for us to get from Ikeja to the New York airport, and on the way there, she was already imagining her first visit back to Nigeria. I on the other hand, remained indifferent. I did not yet understand the immense changes that came with such a drastic move.When we arrived in the United States, and after stepping off the plane, and into the airport, the first thing I noticed was the small group of Nigerians staring directly at us. My mom rushed to them, greeted them, and then hugged the man I supposed was my dad. I expected her to cry, but she was only beaming. She then stepped back and waited for my brother and me to go and hug our father, but we hesitated. We stood there for a while, exchanging worried glances between ourselves, until my brother took the first step and embraced my dad, concluding that the unfamiliar man could be no one else.I still hesitated. That man had a lot of explaining to do.* * * * * * * *After being in America for a little over thirteen years, I learned that my parents brought us to America so they could create a better life for my brother and me (and for my other brother and my sister, who came later), and every day, I strive not to take for granted the opportunity that my parents blessed me with.I have not been back to Nigeria since then, but maybe one day, I will be able to go back home, to where I was born, and share my experiences and my knowledge from the States with the family I left behind.Africa made me, but America raised me.\u200bThey say find what you love, and let it kill you. Life science may not have killed me, but it definitely has consumed my life. I first truly fell in love with everything life science related in middle school, but high school sealed the deal. I filled my schedule with all the science courses I could take, but that was never enough, so I found more outlets for my interest. I joined my school's Science Olympiad team, and competed in events such as Chemistry Lab, Cell Biology Lab, and Protein Modeling. Through my experience with Science Olympiad, I discovered that although all life science was amazing, I had a true passion for one aspect of it: molecular biology. At Johns Hopkins, I hope to nurture this passion even more, by pursuing a degree in Molecular and Cellular Biology, as I look forward to dedicating my academic life to investigating biological processes at the molecular level.My interest in life science did not fade along with the end of the school year. I spent my summers working as a counselor for the Museum of Science and Industry's Science Summer Camp (MOSI SSC). MOSI SSC was amazing for me because it gave me the opportunity to combine my love for working with children, with my love for science! I was able to share my excitement over, and my knowledge of, science, with children who were eager to learn more about our world! And I know that through Johns Hopkins organizations like the Aspiring Scientists, Engineers, and Physicians Partnership, and JHU Splash, I will be able to continue to share the wonders of science with younger students.Johns Hopkins also has a focus on undergraduate research, which I admire, as I hope to be involved in a research project connected to my Molecular and Cellular Biology major during my undergraduate years. This way, I will be able to better understand the practical application of my studies, and gain preparation for my future. Additionally, from my past experiences, research projects tend to lead to even greater things. During the second semester of my junior year of high school, I was granted the opportunity to perform a research project in which I investigated the relationship between the levels of dissolved oxygen in the lakes and ponds of Florida's Fred Howard Park, and the biodiversity in the water sources. This project opened my eyes to the world of environmental science, and my findings led me to discover eutrophication, and other dangers brought upon the environment by human actions. I then took note of my school's lack of an environmental club, and began an environmental awareness campaign in my school to promote conservation in my school and community. I hope to continue to advocate environmental protection as part of Hopkins' Students for Environmental Action, and to continue to make a difference in the world as part of the Johns Hopkins community.Question: Johns Hopkins University was founded in 1876 on a spirit of exploration and discovery. As a result, students can pursue a multi-dimensional undergraduate experience both in and outside of the classroom. Given the opportunities at Hopkins, please discuss your current interests (academic, extracurricular, personal passions, summer experiences, etc.) and how you will build upon them here. (300-500 Word limit)During the second semester of my junior year of high school, I was granted the opportunity to perform a research project in which I investigated the relationship between the levels of dissolved oxygen in the lakes and ponds of Florida's Fred Howard Park, and the biodiversity in the water sources. This project opened my eyes to the world of environmental science, and my findings led me to discover eutrophication, and other dangers brought upon the environment by human actions. I realized how important it should be to us to protect our environment, since it is the source from which we derive most of life's necessities. I then took note of the lack of action being taken at my high school towards sustainability, and so I began an environment awareness campaign in my school, to promote conservation.With this past experience, I hope to add to the Gator Good by tackling the challenge of Environment and Sustainability. I believe that it is imperative that we turn more attention to the environmental issues that are threatening our world, and especially to the issues that our own human actions are causing. And I believe that the best way to tackle this issue is to first make people aware that it truly is an issue. Before my work in Fred Howard Park, I too was unaware about much of the harm brought on to our environment. If we can enlighten more people about the problem, then we will be able to get more people who are inspired to help us combat it. Also, by increasing awareness about environmental issues, we will be taking the problem down at its source. And increasing awareness about the issue can be as simple as handing out free eco-friendly t-shirts or water bottles with short messages, to remind students to remember the environment, and to consider their impact. This problem can also be tackled by letting students know how easy it can be for them to help, such as by sending out texts to remind them to turn off the lights, and any taps, before leaving a room. Or by encouraging more students to ride bikes instead of driving, to decrease toxic emissions in the air. And all of these proposals could be started with the help of organizations at UF such as Catalysts for Change, and Gators Parks and Rec. Together, we could be the difference.Question: The 'Gator Good' is a celebration of the ways in which the Gator Nation can use its tremendous resources and spirit of collaboration to tackle the challenges facing us all. Explore the Gator Good challenges here: http:\/\/gatorgood.ufl.edu\/mission\/ . Select one challenge topic that speaks to you. How would you propose to dive into this challenge in a real, tangible way while an undergraduate student at the University of Florida?Yale is committed to fostering diversity on its campus, which I admire, as I need a school that will be entirely welcoming of me.Yale also gives its students room to explore in their undergraduate years and allows for curiosity. This makes Yale the perfect environment for personal growth and thus, the perfect place for me.Yale also appeals to me because of the immense support it shows for its students, and its readiness to aid and support them in all their academic endeavors - which explains its strong alumni network and the dedication of Yale students to the school. Question: Why does Yale appeal to you? (100 words or less)Remember that admissions officers read thousands of essays every year. You DO NOT want to make your essays blend in with the rest, you want to write about something that makes YOU remarkable, something that makes YOU different from the rest. Have a powerful introduction and a memorable ending, but do not let the middle portions of your essay bore the reader. Have a teacher proofread your essays and ask your friends to read them to ensure they are not monotonous. "}]}