{"schema":{"fields":[{"name":"index","type":"integer"},{"name":"personal_essay","type":"string"}],"primaryKey":["index"],"pandas_version":"0.20.0"},"data":[{"index":0,"personal_essay":""},{"index":1,"personal_essay":"Stanford students possess an intellectual vitality. Reflect on an idea or experience that has been important to your intellectual development. My sister, Kelly, is fourteen years younger than me, and I imagined her growth to be a replay of mine, so naturally, I paid close attention. I observed as she learned to track things with her eyes, as she took her first steps, as she began to understand language \u2013 which, to a foreign language enthusiast such as myself, was particularly interesting.My household experiments began when I reached the language acquisition section of my psychology textbook: I started to speak to Kelly in English, Chinese, and Japanese to see whether she could actually pronounce any phoneme. I wasn't disappointed. Her English pronunciation was as spot-on as a two-year-old's could be, even my parents were proud of her Chinese, and she picked up Japanese sounds with considerable ease.From there, my questions and search for answers only grew. What would happen if nobody spoke to her? I scoured library shelves and discovered that she'd become a feral child, completely unable to learn language or integrate into society. What if I spoke to her completely with adult language? I surveyed local families and performed a study on the effects of different levels of childhood conversation, and concluded that she'd develop an extraordinary vocabulary. What if she were exposed to many languages during her language acquisition period? After asking my Japanese teacher (who had raised three children), he assured me that she would likely master each language.With that information, there's only one logical conclusion: Kelly is going to be a polyglot. Virtually all of Stanford's undergraduates live on campus. Write a note to your future roommate that reveals something about you or that will help your roommate\u2014and us\u2014know you better.Hello, future roommate! I'll begin telling you about myself by answering the easiest question: my favorite color's blue \u2013 royal blue, to be exact \u2013 and you won't forget it. My backpack is blue, my wallet is blue, my room is blue, and more than two thirds of my clothing are blue. I would paint my car blue, but that's not completely legal, so I'll have to hold off on that.But despite any connotations associated with my hue of choice, I'm about the least figuratively blue person you will ever meet. Skipping is my preferred method of travel and you'll hear my hiccup-y laugh so often that it'll become a household \u2013 or room-hold \u2013 regular. You'll find yourself saying 'oh, my God, grow up, Jenny!' more than you'd like to.But embracing my youthful energy is not mutually exclusive with getting things done; if anything, it just makes drudgeries more enjoyable. If we're struggling in class, we'll still sit down together \u2013 with a family-size bag of chips, of course \u2013 and work our way through homework. If you're running into problems, I'll still offer serious advice, along with some consolatory peanut M&M's from my stash of sweet treats. If you just landed an amazing internship, I'll still properly congratulate you like a mature person, before suggesting we go fountain hopping to celebrate.Well, that's me. Now, future roommate, tell me about yourself. Let's start with the easiest question: what's your favorite color?What matters to you, and why? 'Excuse me, have you ever heard of Falun Gong?'I've asked this question thousands of times, standing at a busy street corner, or behind a booth at a local fair, or inside a park with hundreds of Falun Gong practitioners meditating nearby. The answer is often 'no, I haven't,' and this is my cue to start the explanation I know so well.'Well, Falun Gong is a spiritual practice that originated in China, but the Chinese government has been persecuting its practitioners since 1999 \u2013 since before I was born.'More often than not, people listen and sympathize, which never fails to reassure me. A few people learning about the plight of Falun Gong may not seem like a big difference, but it matters in the effort to end the unjust persecution. It matters to me, a Falun Gong practitioner.Because through Falun Gong, I've learned to be truthful, compassionate, and forbearing, and I've developed a healthy mind and body. But at the same time, I've seen practitioners with unhealable scars after escaping from jails and labor camps; I've seen my dad unable to return home to China since he left two decades ago for fear of arrest; I've seen friends orphaned because the persecution took their parents.I'm lucky to be a Falun Gong practitioner born in America, a country that protects my rights to speak and to believe. I'm sheltered, and that gives me all the more reason to speak up for those who have lost and suffered."}]}