{"schema":{"fields":[{"name":"index","type":"integer"},{"name":"personal_essay","type":"string"}],"primaryKey":["index"],"pandas_version":"0.20.0"},"data":[{"index":0,"personal_essay":"On Witherspoon, wedged between a pub and a bank is the typical humdrum bakery-cafe. Brick walls against black canopy. Aged window panes. Passerbys nearly running into the chalkboard signs that cheesily read 'Come in: we like you a latte :) .' Yet for me, it's a portal into another universe.The dry, crisp rain immediately evaporates into aromas of broccoli cheddar and fresh baguettes swirling to embrace me. Rich waves hi from the counter, and I wave back as I slide into my regular seat by the window. My finger instantly goes to the crook on the underside of the table\u2014a tiny constant that's oddly comforting. The faint whirring of the cappuccino machine underlays the delicate clinks of plates in the sink, the murmurs of coffeehouse chatter, enveloping everything in a rhythmic lull.An old lady wrapped in a poncho glances up from her soup as a couple passes by, tripping over their Spanish syllables. The clean-cut man in a business suit taps his foot in line despite it being Sunday afternoon. At the table across, a toddler the color of cookies and cream jumps up and down, begging his preoccupied mother to try a sip of coffee. When she shushes him, saying it doesn't even taste good, he retorts by asking why she drinks it everyday. My lips tug slightly upwards.A space-dyed sweater fills my field of vision, and I refocus to my friend as she pulls out the chair across from me. 'Hey, sorry for being late...' I wave it off, telling her not to worry, and instantly feel the dimple forming, that 'small pocket' in my left cheek that she teases me so often about. Shaking off her layers, a reserved grin suggesting the same anticipation for one of our sessions appears. 'Guess what happened to my hair. Oh! Wait, wait how did the presentation go?'Suddenly, we're talking about my embarrassing mispronouncing of Socrates as So-crates (blame Bill & Ted), and concocting a plan (only half-jokingly) to break the world record for largest pom-pom. We're talking about her hair turning orange as Garfield a few hours after the salon, and how funny it would've been if her mom hadn't gotten upset. We're talking about everything from middle school art projects, to Whole Earth aisles working better than her mom's therapy, and the way light showers a certain corner of our school if it snows just right.There's the breathless staccatos of laughter, the hushed, introspective exchanges, interwoven with the whole- noted pauses that only radiate warmth. And slowly, in between the sips of hot cider and headlights traversing across glass, the space transforms.As I look around and listen to the stories that permeate the cafe, my perspective shifts. The layers and dimensions that make up the weary voice calling customer names, the strands still tinted orange under dim lights start to become apparent, and beautiful...A sense of awe for the vastness captured in this tiny microcosm settles over me. Yet there's a fragility shaped by the same seen and unseen forces simultaneously interconnecting us all. Here is where I regain my humanity, acquire empathy for people I don't even know\u2014where I'm alive and appreciative, and infinitesimally small.Outside, the world hustles and bustles ceaselessly with the next exam, the next alert, the next big block perpetually standing in front of us. But here, in this little hidden corner\u2014it all stills.When we hesitantly push open the doors a few hours later, we step back across the threshold to starlight, and my lenses focus, once again clear. Stumbling through the street trying to politely contain our laughter, we nearly run into that cheesy sign with that chalk-drawn smiley by the door. I almost tilt my head to briefly smile back. The restaurant lights splaying onto the sidewalks, the cool breeze grazing against my cheeks, these\u2014are the infinite, intangible moments I carry with me wherever I go."},{"index":1,"personal_essay":"Freshman year\u2014I left the robotics room holding back tears. The condescending comments of 'she needs help again?' and 'maybe this isn't for you' would endlessly echo for months, despite thriving in Java at school. Then I found the National Center for Women in Technology Facebook group, where impostor syndrome draws hundreds of comments overflowing with empowerment. Girls from across the world regularly fuse together to create apps against gender discrimination. Eventually, I too find the tenacity to advocate for glass ceiling conversations and start coding initiatives for girls who mirror my freshman self. The endless uplifting that is my NCWIT family is how I envision Computer Science at Barnard\u2014a tight-knit home-base where I defy gender norms alongside other proud, purposeful women, inspiring me to better humanity one line of code at a time. Technology is the tool for impact, but it's incomplete without the liberal arts giving vitality, creativity, and awareness to our lives. A minor in English\/Creative Writing merges seamlessly with Computer Science, with classes like Minority Women Writers serving as the vehicle of empathy necessary to create socially conscious products. Through Barnard's multifaceted Foundations, I hope to further synergize connections between broad disciplines. While Barnard's equally diverse student body backdropped by NYC will enable my perspectives to be turned upside-down, expanded, and refined. As a Barnard woman, there are no limits to what intellectual interests I can integrate, what I can experience at both the MOMA and Altschul Hall, and what aspirations I can thereby achieve.A. What factors influenced your decision to apply to Barnard College and why do you think the College<br \/>would be a good match for you? (100-250 words)At 36, Reshma Saujani founded Girls Who Code, a nonprofit that's provided free computer science education to 90,000 girls nationwide. But before that, she lost two campaigns and was a three-time law school reject. I heavily identify with Saujani not only through her dedication to public service, but even more so her advocacy for women to break out of toxic perfection. Like many other middle school girls, I was afraid of failure, scared of trying computer science for possibly being bad at it. But I've learned\u2014this mindset society raise girls in is incredibly trapping. It silences their voices, discourages them from taking risks, consequently holding them back from reaching for their dreams and finding true purpose and joy. As Saujani says, this 'bravery deficit' is the reason women are underrepresented across technology, politics, and many other fields. Her Instagram puts into words that underlying restrictive mentality I felt for so long, and I deeply admire her work to change this culture through cultivating resilience and boldness on top of coding skills in her programs. Given the privilege to speak with her, I'd love to know how studying policy has given her insight into creating tangible legal solutions. As the founder of an app camp targeting girls, I'd ask for advice on scaling a nonprofit, asking corporations for donations, and fostering bravery within my own sisterhoods. Overall, I'd want to better understand the chasms we are still facing in this battle, and what I can contribute to help close them.B. Pick one woman in history or fiction to converse with for an hour and explain your choice. What<br \/>would you talk about? (100-250 words)Before computer science, I loved mathematics. There's something elegant and therapeutic in the process of hacking away at a problem till the puzzle of theorems and lemmas slowly click together. But competition math wasn't satiating enough, with that process ending at fill-in-the-blanks. Then six weeks at __summer math program__ transported me into the parallel world of computer science. Amidst the Math-CS problem sets and research . presentations, I realized that computer science was the embodiment of abstract mathematical problem-solving in tangible, technological solutions and unlike competition math, those solutions enabled opportunities for continuous improvement and innovation.The following summer at governor's school, I was fortunate enough to contribute to that effort myself. My researchproject on __some engineering topic, removed for privacy__ was grounded in theory, but we optimized the system for reliability, accuracy, and efficiency using MATLAB. Our days consisted of meticulous trial and error, extensive analysis of trade-offs, and many late nights wrestling code to design the most advantageous communication schemes for each type of environment. Yet the work was extremely rewarding, as we were chipping away at the expanse of knowledge to advance something that has real world applications in marine research and pollution monitoring. The experience was also invaluable in its collaborative nature\u2014our work wouldn't have been selected as the _identifying award_ out of hundreds at an undergraduate conference without our distinct skills and perspectives enhancing one another.But although my passion for computing instated from theory, I'm drawn to the practical side as well. An iOS developer in pastime, I find gratification implementing algorithms behind the scenes and connecting them to UI designs on the front-end. After developing a video game timeline of my life, I was invited to the international Apple conference. In San Jose, APIs like ARKit and Machine Learning were exhilarating to experiment with. But being surrounded by projects like safety apps for LGBTQ youth inspired me to want to leverage my own projects to be more than just creative outlets by also tangibly helping others.Lastly, computing appeals to me through is its ability to seamlessly merge with other fields\u2014creative writing being another hobby that humanizes me as an engineer. In my Math-CS independent study, I stumbled upon natural language processing research, which aims to construct algorithmic systems that understand and respond to human language. A fusion of theoretical knowledge from mathematics, artificial intelligence from computation, and the subtleties of writing, it's fascinating how code maps to characters and generates quantitative insight into the incredibly nuanced ways we as humans communicate. After reading papers, articles, and code, I was particularly interested in NLP's applications that benefit the blind, including image caption generation and speech recognition assistants like Alexa.As a theoretical, practical, and interdisciplinary engineer, Cornell is the perfect environment for me to synthesize all these interests into impact. The engineering school's encompassing curriculum, which balances plethoras of theory classes and practicums, will give me the most comprehensive toolkit\u2014propelling me to not only create products like iOS apps, but also advance the underlying theory behind them. Cornell's commitment to undergraduate interdisciplinary research will help me reach my aspirations of bridging the gaps in communication between humans and machines. After taking Computational Linguistics and pursuing the Human-Language Technologies vector, it'd be a privilege to work under natural language Professor Lillian Lee. Her research in how phrasing affects memorability is especially interesting, where code is used to measure characteristics like lexical distinctiveness in words. Outside of the classroom, I'll indulge in Cornell's unique project team culture by joining the Design & Tech Initiative and the Autonomous Underwater Vehicle team\u2014communities I'll be eager to contribute to and constantly learn from.But no matter whether it's conducting natural language research that dictates surroundings to the blind or collaborating on apps that improve campus life\u2014at Cornell, there are no limits to what I can achieve for humanity.Cornell Engineering celebrates innovative problem-solving that helps people, communities\u2026<br \/>the world. Consider your ideas and aspirations and describe how a Cornell Engineering education would allow you to<br \/>leverage technological problem-solving to improve the world we live in.As a poet and a programmer, I'm a lover of the multidisciplinary\u2014making Duke's balanced, open environment the perfect place to synergize my diverse interests in Computer Science and English\/Creative Writing. After taking Machine Learning and Law and Literature, it'd be a privilege to apply the knowledge I've gained to Professor Conitzer's research on Ethics into Robust Artificial Intelligence. Equally appealing is Duke's unique culture of collaboration and camaraderie, which fosters connections among its heterogeneous student body. Whether it's deciphering problem sets with friends at LINK or working in Bass Connections project teams, I'm eager to make impact alongside people that matter and for my worldviews to be turned upside-down, expanded, and refined. Duke's theoretical CS will equip me with problem-solving skills applicable to any niche of society. While studying English, interconnecting Trinity's liberal arts, and working with my pluralistic classmates will provide the empathetic awareness necessary to create inclusive technology.If you are applying to the Trinity College of Arts and Sciences as a first year applicant, please discuss why you consider Duke a good match for you. Is there something particular about Duke that attracts you? (Please limit your response to no more than 150 words.)In our household, words don't reflect their literal meanings. 'I regret you both equally,' my mother will attempt to deadpan, as my sister and I playfully banter over who's the favorite from the backseat. 'Wasteful,' my dad will mutter, as he proceeds to return with three large fries (I requested only a medium). For my parents, growing up in a very reserved culture has made it difficult for them to express emotions the way I instinctively hug friends in the hallways. However, it's far from a household that isn't vibrant with love. Instead, affection is telling through the sum of small, mundane actions that speak louder than syllables. You know, things you don't have to do as a parent, but do anyway, like staying up till 3:00 to make sure I return home safely from prom. Spending weeks sewing my sister's Kim-Possible Halloween costume so she can wear it in time for the school-wide parade. Covering my chores without me asking because it's finals week and all the dark chocolate in the cabinet has mysteriously gone missing. My family hasn't physically spoken the words 'I love you' in the last 20 some years, but they've taught me that actions matter, listening matters, and that the little things\u2014make a big difference. So whether it's writing research papers, helping a girl work through her code, or taking walks with my family on Sunday afternoons, I'll always put thoughtful, detailed effort into everything I do. I'll always invest my all.Duke University seeks a talented, engaged student body that embodies the wide range of human experience; we believe that the diversity of our students makes our community stronger. If you'd like to share a perspective you bring or experiences you've had to help us understand you better-perhaps related to a community you belong to, your sexual orientation or gender identity, or your family or cultural background-we encourage you to do so. Real people are reading your application, and we want to do our best to understand and appreciate the real people applying to Duke. (250 word limit)As a poet and programmer\u2014I believe in the power of the interdisciplinary. Through developing websites and iOS projects, I find gratification implementing algorithms behind the scenes and connecting them to front-end UI elements. After developing a video game timeline of my life, I was invited to the international Apple conference. In San Jose, being surrounded by projects like LGBTQ safety apps inspired me to want to leverage my own skills into more than just creative outlets, but also tangibly help others. At governor's school, my research project on _engineering topic, removed for privacy_ enabled me to achieve that\u2014through optimizing software for reliability, accuracy, and efficiency. Our days consisted of meticulous trial and error, extensive analysis of tradeoffs, and countless nights wrestling code to design the most advantageous communication schemes for each type of environment. Yet the work was extremely rewarding, as we were chipping away for the sake of progress. Our research was selected as the _award, removed for privacy_ out of hundreds at an undergraduate engineering conference for its advancements in research and pollution monitoring. Computer science I love for all its practical shapes and theoretical forms\u2014the versatile vehicle allowing me to innovate and problem-solve across all niches of society.In juxtaposition, creative writing is my source of imaginative enrichment and means of empathy. By piecing together seemingly mundane letters and line breaks, I have the power to illuminate truth, create windows of understanding, and forge intricate beauty. Poetry\u2014through its subtleties and nuances\u2014rounds out, inspires, and humanizes the hard numbers and logic in engineering. It's the secret ingredient that startles me into creating technology that's creative and compassionate.As a writer and computer scientist aspiring to propel my abilities into serving humanity, Penn is my perfect academic environment. The CS department's encompassing curriculum, which balances plethoras of research opportunities with practical emphasis, will give me the most comprehensive toolkit. Whether it's continuing to develop iOS apps or advance underlying theory, being a 'Penngineer' will ensure my efforts have relevant applications in the real world. While under the flexible 'one-university' policy, a creative writing minor merges seamlessly with computation. After taking Digital Humanities and Computational Linguistics, I'd be eager to work in natural language processing research, which constructs algorithmic systems that interpret human language. Particularly, it'd be a privilege to join the Rachleff Scholars and contribute to Professor Mitchell Marcus's work on continuous human communication with autonomous robots. A fusion of the intricacies of writing, my previous research in ___, with applications in speech recognition assistants that aid the blind\u2014it's the ideal interdisciplinary project for me to synergize my diverse interests into impact.But what draws me to Penn most is the palpable culture of collaboration and passion for extracurriculars. Despite being only a high school hacker at PennApps last year, I experienced a welcoming, tight-knit aura that made me feel at home. Surrounded by engineers guiding Arts & Sciences classmates and organizers running team-building activities, the dedication of Penn students to bring together their diverse student body to help one another learn was nearly magical and contagious. Through speaking to a members of Penn Women in Computer Science, I also learned about initiatives like teaching girls in surrounding neighborhoods to code and throwing Femmehacks to uplift fellow female engineers. As the organizer of my high school's own hackathon and the founder of an app camp for girls, I heavily identify with these rewarding efforts. I hope to fully contribute my leadership and love for giving back to cultivating inclusivity and accessibility for everyone at Penn and the Philadelphia community.Simultaneously, I'll bring my zeal for the literary arts to the intimate family of Kelly Writers House and webmastering for The Penn Review. Through the balanced amalgam of computation with poetry, theory and practice, and collaboration alongside service\u2014at Penn, there are no limits to the social, creative, and impactful engineer I can be.How will you explore your intellectual and academic interests at the University of Pennsylvania? Please answer this question given the specific undergraduate school to which you are applying. (400-650 words)Computer science integrated seamlessly with the liberal arts; engineering with a focus on humanity; encompassing breadth and depth; a vibrant home to culture; never do the same thing twice; internships on Fridays; plethora of art museums subway ride away; open; microcosm enabling interactions with people of all walks; pluralistic, polyphonic student body; well-read, well-spoken; unsheltered, worldly aka a change from the bubble that is Princeton; computer science department with interdisciplinary and global emphasis; intellectually stimulating; commitment to undergraduate research; modern Renaissance ideal; balance of innovation and timelessness; infinite avenues for exploration + growthList a few words or phrases that describe your ideal college community. (150 words or less)The Scarlet Letter\u2014dark, arduous journey with inspiring gems about compassion, autonomy, and changeThe Great Gatsby\u2014gorgeous, evocative prose that raises still relevant discussions regarding the American dreamThe Canterbury Tales\u2014how can you not love Medieval gossip with a nice dose of Horatian satire?Walden\u2014nature gives us ideals for how to live, 'the sun is but a morning star'List the titles of the required readings from courses during the school year or summer that you enjoyed<br \/>most in the past year.Literature and Fiction: Wuthering Heights\u2014cruelest character teaches the most empathy ; Handmaid's Tale\u2014woke me up to gender issues ; One Hundred Years of Solitude\u2014fantastical magical realism that reflects universal truths ; Circe\u2014The Odyssey re-imagined through the life of Circe, doing justice to her shortchanged story Poetry Collections : Night Skies with Exit Wounds\u2014messy, ambiguous, authentically beautiful ; Life on Mars\u2014the otherworldly seamlessly merged with our own Non-fiction : The New Jim Crow\u2014eye-opener into a complex, broken system; This Little Art\u2014interesting read about the craft of literary translation ; Algorithms to Live By\u2014'how the algorithms used by computers can also untangle very human questions' ; When Breath Becomes Air\u2014poignant and philosophicalList the titles of the books you read for pleasure that you enjoyed most in the past year.The New Yorker, The Adroit Journal, The Onion, The Atlantic, The Verge (tech section), National GeographicList the titles of the print, electronic publications and websites you read regularly.Exhibits\u2014Gustav Klimt paintings at The MET. Salvador Dali at The MOMA. Ada Lovelace Exhibit at the Computer History Museum Concerts\u2014Chance the Rapper, Snarky Puppy Films\u2014Y Tu Mama Tambien, Kill Bill Vol. 1 & 2Shows\u2014Saturday Night Live, Parks and Recreations Lectures\u2014Cathy O'neil on how Big Data Increases Inequality and Threatens Democracy; Rana el Kaliouby on emotional, humanizing technology Podcasts\u2014Freakonomics, This American LifeList the titles of the films, concerts, shows, exhibits, lectures and other entertainments you enjoyed<br \/>most in the past year.Mezcla\u2014meaning 'mixture' in Spanish\u2014is what I value most about Columbia. As a computer scientist and creative writer, I believe in the power of mezcla. Code is my problem-solving tool, and literature my vehicle of empathy. All too often, the technology sector is so caught up churning out the next Facebook or self-driving Uber that we forget to consider the ethical side effects. We forget that investing our skills into developing blockchain software for the homeless is equally crucial. We forget that technology first and foremost\u2014should be about enriching and improving lives. Columbia's Core through its interconnected inquiries into the human experience appeals to me precisely for this reason. Intimate discussions on Crime and Punishment will give me timeless insight on ethics and morality that I can apply to artificial intelligence. Learning about other cultures through art will inspire me to construct algorithms mindful of global audiences. As an iOS developer and researcher, the engineering school's plethora of practical classes and undergraduate research will equip me to continue applying and advancing problem-solving. Together, these complementary avenues culminate into an exhaustive technical skillset and comprehensive understanding of humanity's complexities that I can leverage into empathetic innovation. Mezcla, however, permeates more than Columbia's academics. Growing up in __, ignorance is the bane of our sheltered bubble. But strolling down Low Steps or in the microcosm that is NYC, I come across individuals from backgrounds and walks of life all vastly different than mine. From interacting with street artists to conversing with diverse classmates, I'm hungry for the infinite ways my perspectives will be turned upside-down, expanded, and refined\u2014resulting in an encompassing awareness I'll ensure in inclusive products. Amidst the synergistic connections and multidimensional worldviews that Columbia's mixture facilitates, I look forward to becoming a more creative, worldly, and impactful engineer.Please tell us what you value most about Columbia and why. (300 words or less)My love for mathematics and problem-solving was my portal into computing. Amidst the Math-CS problem sets and research presentations at __summer math program__, I realized that code was the application of abstract mathematics in tangible, technological solutions. Computer science hooked me in for its innovative nature and more direct impact on society, which theoretical mathematics lacked. The following summer at governor's school, my research project on _engineering topic_ was also grounded in theory. But we optimized the system for reliability, accuracy, and efficiency using MATLAB. Our days consisted of meticulous trial and error, extensive analysis of tradeoffs, and many late nights wrestling code to design the most advantageous communication schemes for each type of environment. Yet the work was extremely rewarding, as we were chipping away at the expanse of knowledge for possible real-world impact. Our research was selected as the Best Paper out of hundreds at an undergraduate conference for its potential advancements in research and pollution monitoring. But although my passion for computing instated from theory, I'm drawn to the practical as well. An iOS\/web developer, I love constructing apps for its exercise in empathy, as every design choice must step into the shoes of a diverse population of users. After developing a video game timeline of my life, I was one of few high-schoolers invited to the international Apple conference. In San Jose, being surrounded by projects like safety apps for LGBTQ youth inspired me to want to leverage my own projects to be more than just creative outlets, but also tangibly help others. But no matter whether it's developing apps that improve campus life or continuing to merge math and computation in autonomous vehicle research\u2014at Columbia Engineering, I aspire to propel my passions and skills into serving humanity.For applicants to The Fu Foundation School of Engineering and Applied Science, please tell us what<br \/>from your current and past experiences (either academic or personal) attracts you specifically to the<br \/>field or fields of study that you noted in the Member Questions section.With far too many interests to confine myself to one or two, the quarter system enables me to take a vast array of classes without sacrificing depth\u2014facilitating the synergistic connections and multidimensional perspectives I constantly look for. Also can we talk about Coho's paninis.One thing you are looking forward to at StanfordDecreasing interest in the humanities. Though technology is undeniably a powerful tool for progress, the liberal arts are invaluable in learning creativity, empathy, and awareness. Especially with the recent artificial intelligence ethics scandals, we need those traits now more than ever to establish fair regulations and create humane products.What is the most significant challenge that society faces today? (50 word limit)-Won governor's school ping-pong tournament and cutest couple superlative!! with roommate-turned-best-friend-Co-authored published paper on _removed_-Discovered graph theory at _summer math program_-Writing mentorships-Cut my own hair, which surprisingly turned out ok-Hiked Mount Holyoke-Dragged fam to art museums-And Costco many times just for the acai bowlsHow did you spend your last two summers? (50 word limit)Psychologists say that your childhood behavior is your uninfluenced, true self. According to my mom, I'd neversleep, instead secretly escaping every night to crawl around the apartment for hours. I'd wanna third-personwitness my early years between 1-5 am to see what I was doing during all that time.What historical moment or event do you wish you could have witnessed? (50 word limit)Always searching for the unexpectedWhat five words best describe you? (10 word limit)The Onion\u2014my favorite article is the '8-Foot-Long, 250-Pound Tampon'Wikipedia rabbitholes and New Yorker\u2014normal news intakeAlgorithms to Live By\u2014CS teaches us how to liveNight Skies With Exit Wounds(poetry)\u2014messy, ambiguous, authentically beautifulAnything by Marquez\u2014magical realism is paradoxical3Blue1Brown\u2014his linear algebra animations are soooo therapeuticNetflix\u2014Friends, Parks, Grey's AnatomyWhen the choice is yours, what do you read, listen to, or watch? (50 word limit)I'd explore ambiguous trails, go on midnight hikes with my friends, or maybe even take a roadtrip through thedesert while stargazing every night. Nature is the land of magic in the mundane, and I'd love to visit more.Imagine you had an extra hour in the day \u2014 how would you spend that time? (50 word limit).Out of falling snow, dropdown gradients, and effervescent icons, fantastical settings straight out of a Gabriel Garc\u00eda M\u00e0rquez novel materialize. As I apply APIs like Core Graphics with parallax, the characters I construct dimensionionalize and transitions from scene to scene gain depth. Through developing iOS projects, my duality as a programmer and poet is unified by my itch to create. Piecing together these subtle yet powerful elements with code is like writing magical realism\u2014narrative structures are analogous to geometric ratios that culminate to shape user experience and forge intricate worlds. But when I'm hungry to understand the inner workings enabling these elements their practical use, I turn to the parallel universe of mathematics. Like, how do animations effortlessly shift dimensions? Linear Algebra operations act as portals transforming matrices from one to the next. That Lulu dress Facebook keeps creepily tempting you with? graph theoretic nodes algorithmically interconnecting color-coded data. Tracing modern computing\u2014from apps to self-driving cars\u2014to the invisible proofs and axioms it's grounded in satiates my endless curiosity for how technology problem-solves. There's just something elegant and therapeutic about mapping the simple to the complex, the abstract to the tangible, the puzzle of theorems and code converging into one and slowly clicking together. My interests\u2014spanning math to code to creative writing\u2014may seem like a mess of contradictions. But computer science, through its multidimensional, interdisciplinary nature, is the linkage in my diverse mosaic. By enabling me to seek connections across broad avenues, it encapsulates the beautiful cohesion of an orderly chaos.The Stanford community is deeply curious and driven to learn in and out of the classroom. Reflect on an idea or experience that makes you genuinely excited about learning. (100 to 250 words)Roomie, It's so nice to finally meet you! One thing you should probably know about me\u2014I come from a banterous family that expresses <3 through actions, instead of words. Compliments? Don't know her unless I'm talking behind your back. Memes? I'll tag you in those facebook videos of dogs sleep farting that say 'this is you' at the bottom (sorry, I have the humor of a 12-year-old). My favorite emoji? :p of course. And winning Powerball during a solar eclipse on Marchtember one-teenth? Mathematically more probable than hearing me mumble the L word out loud.However, I'll also automatically pick up a batch of your favorite snickerdoodle when it seems like you've had an off day. I'll listen to you rant, goof off with you till 3 am instead of studying for finals\u2014if that's what you need to forget about that boy (they never deserve you my dude). And I'm sure at some point, I'll share my mango sushi and let you pick the Netflix show, which fyi basically means we're married in my book. Yes, underneath my cat-like aura, I'm lowkey the biggest *cough*softie*cough**cough*. Having a roundabout way of expressing my feelings has made me extra considerate of how others are doing even when they aren't open about their emotions. It's the least I can do for my friends, who tolerate my weird antics of affection. But whatever, it's not a big deal... jeez. Looking forward to all our inside jokes and idiotic adventures on the farm, ___ :)Virtually all of Stanford's undergraduates live on campus. Write a note to your future roommate that reveals something about you or that will help your roommate \u2014 and us \u2014 know you better. (100 to 250 words)  "}]}