{"schema":{"fields":[{"name":"index","type":"integer"},{"name":"personal_essay","type":"string"}],"primaryKey":["index"],"pandas_version":"0.20.0"},"data":[{"index":0,"personal_essay":"The crackling bonfire forms several shadows on the snow. All of the Norse gods have joined me at the feast. LadyFrigg, goddess of love, looks stunning in her white lace gown. Thor, the mighty god of thunder, is busy fist-fightingwith the war god Tyr. Heimdall, the god of light, is dazzling everyone with his brilliance.'Let's have some music!' shouts Bragi, the god of poetry. I pick up my guitar and strum the melody of the poemH\u00e0vam\u00e0l. Bragi starts singing and everyone dances creating swirling gusts of icy air.It may seem strange that a boy from India, a tropical country, imagines himself dancing with the Norse godsaround a fire in the snowy plains of Scandinavia. Yet Norse mythology has become the resource through which Inurture myself. In this magical realm, I sing with the Valkyries and imagine having stimulating conversations withthe various deities. I ride dragons and embark on courageous crusades to slay evil giants. All these adventureshave filled me with an unshakable confidence; they have removed my fears of raising my voice against theprejudices and injustices I see around me, especially the harassment and sexual violence of women prevalent inmy country. In Grade 10, while standing at the bus stop, I saw a burly man constantly harassing a girl. Thinking ofThor, I stood up to his towering frame and questioned him: if this were your sister in place of this girl, I asked,would you still be harassing her?Among the Norse gods, it is Odin who is my favorite because of his relentless pursuit of knowledge; he evensacrifices his eye to drink from the Well of Wisdom. I view the quest for knowledge as a central goal of my life. Ihave not sacrificed my eye, but I keenly observe the world around me, jotting down notes in my pocket notebookthroughout my day. I spend my nights researching these notes; from the Latin roots of the word 'militate;' to theharmonic analysis of the Heisenberg's Uncertainty Principle; to the origins of Transcendentalism, I only drink fromthe very depths of the wisdom well. Odin also gains knowledge from his ravens that report their observations ofthe world. My ravens are the NYTimes, The Guardian, and Times of India, which keep me abreast of globalevents.Apart from fueling my quest for knowledge, Norse Mythology has been my solace in difficult times. In January2015, my health severely deteriorated and in March I developed hemiplegic migraine. Consequently, I wasparalyzed on the left side of body. I worried my paralysis might be permanent. My Norse myths were my escapefrom fear. I visualized Norse heroes who had bravely conquered insurmountable odds. I reminded myself that Ishared the same power to overcome my migraine and paralysis, and ultimately, I did.During my paralysis, I reflected on the purpose of knowledge. I returned to Odin's myths to rediscover that hispursuit of wisdom was always undertaken for the betterment of humanity. His ravens informed him where tointervene in humans' suffering. To emulate Odin, I conducted extensive social research into the origins of themisogyny and violence toward women in my country. I analyzed factors like education, religion, patriarchal culture,political scenario, and economic status. The results helped guide the NGO I founded, the Sabal Naari Foundation,which is devoted to preventing women from becoming victims of violence by empowering them through self-defense and education.Working in my NGO has shown me the prodigious power of knowledge to change the lives of thousands ofwomen. I will continue to follow Odin and pursue knowledge and the betterment of society for my entire life. Nomatter my age, I know I will always be the same boy, dancing with the gods around the crackling fire, drinking theirwarm nectar, and raising a toast together:'Sk\u00e5l!'"},{"index":1,"personal_essay":"How did you first learn about Rice University and what motivated you to apply? (250 word limit) 'Kshitiz! Kshitiz!' My future life-long friends shout my name to welcome me at the O-week. Having always been a part of small closely-knit communities, I feel at home in my residential college.In class, I thrive on close interaction with world-class professors who take a personal interest in my education. Rice's Honor Code infuses my education with academic integrity and freedom, which I value immensely. Through SSURE I have the opportunity to expand on my research on the origins of male social mores under the guidance of Prof. Elaine Howard Ecklund. Balancing stellar academics with a vibrant social life, I explore new poses in Rice Bhakti Yoga Club and enthrall others with my Norse tales in the Mythology Club, which I founded in my freshman year.I relish being a part of Rice's quirky traditions, as I excitedly fill fist-sized balloons ahead of Beer Bike.Beyond the walls of the university, I experience Rice's Experiential Learning in the Center for Civic Leadership where I gain an understanding of the complexity of social issues and strive to bring a positive change in the Houston Community. The Passport to Houston is my gateway to America's Coolest City's rich cultural offerings as I explore Houston Museum of Natural Science and Houston Grand Opera.All these images filled my mind when I considered Rice as my top choice school. Rice University is where I dream of spending my next 4 years. Rice University is where I belong."}]}