{"schema":{"fields":[{"name":"index","type":"integer"},{"name":"personal_essay","type":"string"}],"primaryKey":["index"],"pandas_version":"0.20.0"},"data":[{"index":0,"personal_essay":"] I am perfectly content sitting with Harry, Ron, and Hermione in the Gryffindor Common Room, preferably in the best seats around the fireplace.I know it's impossible for me to be physically present in this fictional environment, but ever since I first started reading the series at age nine, the world of Harry Potter has been a very real place of comfort for me. As a shy, sensitive, and awkward kid, books helped me escape the confines of my inadequacies. I first picked up the Harry Potter series thinking it would just be like all the other books I'd read. But as I picked them up again and again (17 times, more specifically), they grew to be more than just stories. They became my guidebooks as I began to navigate through the confusing, messy, yet joyful process of growing up.   As a kid, I tended to bottle up my anxiety and frustration until they brewed into indignant anger. I could never understand the reasons behind my emotions, let alone put them into words, and tears became my only way of expressing my feelings. But getting to know the inner workings of Harry's mind helped me to feel less alone in this respect. The books don't just say, 'Harry was angry'; they say, 'Harry's blood boiled with anger as his face went hot,' a vivid reaction that felt completely familiar to me. The fact that the brave, heroic, albeit fictional Harry Potter suffered from some of the same flaws and emotions that I did really helped get me out of my own head. I started to entertain the possibility that others around me (in the Muggle world) shared my emotions and were more similar to than different from me. Hermione Granger was a reflection of my preteen self who eventually grew to be my biggest role model. Like her, I poured myself into being the best in school in order to hide my insecurities and tried not to care about fitting in. Luckily, as Hermione had Harry and Ron, I had a handful of great friends that were able to see past my quirks. Hermione learned, like I did, to find true acceptance and value in friendship rather than in grades and achievements, while at the same time never apologizing for her intensity. Using her cleverness and resourcefulness, Hermione always does everything she possibly can to help others. To me, her kindness and unwavering devotion to justice are her most notable qualities, not her intelligence or her abilities. Hermione always demonstrates that doing the right thing is more important than just getting the right answer.I had less time to revisit Harry Potter upon entering high school, and when I read, I looked for other options that I felt were more sophisticated. But when I decided to reread The Prisoner of Azkaban in junior year, I realized that Harry Potter will always play an important role in my life, no matter how old I am. As a child, the Harry Potter books gave me a place of refuge and escape. But as a teenager, I could see ways in which my life, my feelings, and my experiences resembled those described in the books. Harry Potter makes me think about what my own personal quest in life is and inspired me to find something I'm passionate about, like Harry and his friends feel about becoming wizards one day. Through college and beyond, I aspire to absorb myself in the world that exists around me, with the hope to one day become a greater part of it.I'm deeply grateful to J.K. Rowling for the Harry Potter series, which has helped me figure out who I am and who I want to be. I've read many wonderful books and had even more wonderful opportunities throughout my life, but no matter where I've been or where I'll go, Hogwarts will always feel like home.  "},{"index":1,"personal_essay":"UChicago: What's so odd about odd numbers?As I stretched out onto the floor to start this essay (I can't write at desks), I began to wonder why we use words such as odd and even to categorize numbers, especially when these words have other meanings unrelated to math. It turns out that the terms 'odd' and 'even' may have preceded their modern English meanings. The ancient Greeks defined odd numbers as those that form a shape when arranged in two rows, or had something 'sticking out'. The root of the word odd comes from the Old Norse 'oddi', which refers to pointy things, such as triangles. Therefore, a person who 'sticks out' from the norm came to be called odd. However, that doesn't explain why odd numbers were automatically labeled with a word that came to mean 'abnormal' and 'weird'. Theoretically, odd and even numbers should be treated equally; after all, there are no more even numbers than odd numbers. Then again, there are roughly the same numbers of men and women on the planet, yet throughout history, women have always been viewed as the inferior sex. Even in modern-day America, where women can run for president and hold more than half of all college degrees, our culture still enforces traditional gender roles and sets unattainable beauty standards for girls and women. While the women's movement has come a long way in the past 150 years, sexism is by no means eradicated. There are some women who believe that feminism is no longer necessary, because sexism isn't visible in their lives. What those women fail to realize is that countless other women in drastically different circumstances are denied the freedom and the choices that they are lucky enough to have. Likewise, there are some odd numbers who have more freedom and privileges than others. For example, seven plays an important role in a variety of subjects: there are seven days in a week, seven continents, seven colors of the rainbow, and Seven Wonders of the Ancient World. Five has an extremely convenient pattern of multiples, which is why everybody loves it so much. And that's not to mention the ubiquitous, powerful, and magic number three. Three is pretty much the Beyonc\u00e9 of all numbers. An odd number means that one person is always left awkwardly without a partner. Besides 2, prime numbers, the most inconvenient type of number, can only be odd numbers. Additionally, odd numbers falter in the presence of even numbers, which never waver in their evenness. Whenever two even numbers are added, subtracted, or multiplied together, the result will always be even. But if you perform the same operations to two odd numbers, an odd number will occur only half of the time.   Still, I can't criticize odd numbers too much, for I too have fallen victim to insecurity and at times allowed others opinions' to make me question myself. It's always been considered odd that my favorite subject is math, but as a little girl, I thrived on that abnormality. I loved the idea of being good at something, and while I sometimes felt lonely as the only girl at the advanced table, I loved beating the boys in my class.I became less confident, or maybe just less obnoxious, when I switched schools in third grade. Being odd and sticking out was not a great strategy for making friends in public school. My teacher preferred that everybody in class participated, and she frequently got annoyed with my eagerly raised hand, especially during math drills. I noticed that the girls in my class tried harder to please my teacher than to get the best grades and that my teacher often responded favorably to those endeavors. I tried copying these girls' behaviors in an attempt to fit in, to make myself more even, and by the end of the year, I had made a handful of good friends. Some of them had even told me that they hadn't liked me at all when they'd first met me, and, proud of my efforts, I internalized that fitting in was ultimately better than standing out.     My confidence was no longer solely dependent on my academic performance, and while my passion for learning never diminished, I took great pains to hide it. However, when I switched to Moravian Academy in eighth grade and for high school, I learned to balance my own oddness with evenness. At Moravian, everyone is a high achiever, and hard work is not frowned upon. I rediscovered my voice in the classroom, as my teachers sought to extract student perspectives during class discussions, I found friends who appreciated and even shared some of my eccentricities, and I learned that I didn't need to stand out or be the best in order to enjoy school. Whether striving for my best on the tennis court or within the school community, I've found that Moravian Academy always supports and celebrates oddness.   Math is often equated with objectivity, yet odd and even numbers show that this idea is imperfect. Being a young woman who is strongly considering going into a STEM field, I know that I will experience many negative reactions to my oddness. But I hope that I will be able to remember the countless women who never allowed their oddness or their sex to stand in the way of their goals. In the following statements, let's assume that a male with identical abilities and talents to mine is the 2. And although I will never be Beyonc\u00e9, suppose I am the 3.3\u22602: True3<2: Completely and infinitely falseHarvard: optional supplementA conversation in my brain: I'm in my room, reading over my to-do list. The only unchecked item is 'College Plan.' Hmm. This might take some time. I dig through one of my more cluttered desk drawers, labeled 'Academic Interests,' until I find Math and English. I invite them to take a seat.'Hi guys, thanks for being here,' I say. 'I want to ask you for advice about what I should study in college. You both have been very important to me these past four years. You've pushed me to tackle new challenges and think less linearly, and I enjoy class the most when one of you is present. What do you suggest?' Math crosses her arms, wearing a half-frown as she thinks. 'Well, you're a math person. You always have been. And let's be real: you're just not that great of a writer.'English slams her copy of Emma shut as she responds angrily. 'What a horrible thing to say! Kara, you can do anything to which you set your mind. The world is a playground!''Fair point,' I concede. 'There are so many different disciplines that I don't even know about yet. Would I be limiting myself by studying math?''But math is extremely versatile and applicable,' Math points out. 'Also, you like to explore its creative side. Remember your Comenius project? Remember Moody's Mega Math Challenge?''True; I really enjoyed those experiences,' I say. 'Math has always made sense to me and I really feel like I could make a difference in people's lives by using math to solve real-world problems.'English rolls her eyes. 'Don't dismiss English just because its career path isn't as clear. You need to stop demanding answers to everything. Where's your sense of adventure and innovation? In English, you can travel to an infinite number of places. You get to explore emotions and values, and what it means to be a human being.''That's what I love about English,' I admit. 'You can learn so much about the world and connect to other people just through words.' English continues. 'Also, you really think math is a better option? After all, it only becomes exponentially more challenging after high school. Do you honestly think you're capable of that?''Well, when you put it that way\u2026''Oh hush!' snaps Math at English. 'Reading fiction novels doesn't qualify someone to be an English major!''As if high school calculus is any indication of actual mathematical ability!' English retorts. 'Advanced math is completely made up of letters; it's like it wants to become English!'Math, wearing a furious expression, opens her mouth to speak, when the door suddenly bangs open to reveal Sense. She is stern and fair, but unfortunately only visits of her own accord.'What's going on? Why is everyone shouting?' she demands.Math and English both look guilty as I apologize to Sense. 'They were just trying to help me figure out what to study in college.'Sense shakes her head. 'You're pretty smart, Kara, but sometimes you're a real blockhead. Why are you even trying to decide this today? You're not even in college yet!' 'I know,' I say. 'But everyone keeps saying how it's so much more difficult to find a job nowadays, and how picking the wrong major is, well, a major setback.'She sighs. 'Listen. You know what your interests are right now, but the truth is, they'll probably change. In fact, the majority of college students change their major at least once. You will find something that you love, I promise. So please, stop thinking so much.' She closes the door. I consider Sense's advice. My interests have always spanned a wide spectrum; I don't even have a least favorite subject. Pursuing my passion could mean studying math, English, economics, or something entirely different. All I am certain of at this moment is that I love solving problems and thinking about big issues, and that I'm determined to make a difference in the world. I peer into the 'Academic Interests' drawer as I return Math and English to it after our meeting. It's a large, disorganized jumble, one that I can't wait to start untangling.  Dartmouth and Yale: open-ended supplementI didn't start calling myself a feminist until I was fifteen, but I think I've always been one. From a young age, I wasn't confident in my appearance and knew that I didn't have the nonchalance of a popular girl. But I found that my love of books and quirky personality better classified me as a nerd, and I learned to embrace my low position in the queen bee hierarchy, championing brainy, plucky, fictional heroines like Hermione Granger as my role models. However, my little bubble of nerd pride popped when I entered eighth grade at a new school. The small size felt stifling, and I found myself sitting at lunch with the types of girls I'd always criticized. They all had perfectly straightened hair and skin-tight jeans and viciously ridiculed girls who didn't look and act exactly the same. I used to get away with nonconformity, but I realized that here, it was either follow everyone else or be a friendless outsider.But I began to feel less alone when I started writing for the online feminist organization Powered By Girl, or PBG. I came across PBG during the summer before sophomore year, when their website was seeking teenage girls to write about female empowerment. My know-it-all younger self lit up; I could practice writing, something that my freshman English class had inspired me to do, while reaching out to other girls who were facing the same problems that I was. I submitted an application, did a phone interview, and became a PBG blogger. Initially, I wrote mostly about body image and the media's objectification of women, but I soon branched out to more controversial topics, such as defending Rihanna for forgiving Chris Brown and arguing that a woman's choice to stay at home or to have a career should be respected. At first, publishing blogs made me anxious, but I eventually became comfortable with forming and defending my own convictions. I learned that to do the right thing, both in writing and in my own life, I couldn't let fear of criticism prevent me from expressing myself. I understand now that, like me, those middle school girls were only doing what they had to in order to survive. And I'm not a perfect feminist; sometimes I obsess about my appearance and worry that I won't be asked to prom. But I've discovered through PBG that by allowing our insecurities to define us, we only hold ourselves back. My goal as a feminist is to encourage others to respect one another and to give women the freedom to be imagined complexly and empathetically. One day, I hope that the world will be a place in which no girl feels pressured to 'survive,' but instead is allowed and encouraged to thrive. Feminism has inspired me to fight for all types of equality, and I'm grateful to PBG for giving me an opportunity to speak up and for teaching me to believe in myself and in the power of all girls.  Princeton: Write about someone that has influenced you.My introduction to John Green involved, what else, Harry Potter. The first video of his that I ever watched was entitled 'Harry Potter Nerds Win at Life,' and while I figured that he would make me laugh, I didn't expect him to start discussing the miracle of human consciousness and the philosophy of being a nerd. But I soon found that this sort of thoughtful and enthusiastic observation is typical of John Green and Nerdfighteria, the community of John and his brother Hank's fans. With his innovative and empathetic energy, John Green has helped guide me through the uncertainty of adolescence and inspired me to engage in the world and all of its complexities.Whenever I used to think about chronic global issues such as poverty and the environmental crisis, I couldn't help feeling resigned and powerless when confronted with such overwhelming sadness. But John Green makes me feel less hopeless by directly addressing those issues in his videos. He lives by the belief that the scale of injustice and suffering in our world doesn't diminish our responsibility to confront it, and he makes his passion for connecting people to each other and the world into realities. Last December, Nerdfighteria raised over $870,000 through the seventh annual Project for Awesome for dozens of charities, and as I watched and participated in the event, I admired the boldness and idealism with which John Green pursues his ideas. He has a way of seeing beyond preconceived notions and assumptions, and he's proven to me that pragmatism and idealism are not mutually exclusive. Now when I hear discussion about health care reform or the minimum wage debate, I feel more inclined to join it than to shrink away.  I'd always felt safe and comfortable in the classroom, but John Green made me view learning as a fundamental part of my personal development. I began to understand the difference between learning and being taught, and I realized that my schoolwork existed within a much broader context rather than just as a measure of achievement. John Green's own enthusiasm for knowledge and witty intellectualism helped me discover the joy that comes with the freedom of knowledge, and I dipped my toes into new subjects and delved deeper into familiar ones with a renewed sense of curiosity. But most of all, John Green taught me that learning is an attempt to empathize with the world and as a result makes us better people. He has given me and so many others the priceless gift of understanding the value of knowledge.Before I ever heard John Green's actual voice, he spoke to me through his books, and it is through this medium that he has taught me about being a friend and a person. The Fault in Our Stars elicited audible tears from me on multiple occasions, but I left that book feeling more than just sad. Instead, it forced me to question my definition of what constituted a full life, and I realized that a meaningful life is not the same as a displayed one. In all of his books, John Green is extremely empathetic and generous in his portrayal of youth, never trivializing or belittling the legitimacy of adolescent experiences. Rather than trying to persuade his readers to conform to his opinions, John Green writes books that take them on journeys to ponder questions such as how to live in the face of unresolvable ambiguity, or if a short life can be a good one, questions that he claims he's trying to answer himself. I used to define a role model as someone who exemplified great success and who made no visible mistakes, but John Green has become mine for different reasons. He's not afraid to be unconventional or too idealistic, and I hope that one day I am able to inspire others, as he has inspired me, to view the world thoughtfully and optimistically.  "}]}