{"schema":{"fields":[{"name":"index","type":"integer"},{"name":"personal_essay","type":"string"}],"primaryKey":["index"],"pandas_version":"0.20.0"},"data":[{"index":0,"personal_essay":"] There is a hefty blue book in my bookcase that is older than any other book in the house. Across its spine are emblazoned the words My First Encyclopedia. For others this book might have served as a passing interest or an occasional point of reference; for me, it was the quiet, unremarked, yet vastly monumental introduction into a life shaped by the tenets of science.Science is interdisciplinary. The Encyclopedia introduced me to topics ranging from Julius Caesar to the Big Bang Theory, and I have not ceased to learn ever more in all those topics. Science, by nature, encourages inquiry; my life-long inquiry has, as much as I can manage, reached into every aspect of the world. Literature and history in particular have been paramount in forming my ability and motivation to explore the possibilities of science. It was through the passionate invocations and philosophical ponderings of the Romantic writers that I understood the depth of my own dedication to science and gained the skills to write an organized research paper. And for what purpose do I live, if not for the betterment of society, to which the history of its people alone has given meaning?Science is logical and resourceful. No matter how many wondrous things the encyclopedia introduced me to, I accepted them because they made sense. Logic is my first resort during emergencies, and it has served me well on a number of occasions. For instance, my family and I once, while vacationing in Greece, found ourselves on a side road where all the signs and maps were in the Greek alphabet. No passerby spoke English. As my aunt began to fret, I sought out a nearby map, and realized that the characters were not altogether unfamiliar to me. I recalled them from numerous formulas taught in physics and statistics lessons, and, rather delighting in the puzzle that faced me, I began to work through the various street names on the map, hoping to deduce the one that matched our hotel's address. It was my recollection of the micrometer abbreviation and the symbol of wavelength that finally illuminated the way, allowing me to confidently lead my family through the unfamiliar streets of Athens.Science is gradual but passionate. I realized this principle most markedly in my experience in research. Despite the Encyclopedia having instilled an early love for science within me, I was not yet certain in my choice to pursue a career in the subject when I first entered ninth grade research class. As the years passed, I progressed from simple background investigations in class to devoting entire summers and weekends to laboratory research. The work was long and hard, but I persevered because I loved being able to finally contribute something new \u2013 something of my own to the scientific community by publishing papers and presenting conclusions; and because I knew I had the determination and integrity to succeed. Now, having experienced the challenge, the rewards \u2013 the sheer magnificence of research, I cannot live without it, no matter how difficult it may become. Research awakened me to the reality of a career in science: it will be extremely demanding, just as it will be extremely fulfilling.There are two chapters in the Encyclopedia that have stuck with me through all these years. The first is entitled 'How Babies Grow', which unveiled to my seven-year old self the possibilities and practicalities of medicine; the second chapter is on literature, and features a portrait of Victor Hugo. Years after I first read that chapter, I read Les Miserables, and there is one line that I will never forget for the unrealized ideals it represents: 'The nineteenth century is great, but the twentieth century will be happy.' If through application of the pragmatics of science I can help realize this dream in our century, then I would count my life a worthy investment of books and micropipettes. "},{"index":1,"personal_essay":"I am very fond of creative writing. A mix of biology lessons, fish dinners, and Shakespeare can produce something like this: Go forth, ye enzymes, ye acids, and do battle with the foul invader! Thou saliva, arm thyself with thy doughtiest amylase; ye enzymes, place thyselves where the heat and acidity best suit thy faculties. Render the fishbone into bolus; aye, and even into chime, and cast thyselves upon it so fiercely that it shall not dare to wander into mine esophagus again so long as the Sun makes it daily rounds and the Stars fail not to nightly shine. Question: Although you may not yet know what you want to major in, which department or program at MIT appeals to you and why?  Biological Engineering. The courses in this department, focused on the modern potentials of bioscience, would prepare me for the technological part of the career in global health that I intend on pursuing. The research performed in this department would then give me the opportunity to share and experiment with ideas that I have long pondered but had not the resources to implement, such as using genetic modification to make more resistant and growth efficient varieties of grains. Involvement in TerraScope would further complete my experience by introducing practical and interdisciplinary applications into my bioengineering studies. Question: What attribute of your personality are you most proud of, and how has it impacted your life so far?Contrary to common belief, the reason why the elven warrior Legolas is my favorite character in Lord of the Rings is not because he's an amazing archer or because he's graceful in speech and battle. It's because he is able to be optimistic when others despair, precisely the part of my personality that I have found to be of the greatest use to me and those around me.My optimism has drawn others to me, even if they, like the student I tutor, occasionally grumble 'How can you be so darn happy all the time?' My friends depend on me to retain composure and positivity when hopes are dashed or when plans are disappointed. For myself, optimism has been the force that allows me to face challenges and endure defeats anywhere from exams to research projects to competitions, and my life has been all the happier for it.  Optimism also allows me to feel content with my ability to help others. Perhaps the greatest effect my optimism has ever had was on the aforementioned student. I was paid to improve her SAT score, but I am far prouder of having improved her formerly dour attitude. She falls into depression much less now, and draws more satisfaction from life. If the best and most fulfilling thing a person can do in life is to make someone else's life better, then I achieved it through setting an example with my own optimism \u2013 something no demonstration of intelligence could have ever done. Question: Describe the world you come from; for example, your family, clubs, school, community, city, or town. How has that world shaped your dreams and aspirations?  The immediate world that I grew up and live in is nothing special, except perhaps in how happy and peaceful it is. I tend to see the world through rose-colored lenses, and I couldn't change that if I tried. But in the globally connected world of today, the lives of strangers may have every bit as much as an influence as that of friend or family members, and I believe that the path that I desire for myself has been greatly shaped by events outside my family, my community, and my school. When I trudge through the hallways of my school dreading the ever-growing demands of succeeding in education, I am easily reminded that there are many in the world who would give anything to be in my place because I have read extensively about international poverty and violence. Knowing all the things that I do as a result of the global connectivity provided by the internet and mobile technology, how could I ever be satisfied in my own worth if I do not use the resources available to me for the good of those who do not have what I have? Awareness of the international community contributed significantly to my decision of pursuing a medical career in global health, and it is my hope to use the skills and knowledge that I will acquire in college, medical school, and beyond to benefit people outside just my family and my immediate community.Question: Tell us about the most significant challenge you've faced or something important that didn't go according to plan. How did you manage the situation?In junior year, my afterschool time was allotted thus: a third for schoolwork, a third for clubs and amusement, and a third for research. So when I performed poorly in successive research competitions throughout the year, it felt as if I had failed to live up to my own dedication towards research.Time and again, I felt the empty feeling of disappointment and silent frustration as others won and I did not. With each unsuccessful competition, my trepidation grew and my hopes waned. To prevent myself from despairing, I focused on reviewing my performance to understand what I did wrong and observing others to see what they did right; among other changes, I reorganized my presentation to clarify the methodology and emphasize the results. But never once did I distort my work to make it appear falsely impressive. Neither did I let myself cease caring \u2013 I was determined to prove to myself that I could succeed at anything if only I put my mind to it.  It was at the concluding competition of the year that I at last won \u2013 first place in my category. Further work and refinement won me a Semifinalist position in the Siemens Competition. While competitions are to me a minor part of the research experience, they nonetheless showcase both the difficulty and worth of the perseverance that is necessary in all good researchers \u2013 and I have come to appreciate this quality all the more as a result of having surmounted my failures to reach success."}]}