{"schema":{"fields":[{"name":"index","type":"integer"},{"name":"personal_essay","type":"string"}],"primaryKey":["index"],"pandas_version":"0.20.0"},"data":[{"index":0,"personal_essay":"Day after day, my schedule was filled with clubs. What really made them an astounding experience were the officers leading them as they often displayed knowledgeability and dedication, traits I admire. The club I was most involved with was Sparrow Club, a club that 'adopts' an ill child in order to raise funds for their medical bills. The club itself was tiny compared to the other clubs; usually five or six members would come to weekly meetings. The co-presidents who ran Sparrow were both seniors and needed current members to take up leadership within the club. Seeing this as a leadership opportunity to help my community, I offered to become president.Upon receiving the position, I was shown the dark side of Sparrow: our Sparrow club was running illegally since we were not registered with the national organization, the co-presidents only cared about how Sparrow club looked on their resumes, and worst of all, Sparrow club didn't have enough members to continue as a club. In fact, the co-presidents had suggested to disband the club. It didn't take long for my vision of running a perfect club to come crashing down on me.Feeling helpless and disappointed with the situation, I realized I needed to use my new executive position to make changes. I appointed officers to help distribute the work, so the club would not depend solely on the president. I worked with the advisor to register Sparrow under the national organization, and through them, we adopted a new Sparrow who had rhabdomyosarcoma. The other officers and I promoted Sparrow to the student body, and we astoundingly got 150 new members. Despite how Sparrow's revival seemed hopeless, we ended up raising over $15,000 for our new Sparrow with various fundraisers planned not only by club members, but community members as well. Doing so made me proud that I could use my leadership skills to restore Sparrow and bring forth a sense of collaboration within the school and community.Day after day, my schedule was filled with clubs. What really made them an astounding experience were the officers leading them as they often displayed knowledgeability and dedication, traits I admire. The club I was most involved with was Sparrow Club, a club that 'adopts' an ill child in order to raise funds for their medical bills. The club itself was tiny compared to the other clubs; usually five or six members would come to weekly meetings. The co-presidents who ran Sparrow were both seniors and needed current members to take up leadership within the club. Seeing this as a leadership opportunity to help my community, I offered to become president.Upon receiving the position, I was shown the dark side of Sparrow: our Sparrow club was running illegally since we were not registered with the national organization, the co-presidents only cared about how Sparrow club looked on their resumes, and worst of all, Sparrow club didn't have enough members to continue as a club. In fact, the co-presidents had suggested to disband the club. It didn't take long for my vision of running a perfect club to come crashing down on me.Feeling helpless and disappointed with the situation, I realized I needed to use my new executive position to make changes. I appointed officers to help distribute the work, so the club would not depend solely on the president. I worked with the advisor to register Sparrow under the national organization, and through them, we adopted a new Sparrow who had rhabdomyosarcoma. The other officers and I promoted Sparrow to the student body, and we astoundingly got 150 new members. Despite how Sparrow's revival seemed hopeless, we ended up raising over $15,000 for our new Sparrow with various fundraisers planned not only by club members, but community members as well. Doing so made me proud that I could use my leadership skills to restore Sparrow and bring forth a sense of collaboration within the school and community.Day after day, my schedule was filled with clubs. What really made them an astounding experience were the officers leading them as they often displayed knowledgeability and dedication, traits I admire. The club I was most involved with was Sparrow Club, a club that 'adopts' an ill child in order to raise funds for their medical bills. The club itself was tiny compared to the other clubs; usually five or six members would come to weekly meetings. The co-presidents who ran Sparrow were both seniors and needed current members to take up leadership within the club. Seeing this as a leadership opportunity to help my community, I offered to become president.Upon receiving the position, I was shown the dark side of Sparrow: our Sparrow club was running illegally since we were not registered with the national organization, the co-presidents only cared about how Sparrow club looked on their resumes, and worst of all, Sparrow club didn't have enough members to continue as a club. In fact, the co-presidents had suggested to disband the club. It didn't take long for my vision of running a perfect club to come crashing down on me.Feeling helpless and disappointed with the situation, I realized I needed to use my new executive position to make changes. I appointed officers to help distribute the work, so the club would not depend solely on the president. I worked with the advisor to register Sparrow under the national organization, and through them, we adopted a new Sparrow who had rhabdomyosarcoma. The other officers and I promoted Sparrow to the student body, and we astoundingly got 150 new members. Despite how Sparrow's revival seemed hopeless, we ended up raising over $15,000 for our new Sparrow with various fundraisers planned not only by club members, but community members as well. Doing so made me proud that I could use my leadership skills to restore Sparrow and bring forth a sense of collaboration within the school and community.  I admit, I was a strange five year old. While most kids questioned why the sky is blue, I questioned if I really existed. One of my earliest memories is me asking my mother if I was really a person with thinking abilities or if I was just a doll in the toy box. That sort of abstract thinking had always captivated me. However, when I first encountered basic chemistry, something that was not abstract, I was still captivated by the answers it provided. Chemistry is the basis of everything, biotic or abiotic. Though it will never answer my rhetorical question, chemistry satisfyingly states that if I do exist, the reason for it is individual atoms combining to create this weirdo that is myself.  As I matured, I was captivated by another aspect of chemistry: experiments. My second grade teacher showed us crystallization of salt solutions. Intrigued, I went home, grabbed epsom salt from the bathroom and a cup from my toy kitchen set, and secretly mixed my own salt solution. The experiment went well until I spilt the solution onto my carpet. Frantically, I tried to clean up after myself, knowing that my mom would be beyond mad when she found out about my secret experiment. Sadly, my second grade cleaning skills were nonexistent. My mom walked into my room one morning to a crystallized carpet, earning me a scolding. These sneaky experiments happened repeatedly \u2014staining the tile floors green after trying to remove color from an autumn leaf, staining the carpet orange trying to mix a solution with medical iodine. Even with these home-destroying-experiments that drove my mother mad, she recognized my interest in chemistry and encouraged it.  I delved deeper into my love for chemistry in high school, where I started basic chemistry during freshman year. Since it is an advanced class, many people advised against taking it as a freshman. However, my love for chemistry strengthened and I earned an A. I persisted, taking IB Chemistry 1 & 2.  No matter how tedious the work sometimes, chemistry is still undoubtedly my favorite subject as it pushes me to evaluate, question, and test the world in which I live."},{"index":1,"personal_essay":""}]}