{"schema":{"fields":[{"name":"index","type":"integer"},{"name":"personal_essay","type":"string"}],"primaryKey":["index"],"pandas_version":"0.20.0"},"data":[{"index":0,"personal_essay":"] 65,700,000. That's how many results you get when you Google 'common app essay ideas.' Just kidding\u2014it's a measly 1,120,000\u2014but that is how many results the name 'Jessica Li' yields. 65,700,000 links and sources culled from various corners of the Internet, each Jessica with her own notch somewhere on the Web. Jessica Li, professor of UCLA Statistics, cardiologist in Orange County, staff writer at the Daily Princetonian, actress on IMDB, events coordinator for weddings\u2014each one lost in the shuffle of a Google search of one extremely popular name. In the U.S., 'Jessica' topped the baby girl names list of the 1990s; in China, there is an expression 'Some Zhang, some Li,' meaning these two last names represent 'anyone' or 'everyone.' For a girl desperately searching for her own identity, perhaps my name wasn't the best starting point.Who do you want to be? This is the question that plagues us from early childhood. We are expected even as first graders to have high aspirations, to have a ready-made, prepared answer to this question. I only knew that I wanted to be someone special, someone different. In an immigrant household that stressed practicality above all else, I dreamt of being plucked out of my suburban life and into my fantasy books that featured magical protagonists and daring heroes. I fantasized about jobs that didn't exist\u2014jobs and lives that I could create with my own hands and on my own terms.One day, my second grade teacher sat us all down for our daily reading of a picture book\u2014everyone's favorite time of the day\u2014and we listened, enraptured, as she made the story come alive, a world where animals could talk and the kid always wins. After she finished, I listened, wide-eyed, as she told us this was a career\u2014being a writer. Being a storyteller. People could sell stories for a living.This became my fixation. No matter how impractical or foolish it was, I had found my answer to that nagging question, and I loved it. I collected old notebooks and filled their pages with half-finished stories about heroines who were nothing like me\u2014brave girls with long blonde hair, beautiful and fearless. I lived vicariously through them and somehow, through my fictional worlds, found the courage to be the girl I wanted to be\u2014a girl who spoke her mind, a girl who raised her hand in class, a girl who climbed to the top of the jungle gym. Writing gave me the identity I so craved\u2014a creator of worlds, of meaning, of life.As I grew older, writing, though at first driven by my ever-constant hunger for identity and separation, became the vehicle through which I instead questioned stereotypes and limitations that drove that hunger. From my own experiences as the child of immigrants to the internalized racism that surrounds our past and present, writing became my outlet and voice. Hungrily, I searched for the minority voices outside of my English classes, devoured Junot D\u00edaz and Ocean Vuong, watched them defy generalizations. Fantasy stories with beautiful heroines were not enough; I wanted revolution. I wanted change. Continuing to write, about personal experiences, problems, feelings\u2014this was how I tried to enact change in my own world.The name 'Jessica Li' doesn't flow as well as Charlotte Bront\u00eb on a byline of a novel. My name is an indication of my commonness, my ethnicity, my boundaries\u2014but it is also who I am. It is my name that will stand proudly next to my fellow 65,699,999 Jessicas, changing the sea of those blue hyperlinks. A testament to my identity, one click away.  "},{"index":1,"personal_essay":"'Boo!'  All of Al Filreis's students, including poser students like Rebecca and me, jumped a little from our seats. We sat in the warmth of the Kelly Writers House on a chilly fall afternoon, our eyes glued on his professorly, yet avuncular, figure. We waited to see what he would say next. 'What does that mean? What does \\\u2018boo!' mean?' He looked back at us, equally as expectant. 'Why does the therapist say that to Art?' After reading Maus by Art Spiegelman in my favorite class\u2014AP Language and Composition\u2014in my junior year, I had thought I knew all there was to this seemingly simple graphic novel. The complicated relationship between Art and Vladik, the wedge that the Holocaust drove between father and son\u2014these were things we had already discussed in my 'college-level' course. I had come to this class thinking I would understand the discussion as an already-educated viewer. I had never been so wrong before. 'It's that physical, visceral moment of pure fear,' a student offered. He looked back at Al and saw the fire light in his eyes. 'Exactly! It's the essence of non-relation,' he said, pacing up and down the aisle as two rows of students looked back at him in amusement. 'That instantaneous moment of pure feeling, of being purely terrified. Auschwitz was a constant bubble of adrenaline, and if you can't understand that, you can't understand Vladik. Or these survivors. That one \\\u2018Boo!' is just a taste of a feeling they constantly faced.' Who could have realized the impact of a three-letter word? A scene we skipped over, never talked about, had thousands of implications, interpretations and connections. I looked at Rebecca, another student who had come just to visit the Kelly Writers House, and we shook our heads in astonishment. I sat there for an hour and a half, enraptured, trying to take in all I could from just one English class on the Holocaust and genocide. I watched them discuss and pick apart Spiegelman's work, slowly making connections to our own world.  'There is no such thing as a simple relationship, a simple family,' Al repeated like a mantra as the students packed up. 'Destroy the idea of simplicity.' As I reflect back on this class I sat on at Penn, I realized that this is what I want to do here. To find my purpose is to delve deeper into what it means to be a member of society and what it means to understand the complexities of other people, our visceral and universal feelings. English has always been my favorite class, undoubtedly\u2014spontaneous discussion on what it means to be human through literature has never failed to give me the chills and motivate me to write my own thoughts and stories. As people, it is our duty to destroy simplification\u2014because we are not simple beings in a simple world\u2014through our own methods. Writing, reading, listening, discussing\u2014these are mine. There is always more to discover. I discovered, in Al's class, that nothing should be left unturned. There are things I can only do at Penn. I can see myself at evening events at Kelly Writers House, reveling in a community of writers that nerd out about David Sedaris coming to speak or listen intently when ModPo's on. Studying the humanities and social sciences at the College, taking Al's class as a real student, digging further into what he means when he talks about the never-ending interconnections of human history and experience: all while (of course) walking down Locust Walk in the fall and having my breath taken away every day. The day I visited Penn and the Kelly Writers House I was infected with the invigorating, energetic spirit that surrounds this campus. The day I saw the changing leaves falling gently on the green was the day I decided I wanted to be here, changing along with them. The best part about living in northern New Jersey is that New York City is less than an hour away by car. When I first got my driving permit, I drove to the city with my dad in the passenger seat and my mom terrified in the back, her hands clenched in white fists. I have always felt a connection to New York City. In 1999, my father began working as a doctor for a hospital in the city, his broken English a challenge and his own insecurities rampant. Now, he happily shows us Greenwich Village like a tour guide, immersing our family in the city with random trivia and weekend trips. Ten years later, my sister toured colleges all across the East Coast. There was only one school that stirred something in her heart and mine: New York University.There is something special about NYU. Stepping foot onto Washington Square Park, seeing the purple flags waving hello\u2014there is a sense of inclusion and community in this school, a small haven in a fast-paced, growing city. Being an undecided major in the College of Arts and Sciences means endless opportunities for learning, whether it be abroad at NYU's incredible global programs or right home in New York: walking through the arch, notes in hand, immersing myself in the city everyday as part of my unofficial lesson plan. At NYU, I can pursue my creativity in the most dynamic city in the world, taking creative writing classes in the heart of Greenwich Village with one of the most renowned faculty in the world. I could transition from being the Editor of my high school literary magazine to contributing and editing the West 10th, the esteemed NYU literary magazine. I would step inside the Lillian Vernon Creative Writers House for a reading or two and meet the writers and poets I hope to emulate one day. At NYU, I can find my home: a diverse community of writers, creators, and dreamers who share the same ambition to write, learn, and discover.I believe NYU can give me the courage to take on the world, no matter what or where I choose to go. I believe I have the creativity and passion to give back to this city, community and the world."}]}