{"schema":{"fields":[{"name":"index","type":"integer"},{"name":"personal_essay","type":"string"}],"primaryKey":["index"],"pandas_version":"0.20.0"},"data":[{"index":0,"personal_essay":"] Approaching the colossus with hesitant steps, I peered under its lid, suspiciously examining the bronze coils beneath as if they would detach themselves from the golden crown and lash out at me. Reassured that I could proceed in relative safety, I shuffled over the stained floorboards, evading the giant's legs and seamy underbelly. Sitting down on a raised bench, my hands fell randomly over its chilled ivory teeth, the warmth of my finger tips dragged out with each passing breath. In a fit of panic, I drove my hands down, hard and fast, causing a flurry of hammers to strike those bronze coils. A discordant chord reverberated across the room. Glancing down, I thought to myself: What have I done? Then I pushed down again.Growing up, I never intended to teach myself the piano. I was always stuck in the required music classes: Understanding Music through Listening, Musical Appreciation, Why Do I Have to Sit Through This Class, etc. Something like playing an instrument, a skill requiring so much practice and human effort for an often imperfect result, never appealed to me. Forget it, I told myself. It's a waste of time. To the horror of my friends, recently enamored with the Beatles, I even had the audacity to bravely denounce the efficacy of instruments; any sound they can make a computer program can produce better. I was met with gasps. Yet when I took a chance by sitting down on that piano bench, by pulling up YouTube on my iPad and slowly but surely committing Coldplay's 'Paradise' to memory, I acted out of, but definitely into, a new character. Abandoning the conventionality of reading sheet music, I opted to memorize or even, dare I say it, improvise new music. With my fingers dancing over the keys, what started off as a whimsical pursuit evolved into a world of new possibilities. Quasi-satiated with the piano, I tried my hand at guitar, and then the drums. Counterintuitively,  moving from 88 keys to six strings to two sticks fashioned from hickory wood was harder than one would anticipate. But the correlation among the three was clear, almost mathematical in nature. Then my curiosity escaped from a strictly musical realm. If math lay at the heart of my venture into music, why not learn the basics of CSS and HTML programming through Code Academy, another online resource? Maybe not 88 keys this time, but 26 letters nonetheless. Searching for a way to sweep French into this new wave of curiosity, I stumbled onto Duolingo, a language-learning application that greets the user with the smiling face of a green owl. After completing AP French, I was about to delete the program when the option to learn German flashed on the screen. Use Duolingo to learn some basic German? Sounds Spa\u00df to me.I've always known that somewhere inside of me lay an inherently ravenous curiosity, a certain love of learning. The piano, in a way, was a catalyst for this curiosity. Yet now, I have begun to see that pushing down on that piano was more than just an attempt to fulfill that desire, that forgoing sheet music was more than just an attempt at originality. They were acts of communication. It was me, a slightly high-strung, results-driven, stay-in-the-box type freshman, recognizing that despite all the work I was putting into school, I still lacked a basic fluency in the languages of the world. It was me attempting to change that. And in this change, I wasn't going to restrict myself to one way of communication, to one instrument, to one language, to one sheet of music. As my beloved French teacher  once advised me, 'You seem like a perfectionist. Life is more fun when you're not.' I agree. Sometimes, it's better to throw out the sheet music. "},{"index":1,"personal_essay":"'What is one major global threat that you see and how would you work to combat it?'In this age of global terrorism, economic uncertainty, and rising military tensions, conditions have forced international leaders to adopt narrow purviews and conservative measures in an attempt to position their individual societies for longterm success. To their credit, few would argue that these leaders are mistaken in spending so much political capita on these issues, as these concerns are potentially fatal to either their citizens or the growth of their countries. Yet all too often, it can appear that these subjects take overwhelming precedence in the agendas and efforts of the world's leading nations. In other words, the overall attention span of the international community is disproportionately focused towards security and the economy, while other issues are left on the sidelines. No current global issue has suffered from this effect as much as the highly contentious topic of climate change.Global warming and climate change are so important partly because of the very fact that they have been marginalized by the international community. Such global issues, initially benign, when left untended will eventually grow thorns. Yet the more pressing need to address global warming is the irreversible nature of the issue. To appeal to pathos, the statement that there is only one planet Earth often hits home. This is perhaps the most credible argument in support of working towards climate stabilization; if nothing is done soon, future efforts will be essentially meaningless and trivial - the so-called exponential effect. For many of the world's leaders and even the average member of the general population, dealing with climate change is one of the toughest pills to swallow. Regardless of the statistics and implications offered by scientists around the world, a change of a fraction of a degree in the world's ambient temperature is highly intangible in comparison to the immediate effects of job layoffs or drone strikes. It is simply against our human nature to be too concerned with anything but the immediate future. While educators have long told students to be environmentally friendly through garden composts or recycling, climate change is inherently a global issue that must be dealt with on a global scale. With the United States' failure to ratify the Kyoto Protocol, it is time for the country to step up and do its part in the fight against global warming and climate change. While the Kyoto Protocol may have been fiscally irresponsible for the United States to sign anyways, the lack of effort to combat this issue displays a seeming lack of interest in the issue. However, recent overtures and upcoming conferences provide some of the most concrete and hopeful examples of collaboration on this issue in recent memory. The bilateral agreement to reduce carbon dioxide emissions reached between President Obama and Chinese President Xi Jinping, if seen through, is quite historic; the United States and China, in addition to the European Union, account for over half of carbon emissions in the world.The real challenge lies in the ability of these world leaders to not only persuade their own citizens and businesses to see the agreement through, but also to bring the other half of the carbon dioxide producing world on board. This is a non-negotiable component of a solution to global warming. The upcoming United Nations Climate Change Conference in Paris is a unique opportunity for the United States, Europe, and China to display solidarity in regards to this issue and to finally craft a legally binding, wide-reaching agreement that ensures the climate viability of our planet for years to come. "}]}