{"schema":{"fields":[{"name":"index","type":"integer"},{"name":"personal_essay","type":"string"}],"primaryKey":["index"],"pandas_version":"0.20.0"},"data":[{"index":0,"personal_essay":"Alexandra's Guide to the Galaxy defines socks as tubular pieces of cloth, sold in sets of two, commonly made of cellulose and water. Their main purpose is to absorb sweat, but my sock drawer holds specimens that rise above the typical calling. On a calm day, they remind me of interesting, even questionable, life decisions, and one particular pair even acts as my antidote to existential crises. With 'Don't Panic' stitched in bright red letters on the soles (a questionable location for potentially life-saving advice), I could have used my tall blue socks in 2006 as I watched my pet turtle, Commodore Fuzzy-Head, perish in a polluted Taipei river. His sacrifice sparked a fascination with environmental law that ultimately led me to my first debate meet as the sole freshman on team of senior boys. Though I was only supposed to observe, an outbreak of strep throat thrust me into the role of last-minute replacement. My coach handed me a sloppily-compiled speech, smeared with whiteout. My team's dejected faces, and my opponents' grins of premature victory, said what I already knew: I wasn't the best fit for the topic, 'the sword is stronger than the pen.' I felt my 'Don't Panic' socks sponging up the product of my nerves. Picturing those red letters, I realized the pre-written speech represented the pen, restraints we place on ourselves, our biases and doubts. In that moment, I knew I was the sword. I began with a heartfelt monologue, tying politics of the pen to the League of Nations, which failed to prevent World War Two. The confidence I found on that stage was the first in a long series of awkward endeavors that culminating in my fearlessness today.I used to believe I was a vampire. Missing lateral incisors, beyond-pale skin, and extreme pollen allergy don't paint the picture of a typical national parks hiking guide, but at some point all good explorers of the universe must reach beyond their own galaxies. Upon encountering a banana slug in Muir Woods, I decided it was my time. During week one as a volunteer guide, the faces of innocent bystanders attempting to follow my directions quickly revealed a gap in my abilities. Nuanced descriptions like 'the loopy thing' or 'the bendy red line' weren't cutting it. I bonded with fellow-volunteer Roger, an 89-year-old former EMT and jewelry designer, and sheepishly asked him for tips on improving my map skills. Using his life stories, from backpacking in the Sahara to combat in Vietnam, Roger made cartography seem like an adventure. I eventually got the hang of speaking in maps and fell in love with this clear and elegant method of communication. A pair of heavily-washed socks, adorned with trees that resemble prehistoric amoeba, mark my journey from map illiteracy to enthusiastic navigator.At 15, I experienced death, marriage, and my first kiss while wearing truly hideous sweat absorbers in front of a few hundred people. I auditioned for my first play after a teacher doubted that I could temporarily trade my nerdier interests for acting. I gave it my all, avoiding any discussion of Yemen or endosymbiotic theory. As one of four leads in Much Ado About Nothing, I learned my lines and mastered dance patterns that slightly resembled Feynman diagrams of subatomic particles. Making my Michelin-Man-dress look stylish by comparison, my socks combined a horrible frill, the itchiest material ever conceived, in the form of a leg warmer-sock hybrid. Nevertheless, I treasure my time as a hitchhiker in the land of drama, and my souvenir socks. Maybe I'll overcome my irrational fear of white dresses and return to my short-lived drama career. Regardless, I always want to push the limits of the universe that defines me. When I look inside my sock drawer, I see the results of exploring, of facing my most terrifying challenges; I see the beginning of who I want to be."},{"index":1,"personal_essay":"e at home in all lands and all ages; When I first stepped onboard Hong Kong's Mass Transit Railway at the age of eight, the doors made a terrifying beep and I was surrounded by the smell of stinky tofu - not the most welcoming environment. However, I gradually started to see the train as a means of exploration rather than a mechanical monster. I created my own methods of enjoying each trip, from sneakily peeking over people's shoulders to read The New York Times or train car surfing in my socks across the slick metal floor. I began to shift my preconceived notions about transit. The bus and subway weren't merely contorted piles of sheet metal - they were rocketships propelling me to new worlds. Transit slowly became my preferred habitat, bridging moves to Hawaii, Hong Kong, Louisiana, Switzerland, and California. Now that I am in Missoula, Montana, I'm working with the city to create an optimization model for the local transit system so that it is more accessible for all. The train was my means to escape into the mountains in Switzerland and BART was a path to explore the diverse ecosystems of San Francisco that my mother would never dare take me by car. I embraced transit because I feel truly at home when exploring, and an education at Bowdoin will prepare me to explore all lands and all ages. Optional: The Offer represents Bowdoin's values. Please reflect on the line you selected and how it has meaning to you. (limit 250 words)<br \/><br \/>To be at home in all lands and all ages;I am a lover of social sciences, an avid consumer of Ken Burns' documentaries, an environmental sciences nerd, and a self-proclaimed expert on the evolution of waffles. My passions are eclectic and, in my experience, the world itself is interdisciplinary; I have always struggled to narrow my intellectual path or academic identity to one field. Claremont McKenna, through its Environment, Economics, and Politics program, will allow me to explore and discover the connections between my passions. What will I become at Claremont McKenna: an environmentalist punk rock drummer or a political rock climber who dabbles in the theater? Beyond a collection of incredible academic opportunities like the Deep-Sea Coral Dating Project at the Roberts Environmental Center, Claremont McKenna is a family of people from varying backgrounds, all interested in learning about the intricacies of the world we inhabit. Claremont McKenna is a place where Bronte and Bohr are discussed over breakfast, Lichtenstein and labor disputes argued during lunch, and a game of Dungeons and Dragons played at dinner. At Claremont McKenna, I will empower others through the Advocates for Sexual Assault Survivors, embrace my love for the environment with the Ocean Preservation Club, and still have time to explore the rock walls of Southern California with the Climbing Club. I know Claremont McKenna could be home: a sanctuary that will allow me to exit my comfort zone as an environmentalist, scientist, film-maker, and explorer. But all explorers need a home base and I know that Claremont McKenna is mine. College is a transformative experience; an exciting time for you to discover yourself. During your four years of college, you will have opportunities that will allow you to learn, adapt, and develop into a young adult ready to take on the real world. Today, you believe Claremont McKenna College is a good match for you based on your aspirations and based on your knowledge of our institution. How can Claremont McKenna College both challenge and complement the person you aspire to become during your undergraduate career?This summer, I went on an unofficial tour of NYU with my friend Rutger. Though Rutger is an aerospace engineer with no filmmaking experience, he used cross-registration between the Tandon School of Engineering and the Tisch School of Arts to explore his passions and made a short film about extreme sports. A month later I decided to do the same, trudging through the mud, camera in hand filming a documentary on Missoula's unique wastewater treatment center. Rather than a traditional water treatment plants that relies on toxic chemicals for processing the water, this facility uses a sustainable method called phytoremediation. Water, with high levels of phosphorus and nitrogen, that would normally be dumped in streams, is instead diverted to feed a poplar grove The poplars in effect 'cleanse' the wastewater and simultaneously provide spare lumber to be used for city projects, like reflooring the local middle school. After interviewing dozens of people, I came to realize that Missoula's process was revolutionary. Immediately, I thought of my first pet, Commodore Fuzzy-Head. When I was six, my dad and I released my turtle into a stream in Taipei. He died from taking in contaminated water a few minutes later. If the Taiwanese government had adopted phytoremediation, would Commodore Fuzzy-Head have lived to eat another piece of cabbage? While urban planning has always fascinated me and I'm passionate about protecting our environment, this connection between two memorable experiences inspired me to see the world and how I inhabit it in a new light. I deeply believe that people, if informed and inspired, will try to make a lasting difference. I have always struggled to narrow my intellectual path or academic identity to one field. NYU's College of Arts and Sciences, through the Environmental and Urban Design programs, will allow me to explore the connections between my passions and give me the tools to leave a lasting impact, not only upon NYU but on the world as a whole.Beyond a collection of incredible academic opportunities, like the Center for Environmental and Animal Protection or the Wallerstein Collaborative for Urban Environmental Education, NYU is a family of people from varying backgrounds, all interested in learning about the intricacies of the world we inhabit. NYU will support me as an aspiring environmentalist, scientist, film-maker, and adventurer, while still providing sanctuary. But all adventurers need a home base and I know that NYU is mine. We would like to know more about your interest in NYU. We are particularly interested in knowing what motivated you to apply to NYU and more specifically, why you have applied or expressed interest in a particular campus, school, college, program, and\/or area of study? If you have applied to more than one, please tell us why you are interested in each of the campuses, schools, colleges, or programs to which you have applied. You may be focused or undecided, or simply open to the options within NYU's global network; regardless, we want to understand - Why NYU? I have always been a history aficionado, an avid consumer of Ken Burns' documentaries, and a self-appointed expert on the evolution of waffles. I never thought I would become a 'science geek'. However, a yellow snorkel sitting on my bedroom shelf proves otherwise. My snorkel has never seen the ocean. This memento was a gift from my mom after I finished my first non-fiction book, Eugenie Clark's \u200bLady and the Sharks\u200b. I had just started third grade in Hong Kong. I devoured the book like a fresh waffle and longed for more - I wanted to explore the water for myself. Though we lived near the beach, I was banned from swimming in the ocean because of the toxic industrial sludge and petroleum waste that was dumped in the South China Sea daily. I couldn't dive into the ocean, but I could dive into marine literature. I finished the book and moved onto reading marine encyclopediae and visiting the nearby ocean-themed park for my marine biology fix, but the power of Eugenie's story stayed with me. She went on research adventures and I explored tropical frogs. She was the first female research scientist to work on Cousteau's iconic ship, \u200bCalypso\u200b, and I thrived in the male-dominated world of competitive robotics. Dr. Clark helped create the first IMAX film and I recorded mini-documentaries in my bathroom sink with a plastic octopus and an underwater camera. Throughout my childhood, she was my compatriot in reaching beyond the expectations placed upon our gender. I have come a long way since reading my first Eugenie Clark book. Wellesley students are an ocean of Eugenies on their journies to becoming Dr. Clarks. From creating my own UROP in marine biology to taking the Senate Bus to the New England Aquarium, Wellesley is where I can begin my transformation from Alexandra to Dr. Lin, with the support of so many other inspirational women.I have been destined to ride the Senate Bus since age 8. When my family moved to Hong Kong, my mom informed me that I would be taking the MTR to my elementary school. 'What's that?', I asked. Was it a slime monster, a type of flesh-eating bacteria, or just an ominous-sounding acronym? Disappointingly, the MTR is just the boringly-named Mass Transit Railway of Hong Kong. When I first stepped on-board the doors made a terrifying beep and I was surrounded by the smell of stinky tofu - not the most welcoming environment. However, I gradually started to see the train as a means of exploration rather than a mechanical monster. I created my own methods of enjoying each trip, from sneakily peeking over people's shoulders to read \u200bThe New York Times,\u200b to train car surfing in my socks across the slick metal floor. I began to shift my preconceived notions about transit. The bus and subway cars were not merely piles of sheet metal filled with people commuting in Hong Kong - they were rocketships propelling me to new worlds. Transit slowly became my preferred habitat, bridging moves to Hawaii, Hong Kong, Louisiana, Europe, and California. Now that I am in Missoula, Montana, I am working with the county to create an optimization model for the local transit system so that it is more accessible. In the past, the train was my means to escape into the mountains in Switzerland and BART was a path to explore the diverse ecosystems of San Francisco where my mother would never dare take me by car. At Wellesley, I will fully embrace the Senate Bus and use it to venture to the giant glass dome of the Mapparium and to explore the Isabella Stewart Gardner Museum while guessing the backstories behind each work of art. The Senate Bus, like Wellesley, is my gateway for exploration. The Wellesley 100<br \/><br \/>#65 Women who will make you want to be a scientist & #62 The Senate Bus<br \/><br \/>"}]}