{"schema":{"fields":[{"name":"index","type":"integer"},{"name":"personal_essay","type":"string"}],"primaryKey":["index"],"pandas_version":"0.20.0"},"data":[{"index":0,"personal_essay":"] I worked for five years to make a moment come true. And then, I couldn't.It was my third International Mathematical Olympiad. From my first day in math camps, I dreamt of bringing at least a silver medal to Bangladesh. For that end, I solved all types of problems I encountered, not only geometry, which was a trend in our training camps and advised even by our trainers. I practiced combinatorics and number theory by myself. As per my plan, I had a bronze in my second Olympiad, as the youngest Bangladeshi.And then, in my third IMO, I missed two easy points in a problem. I still scored highest in my team, but for those points, I missed what I yearned for so long.I was morose, but I couldn't afford to lose focus. I had only one year left, and as Bangladeshi students had to face largest public examination HSC about a month before IMO, rarely anyone could improve their score even a little in last year without ruining their HSC result.I kept both in mind - and I synchronized the practice time. Whatever free time I had from one, I practiced another. I challenged myself with increasingly harder problems, then spent nights solving them. I collaborated with teammates and friends abroad through online forums, and even taught classes in the camp to corroborate my knowledge.My last IMO came, and despite losing two points again, I scored better. When I went to the stage to receive my silver medal, I knew everything was alright. "},{"index":1,"personal_essay":""}]}