{"schema":{"fields":[{"name":"index","type":"integer"},{"name":"personal_essay","type":"string"}],"primaryKey":["index"],"pandas_version":"0.20.0"},"data":[{"index":0,"personal_essay":""},{"index":1,"personal_essay":"In the world of economics, demand and supply correlate to one another. For any industry to be successful, there needs to be demand for their products and services. Intent on opening a small-scale business, I started considering the feasibility of the ideas which came to my mind.One day, being fond of midnight snacks, I called Macdonalds for a late-night delivery. It came to my surprise that Macdonalds, a huge international fast food chain, doesnt deliver past 12am. Even though demand after midnight for Macdonald's delivery soared, the supply was absent. I was quick to realize the potential of introducing a small scale delivery chain for midnight deliveries. My initial plan was simple, hire a delivery guy and promote my business idea....."}]}