{"schema":{"fields":[{"name":"index","type":"integer"},{"name":"personal_essay","type":"string"}],"primaryKey":["index"],"pandas_version":"0.20.0"},"data":[{"index":0,"personal_essay":"] An Ongoing ConversationThe moments that define us aren't magnificent, once in a lifetime occurrences. They happen everyday, right under our noses; we just usually don't notice. My defining moment occurs at 7pm every night, when my dad calls out, 'Boys!' That's our cue. My brother and I rush down the stairs to set the table. Once the table's set, my family and I convene to eat dinner together. But dinner is far more than just a time to consume a meal. It's a time to talk, a time to catch up. Even after the food is gone, we often find ourselves conversing. Those intimate daily conversations have molded me into the person I am today. The conversations have facilitated my intellectual growth. At school and through my own reading, I often discover topics that interest me. At dinner, I'm encouraged to share those interests, explore them further and cultivate my passions. Whether I'm bombarding my parents with medical questions, or sharing fascinating facts from my own interests within the worlds of economics, science and mathematics, our conversations enhance my thirst for knowledge. As a result, I've developed an inquisitive nature that has allowed me to approach anything, eager to learn and discover more.The conversations have also instilled in me the importance of reflection. Dinner invariably starts with the same question., 'So how was your day?' As mundane as the question may seem, I look forward to it everyday. With it, I get to be introspective, contemplate my experiences and learn from them. When something good happens, I get to rejoice and share my success because I know that my family will rejoice with me. When something bad happens, I have the opportunity to discuss what went wrong and why, knowing that I'll be offered unwavering support. I've tried to apply this introspection to all aspects of my life. Whenever I face a challenge, I pause, ponder the situation and think about what to do next.   Through our conversations, I've also learned the importance of communication and collaboration in decision-making. Whenever a decision needs to be made, we discuss it with each other. One night, my mum mentioned that she wanted to apply for a job in New York, but she wanted our feedback first. We discussed it, weighed the pros and cons, and together came to the conclusion that she should apply. That night I learned that communication is the key to ensuring that all members of a group are happy. Now, whenever a decision needs to be made in my life, whether it be how to phrase a question in a direct examination for Mock Trial, what stock to choose in Financial Markets Club, or even what college I should apply to, I know to consider all stakeholders' opinions, needs and interests.Lastly, the conversations have taught me to enjoy the simple pleasures of life. When we just need a break from the day-to-day stresses, the conversation becomes more light-hearted. Occasionally, I'll put on some music to enhance the ambiance and instead of discussing serious topics we joke around, laughing with cathartic melodies playing in the background. In that moment, I can take a step back and enjoy the gaieties of life and the comfort of home.  The jocular, relaxed conversations have shown me the importance of stress management. I'm extremely grateful for the conversations I've had with my family at dinner. They have guided, inspired and molded me eternally. Of course, one day, not so long from now, the 7pm family dinners are going to be a thing of the past; our conversations reduced to nostalgic memories. But even so, I hope that at college I'll be able to continue the tradition of having a conversation over dinner, so that I, and my future college peers, can benefit and grow from it. "},{"index":1,"personal_essay":"This essay is the required Penn supplemental essay."}]}