{"schema":{"fields":[{"name":"index","type":"integer"},{"name":"personal_essay","type":"string"}],"primaryKey":["index"],"pandas_version":"0.20.0"},"data":[{"index":0,"personal_essay":"] I think about the converging waves of the notes I play, the standing waves being created by plucking a string, and the physics behind the air pockets being forged that eventually find a listening ear whenever I sit down to play my bass. Thus, my passions of math and music synergistically become more together than they could ever be apart. I started thinking about this when a former math teacher of mine approached me one afternoon and asked me if I was interested in giving the induction speech at the Mu Alpha Theta induction ceremony. Being a member of the honor society and recounting the memorable induction speech given the year prior at my own induction, I wholeheartedly agreed. I decided on the topic of music and math because I play upright bass in the orchestra and electric bass in the jazz ensemble and being a math enthusiast, it is impossible for me not to see the mathematics and physics present in music.At music's core, math is present in the tempo and rhythm of a piece, with the time signature being represented as a fraction and the tempo being represented by a numerical value in beats per minute. The relationship between the two gets even more intriguing when applied to actual notes being played. The best sounding music is that which uses flawless mathematics. It is common knowledge that each note has a letter name\u2014A through G\u2014but also has a number value, measured in hertz. An A4 for instance is 440 hertz. In Beethoven's 'Moonlight Sonata,' there exist triads in triplet form. These triads are made up of D, F#, and A. Since sound is a vibrational energy, notes can be graphed as sine functions. When the triad notes are graphed, they intersect at their starting point and at the point 0.042. At this point the D has gone through two full cycles, the F# two and a half, and the A three. This results in consonance, something that sounds naturally pleasant to the ear. Thinking about this opened my eyes to all the aspects of my life with which I utilize math to enhance. There is also an incredible amount of unseen math present in football. At 5 foot 10 inches and 160 pounds with pads on, I fall short of the average player at my position who is usually at least 6 feet tall and well over 200 pounds, so applying math to football is intellectually stimulating, but is more importantly a survival mechanism. When I have to go up against an opponent who is over twice my size and looks like he eats freshmen for lunch, brute force is not on my side and it helps having equations for momentum and attack angle running through my head. Math not only helps me survive, but also thrive. As an opponent running back is darting down the sideline with seemingly cheetah-like speed, I can trust that my angles and velocity will allow me to make the play and possibly save a game-changing touchdown. Or when a ball is sailing through the air caught in the stadium lights, I can picture a projectile motion problem with constant acceleration downward and a near constant velocity in the x-direction, and know that I have a leg up on the player next to me who does not think about it the way I do. When I look at aspects of my life in a math context, they make more sense and make things that I love even better and more enjoyable. "},{"index":1,"personal_essay":"An intellectual experience (course, project, book, discussion, paper, poetry, or research topic in engineering, mathematics, science or other models of inquiry) that has meant the most to you.If kids grew up knowing if something could be fixed rather than be thrown away, the epidemic of chronic disposal we face today would be greatly diminished. I began thinking about this while I was sitting in the computer lab of Stinson-Remick Hall at the University of Notre Dame at four in the morning utterly lost. The robotics competition that was part of an engineering summer program I was doing was coming to a close in a few hours and the robot my team and I had built was not working. The parameters of the competition were only that the robot had to be made with their materials and interact with its surrounding environment. We decided on building a robot that drove along an assigned path and simultaneously read binary code. It worked great initially, it was driving straight and reading the code perfectly, but the day before the presentation of the robot, it started to repeatedly drive of course and thus the code scanner could not read the code. I spent all day trying to correct this. I tried everything. I changed tires, stared at code, inspected every inch of the robot, but there I was, still stumped. The robot had hundreds of pieces, multiple sensors, and dozens of moving parts as well as hundreds of lines of code in its CPU. Any one or combination of those could have been the problem. This culminated in me sitting in that computer lab at four. The most intriguing thing to me was not that I was up so late working on the robot, but that I was alone in doing so. There were other groups whose robots were not completely working yet they had given up and accepted defeat. Even the rest of my group had left to sleep thinking that our robot would not get fixed in time. This is a testament to today's throwaway culture: the idea that if something is broken, it cannot be fixed. This phenomenon is becoming more and more popular to our society's detriment. There are hundreds of millions of tons of trash being sent to land fills each year in this country, and this is growing every year. People throw things away that could just be fixed and continued to be used. This is becoming the norm in our society and thus is being ingrained into children at a young age. This is why I believe engineering should be offered at a younger age in order to teach kids not only how to build things and think outside the box, but also how to fix things.Please briefly elaborate on one of your extracurricular activities or work experiences.Can you imagine planning TED Talks with speakers of your choice on topics consisting of pressing issues and groundbreaking scientific research? This is what I do in the Cum Laude Society, just on a smaller scale. The members consist of the top ten students of the senior class, selected by the faculty. We plan and sponsor a number of events over the year, one of which includes a speaker series. While discussing potential keynotes, I cast my votes for the two topics that inspired me most, desalination and Mars colonization. Beyond selecting speakers, the most engaging aspect of this society is the intellectual discourse that stems from the deliberation process. The members of the society are all extremely bright yet all have varied interests, creating a dynamic and diverse group in which to have intellectual conversations about a variety of topics."}]}