{"schema":{"fields":[{"name":"index","type":"integer"},{"name":"personal_essay","type":"string"}],"primaryKey":["index"],"pandas_version":"0.20.0"},"data":[{"index":0,"personal_essay":"On Nov. 11th, Singles' Day in China, I was crouching in the bedroom corner without a companion, other than adim lamp. As a modern lady, I should be independent, mentally muscular, and physically adaptable. Yet, beingsingle was still undesirable, and I could not resist the painful impulse to fill my mouth with sweet chocolatecookies, as if calories were the only source of comfort. So I visited Taobao, China's largest online shoppingplatform remembering to distribute generous discounts for singles on the day. My cookies were on sale, but stillpriced high. I sighed. But just before I gave up on the high-calorie rescue, I noticed a line under the price tag,saying, 'Taobao allows gradual payment without interest for thirty days.' How loving it was! I therefore finishedordering the items with the online loan and had a sweet cookie dream.Growing up with Internet finance, I cannot help relying on Internet finance services and pursuing the fascinatingbusiness theories and products. However, according to my subsequent research project on mobile healthcareapplications with a university professor, theories and products were insufficient for a business to thrive, whileknowing and meeting customers' needs were crucial.I was amazed by the fierce market competitions in the healthcare apps industry, because thousands of apps allperformed similar functions: tracking patients' data, advising on diet and exercise, and enhancing patient-doctorcommunication. The professor in my course posed this inspiring question: 'If you are a CEO, what can you do tomake your apps stand out?' To find out the answer, I consulted books, discussed in the Beijing EntrepreneurshipSaloon, and I even stood in front of a mirror, visualizing myself as a buyer. I would buy a healthcare app for mygrandma, who was constantly bothered by diabetes. Since she had little experiences with a smart phone, appdevelopers should not expect her to understand intricate page designs or to follow complex instructions. Thereports generated also needed to be as explicit as possible.Definitely business people put their heart into advancing technologies, designing chic products, and studying thebalance between costs and profits, but are they being careful enough on positioning customer's requirements? Inthis case specifically, I, as a customer, define successful products by downloading apps, and spreading eithercompliments or complaints online.Luckily, I had the opportunity to comprehend customers and markets in a real setting by interning with a BeijingInternet finance company.'Would you like to learn about our financial products with up to nine-percent annual revenue?' In the workplace, Irepeated this sentence to potential customers. Meanwhile, I diligently handed people flyers and advertised ourtrustworthy lending-borrowing cycle to those who were willing to stop by the counter. Retired couples wanted theirsavings and pensions to gain value; nine-to-five employees hitchhiked in the developing trend of Internet finance,avoiding the risk in stock and real estate markets; aspirant entrepreneurs needed start-up funds to realize theirdreams of becoming 'the next Steve Jobs'. Gradually, when I invited people to sit at the table, I involuntarily putflyers aside because I was prepared to hear them talk. What they were experiencing and needing were importantto me, from not only the aspect of making deals, but also the spirit of 'customers first.'The destination of products is the market. The destination of the market is people. The destination of people isunderstanding. Business is not a scientific experiment; it cannot be figured out by calculations based on theoriesand formulas, and it cannot be fully appreciated by attaching instruments to consumers' minds. For me, businessis an art, where I rely on empathy throughout the process: from creating the product to putting the products inconsumer's hands. Business is quite a performing art, and only by trying out the steps myself can I learn thewisdom of it."},{"index":1,"personal_essay":"CMU along with the Tepper School of Business will be the keys for me to strengthen personal specialty on Internet finance and to achieve social responsibility as a prospective leader. Specifically, it is a fortunate encounter that makes me treasure Tepper's education on business and leadership, as well as its signature activities matching both my academic pursuit and career goal.    Wearing long black boots, a long black coat, and carrying a bit of thrill, I landed at JFK Airport, NYC, already feeling like one of the business elites. Maybe I peeked too much in the passageway, I recognized a man in business attire, who must be Ning Tang, the CEO of CreditEase, world's largest P2P (peer to peer online lending) platform. 'Excuse me,' I stepped forward, almost bluntly asking him, 'Are you Mr. Tang coming to LendIt?' He turned to me and nodded with a smile.'Yes, and you are\u2026?' 'Siwei, a high school student coming to LendIt', I replied.   It was an honor to talk with the big wheel of Internet finance industry. Not to mention Mr. Tang and I discussed extensive topics on our way to the conference: everything from educations in China and in US, to the latest Korean pop stars; from our impressions on NYC, to the foresights in P2P industry.   I believe leadership can be presented in many ways. This particular leader I happened to come across is very easy-going, while he must possess sharp ideas and a firm mind in order to lead the enterprise and the industry successfully.Later, outside the car window, Broadway lights were coloring the city, where I first started to nourish my aspiration. I pined to continue shaping my mindset and ability into those of global business leaders and my role models, such as Tang, through the education in Tepper School of Business.As an adventure-lover, I cannot wait to merge myself into boundless knowledge and into Pittsburgh featuring uncountable opportunities and inspirations. What drive my determination to put Tepper on my top priority destination are the various inspiring activities provided by the concentration of Leadership & Organizational Effectiveness. I especially treasure the activity, Wednesday Night Insights. After talking with Mr. Tang, I am sure that meeting entrepreneurs and experts in person will greatly open my eyes to elites' perspectives and charisma. Standing on the shoulders of giants, I will get the opportunity to learn how outstanding individuals walk elegantly, talk calmly, and cling on their faiths of social responsibility resolutely. Therefore, countless times when I imagine sitting in a Tepper's classroom, my heart is filled with longing and enthusiasm.What's more, I was so surprised and honored to find out that my career goal: to be in the group of future leaders who will transform business and society; accords with the idea of the Tepper School that I aim to join. With my expectation for the Internet finance industry, I consider the enrollment in Tepper crucial for launching my insights into P2P and creating values for the industry. I plan to take part in such signature start-ups' competition as Tepper Venture Challenge, because the intensity and excitement in the competition will effectually push myself to think creatively, carry pressure and work with a team. My past experiences have taught me that I may effectively carry out either the role of leader or supporter in a way that resonate with the event. To me, the ultimate victory in competition is derived from the inner satisfaction of knowing that I have done my best. I am looking forward to cooperating with the talents in CMU and learning from our competitors in Tepper Venture Challenge. CMU is founded by the businessman Andrew Carnegie, whose decisiveness, precision and diligence underlie the spirit of the university. Taking business as my academic background for the lifelong career, and keeping in mind what a world's business leader needs to be like, I feel ready for the opportunity of attending Tepper School of Business, CMU."}]}