{"schema":{"fields":[{"name":"index","type":"integer"},{"name":"personal_essay","type":"string"}],"primaryKey":["index"],"pandas_version":"0.20.0"},"data":[{"index":0,"personal_essay":"] Badum\u2026badum\u2026badum\u2026 The bass of a 2008 pop song reverberated against my erratic heartbeat as my sweaty fingertips dragged the mouse across my computer screen. I glanced nervously around the school lunchroom that, despite the noble efforts of the PTO committee, still reeked of steak nuggets and suspicious grape juice. The students of Hutto Middle School quickly claimed the booths along the wall, too embarrassed to be the first to conquer the dance floor. This was my first school dance. Ever. As if that weren't enough to get my eleven year-old blood pumping, I was given the responsibility of controlling the music for the event. Despite my inexperience and unhealthy anxiety, I survived two grueling hours without ruining the occasion for all of my peers.When February came around, I was asked to DJ the Valentine's Day dance. This time, however, the school made me an offer I couldn't refuse: twenty five whole dollars! Tiny, green dollar signs struck my eyes as I planned out my career as a DJ. I went about it like a miniature Donald Trump, designing business cards and taking out a loan from my parents to finance my own sound system. I had monopolized on school dances and then expanded to private birthday parties. I was obsessed, even asking for lighting equipment and a new microphone for Christmas, improving my act. Emily's DJ Service gained momentum, and pretty soon I was landing gigs all over town. Owning my own business as a middle school student required me to accept more responsibilities. I had to earn the respect of adults who were skeptical about trusting a pre-teen with an important job. I found that nothing makes a solid first impression on adults like a firm handshake and a confident voice. I learned the hard language of business and the delicate etiquette surrounding it (such as how to ask politely for the payment and how to not let others take advantage of me). I discovered that actions have consequences, and the consequences of playing an outdated Britney Spears song to a mass of middle school students could be deadly. I honed critical thinking skills and learned how to persevere when my computer crashed on the morning of a half marathon, forcing a last minute scramble to find an alternative music source. While most of my peers were hanging out at Skate Towne or the movie theater, I was creating invoices and tweaking my social media sites. After six years of being behind the DJ booth, I still can't escape the anticipatory flutter in my gut before the driving bass line of the first track spills out of my speakers. I still crave the primitive connection I share with the dancers as I feel their mood shift with each song change. This makeshift, one-woman business has not only become a source of income, but also a vehicle of personal expression in my community and a central part of my identity.  "},{"index":1,"personal_essay":"Ever since I can remember, my parents have always encouraged me to contribute to society and never stop looking for ways to serve others. When I was in tenth grade, I discovered that military families overseas can use coupons up to six months after their expiration date. I recruited some of my friends and started a service club, calling it 'Savings for Soldiers.' We went to the local recycling center and dug for discarded coupon books. We have reached out to the local church community to donate their coupons that came in the Sunday newspaper. Once a semester, the group meets at my house to cut and categorize all of the collected savings. I am proud to say that today, Savings for Soldiers has sent over $20,000 of coupons to military families overseas.Savings for Soldiers has given me an opportunity to make a global impact from a small community. These families have sacrificed so much for our country, and it is the least that I can do to give back to them. Through this service project, I have learned what it means to be a leader of an organization and to have the responsibility of thousands of dollars in your hands. When I graduate I will pass this leadership role down to an underclassman, but I will never stop looking for ways to contribute my talents to the service of others.Words fascinate me. The way that one can manipulate diction and syntax to woo, inform, anger, placate, and even spark a revolution interests me more than any other academic study. My dream job would be to work at a publishing firm or teach English in a high school setting. To study English at one of the best schools in the country would be a dream come true. Along with challenging curriculum, Los Angeles offers so many internship and networking opportunities. Even if I am not admitted into my first-choice major, I would still be honored to study at the University of Southern California. I know I will obtain a unique liberal arts education if I enter as an undecided, and I will be able to find another passion to pursue. I will have the opportunity to grow exponentially as a human being. As backwards as this sounds, I honestly can't wait until I get my ego shattered when my first essay is handed back or have to pull a stressful all-nighter to cram for a midterm exam. To put it into a clich\u00e9, it will be like a diamond perfecting in a high pressure environment. I welcome the challenge and look forward to expanding my intellectual horizons with the University of Southern California. "}]}