{"schema":{"fields":[{"name":"index","type":"integer"},{"name":"personal_essay","type":"string"}],"primaryKey":["index"],"pandas_version":"0.20.0"},"data":[{"index":0,"personal_essay":"] Her words struck like a sledgehammer to the side of my head. She tried to explain to me that everything would be okay, but Icouldn't believe her.The warmth of the early September sun shined through the window onto my face. The birds were singing,the leaves were fading from their lively summer green, and I had just been shattered by the news that my mom was diagnosedwith cancer.While she tried to explain to me her prognosis, all I could think about was how I could possibly deal with my mother dying. Shewould have to suffer, and I could only watch. I felt powerless and afraidIt may seem, at least from the outside, that I was being melodramatic. Cancer is a serious challenge to face, but it is by nomeans a death-sentence. Based on previous experiences, however, I had no reason to believe that cancer and hope belongedin the same sentence.When I was six I already witnessed what cancer could do as it took a girl that was essentially a sister to me. My parents had tosit me down and explain that Meghan, just an innocent sixteen year-old girl, would no longer be around to play with me. Thenthere was my grandma, Yiayia as I called her, who lost her life to breast cancer only a few years later. By then I was oldenough to understand what had happened. I would no longer get to experience the excitement of her walking through the doorevery Sunday night holding a blueberry pie, my favorite. Now the faceless thief of life had returned to take my mother from me,and I had no idea how to deal with it.I entered my freshman year of high school with a weight on my shoulders. I couldn't focus on my schoolwork, and I would makeexcuses so I didn't have to see my friends. What I hated the most, however, was that the cancer had taken much of the joy thatI used to experience when I got to spend time with my family, a rare occurrence with both my brother and sister away at school.Instead of letting the cancer control her life, my mother took a very different approach.I remember one day my mother camedown the stairs giggling as she held her ponytail in one hand, and scissors in the other. She had a bright blue hat on her headthat read 'Cancer Sucks'. Despite the fact that the cancer had already begun stealing her thick, long hair, I couldn't help butgiggle along with her at how goofy she looked. My mom took the diagnosis as just another challenge that she would overcome.She wouldn't let it get in the way of her enjoying life.Even as chemotherapy became more intense, and her symptoms became worse, I could always see a fire in her eyes. So Ibegan to push on, using my mom's attitude to help me take back control of my life, and within eighteen months she wasdeemed cancer free. I felt like life could finally feel normal again, but that luxury only lasted for a little while.It was late August, almost two years from my mother's initial cancer diagnosis. The strong heat of Summer permeated myroom. The afternoon air was silent, the leaves still held their summer vigor, and I was struck by the news that my mom's cancerhad returned. After two years, however, things felt different. I grabbed her hand, and began to tell her that everything would beokay. By watching my mom, I had learned how to face a difficult situation. This time, I knew that the diagnosis wouldn't controlmy life. This time I knew that I would be the stable foundation for my mom. This time I knew that she wouldn't have to beat italone. "},{"index":1,"personal_essay":"On my bedroom wall hangs a crudely cut out cloud with the words, 'In the fourth grade, I hope to learn more science', written in veryrough cursive. Although I am eight years older some things have not changed. I still hate making crafts, my cursive remainsabysmal, and I am always yearning to learn more science.Biology has always been a true passion of mine. Even at the age of nine I marveled at the fact that trillions of cells can work togetherto create the miracle of life. Unfortunately, in just the fourth grade, learning what happens when a few of those cells go rogue wasbeyond the scope of my classes. It wasn't until I was older that I understood the consequences of cellular malfunction.Important people from all facets of my life have been diagnosed with cancer, including my mother, who was diagnosed twice. By thetime she was diagnosed I had a basic understanding of the biology behind it. I was utterly intrigued by nature's war between orderand entropy being waged in the human body, but also horrified by the fact that it was happening to my mom.The impact that cancer has had on my life gives me a unique perspective. After watching my mother battle cancer twice, and feelingthe emotional turmoil that it put my family through, I knew I needed to help find a cure.That is why my summer as a rising senior was the most fulfilling, albeit challenging, summer of my life. After weeks of looking forresearch, I was given the opportunity to be a summer student at Rutgers New Jersey Medical School, conducting research on theimmunological response to breast cancer. As I was a seventeen year-old in a lab filled with PhD students, I had to earn theirrespect. I would spend hours cleaning test tubes, tediously preparing cultures, and even going out on coffee runs.Within a week, it became clear to everyone just how dedicated and passionate I was. I always made sure everything was perfect.One little mistake on my end could ruin an experiment that took hours to create. I soon became a peer to the older students, and Iwas trained on equipment that I only dreamt about. I was even given my own experiments to run, as I was trusted to perform to thesame standards as everyone else. By the end of summer my work had paid off, as the results of my experiments were used in apaper submitted for publication, and I was deemed a co-author.During that summer I learned so much valuable information, but more importantly I learned about myself. Despite the countless longdays and short nights, my passion for biology had only grown. It's impossible to describe what I felt knowing that my efforts wenttowards the overall knowledge of cancer.This is why I know the University of Pennsylvania College of Arts and Sciences is where I need to be. At the CAS, I will be exposedto some of the most knowledgeable biology professors on the planet, who are also on the fore-front of pioneering research. I will beable to use the Center for Undergraduate Research and Fellowships to seek out opportunities that have meaning to me. I will thenbe able to tap into the University's resources by creating my own project and applying for a grant, so I can more directly influencethe search for a cure to cancer.While it's difficult to foresee what the future would hold for me at the University of Pennsylvania, I know some things for sure. Mypassion for biology will have no bounds, I will continue to conduct research to increase our knowledge of cancer, and at theUniversity of Pennsylvania College of Arts and Sciences, I know I will learn more science."}]}