{"schema":{"fields":[{"name":"index","type":"integer"},{"name":"personal_essay","type":"string"}],"primaryKey":["index"],"pandas_version":"0.20.0"},"data":[{"index":0,"personal_essay":"] Who am I? I am curious. Innovative. Self-motivated. And yes, nerdy. Each of these elements flows in my blood, head to toe. I can't deny them nor am I ashamed by them. Heck, I couldn't even imagine life without them because, starting from an early age, they are what have made me.Everyone has had a certain toy or object they obsessed over as a kid. Mine was my dad's briefcase. Inside was a clutter of spare electric wire, old motors, and electrical tape. It may have seemed like a heap of junk to some people, but to me it was a treasure chest. Every time he whipped his briefcase out of the closet, he always engaged in something innovative from wiring the home theater system to powering his own remote-controlled racing boats, and I was always inspired by it. In fact, I can recall a few times that I snuck the case out of my dad's closet just to see the magic inside. While I had no idea what any of the pieces meant, I was moved by curiosity, and I wanted to explore and create just like my dad did.   At the age of eleven, I was gifted a small engineering kit upon which my parents let me loose. Quickly, I became obsessed with it day and night, often locking myself in my laboratory to keep from outside distractions. After reading through the instruction manual cover to cover, I learned all the nifty tricks behind simple circuits and became capable of successfully powering light bulbs and small motors with a few spare batteries. Completing circuits became my forte, and I began to explore other areas to apply my new knowledge. My first groundbreaking project was assembling a hand-held fan to escape the outrageous Texas heat. Using the tactics from the kit, I took apart an old flashlight, inserted a small motor with a propeller powered by some size D batteries, and voila, with the flick of a switch, I had a homemade device to release me from the scorching flames of the season. As I grew older, I continued to be presented with instances to learn by trial and error. I can remember a time when my parents bought me a new Nerf Gun for Christmas when I was in 7th grade. Motivated by curiosity, it only took a few days until I had the gun in pieces, examining every aspect of it. After a few hours, I learned about how the compression of the main spring affected the strength of the gun, and so by increasing the compression, I increased the speed that the air chamber closed when pulling the trigger. All of a sudden, the Nerf bullets began to shoot at higher velocities. With this modification, wars with my brothers became a lot more fun, and often our battles ended with who had the most bruises.  To this day, I find myself fascinated by technology more and more.  Best Buy has recently become my sanctuary, a place where I can go to inspire my curiosity by analyzing modern devices equipped with the latest Intel processors, the highest pixel cameras, and the brightest displays. In my free time, I can't help but tinker, trying to find new ways to enhance my personal speaker system and to improve my recent project of developing homemade cell phone battery packs. Such a passion for technology and innovation is a product of my early childhood experience and influences, and honestly, I would not be the same without them. I hope to continue to apply this same combination of self-motivation and childlike curiosity in every aspect of my life. It's how famous inventors in the past thought, and it's what allowed them to question conventional ideas, to explore the depths of technology, and to create new innovations and ideas. I plan on being no different. It's who I am.  "},{"index":1,"personal_essay":"*Stanford students possess an intellectual vitality. Reflect on an idea or experience that has been important to your intellectual development. (100 to 250 words)*'Soccer is about pure speed!' I heard Coach echo in my head every time I received a pass. So, without thinking, I would quickly dump the ball off to a teammate or attempt to dribble through horde of defense players, and frequently, I ended up playing the ball directly into the opponent's open arms. Turnover after turnover, I continued to cost my team critical opportunities to score, all in the name of speed. However, I can recall a particular game last year where I took a step back to analyze the field and to mentally note my options instead of rushing to dispose of the ball. I asked myself, How far is the defense? The goal? Where is my nearest teammate? And with each question, I compiled valuable information, calculating the defense to be just three yards out, the goal forty, and my teammate ten. Immediately, I eliminated my options to dribble and shoot because they were unreasonable given my positioning. In order to keep possession, I decided to pass, and ultimately, it led to a goal.Through this experience, I have learned the importance of taking time to examine a situation in depth, for it's the difference between making a drastic mistake and achieving success. Not only has this new knowledge allowed me to become a better player, it has also allowed me to excel as a student in the classroom, where careless mistakes on exams have vanished in the light of my new ability to analyze prudently. *Virtually all of Stanford's undergraduates live on campus. Write a note to your future roommate that reveals something about you or that will help your roommate \u2014 and us \u2014 know you better. (100 to 250 words)*  You're probably wondering if I'm a snorer. And that's fair, but I can assure you I'm not. You'll enjoy your beauty sleep without interruption. Secondly, you're probably wondering who I am, and well, that's a bit more difficult to answer\u2026 Let's start with my room. For the most part it's very organized, and I keep my clothes off the floor. Occasionally, I'll forget to make my bed, but that's only once in a blue moon. As for daily attire, I'm into collared shirts, khakis and oxfords\/loafers; I like to keep it formal. And yes, I take showers every day. My passion for music is also something worth noting. I love listening to Frank Sinatra, OneRepublic, Duke Ellington, and Lecrae, but more importantly I enjoy playing music on my saxophone, classical and jazz being my main fortes. As for a few miscellaneous facts about me, I like singing while showering, I'm an Apple fanatic, and I enjoy attending movie premiers so no one can spoil movies before I've seen them.  Now to answer some personality questions. For starters, I can hold a conversation as long as it's engaging. When it comes to talking to girls however, I tend to stutter. I'm also all about being funny so don't hesitant to hit me with sarcasm or humor. I can take a joke. To top it off, I'm a nerd at heart. I love math, I love to learn, and I love all things Marvel, especially Iron Man. *What matters to you, and why? (100 to 250 words)*I could make a long list of all the things that matter to me: family, friends, education, soccer, band, clubs. And the list goes on. However, there is one thing that I prize the most. That's God because without Him, I would not be the person I am today. Every day that I wake up, I'm thankful for the ability to experience life. After witnessing the death of loved ones, I've realized that not everyone gets this same opportunity, so for every day that I do, I cannot help but be grateful to God. His grace is the reason I get up each morning, the reason my lungs have oxygen to breathe, and the reason my body has strength to make it through the day. He's simply the reason I'm alive. Before I begin my day, I make sure to take time to read the Bible, not out of religious obligation, but because it is my source of inspiration. Each reading, I learn more and more about God, about his character, about how he loves, provides, creates, gives, and thinks. Such daily discoveries give me direction on how to think and act in life. He is the perfect role model, and I desire to model my life on Him every way that I can. In fact, one of the reasons I want to be an engineer is so that I can explore and create just like He did. After all, God created the universe, the greatest invention in history."}]}