{"schema":{"fields":[{"name":"index","type":"integer"},{"name":"personal_essay","type":"string"}],"primaryKey":["index"],"pandas_version":"0.20.0"},"data":[{"index":0,"personal_essay":"We've all had those times where everything is going completely and utterly wrong. Usually in these situations there is no hope. I however, always try to stay positive. However, not only has this just been a characteristic, but it has actually led me to important accomplishments which were probably the most defining moments ones for me, making me extremely proud.The major switch to an emphasis of optimistic character and leadership role began during my third year of being a member on the company at my local studio when a few co-members began to have a fairly drama-filled conflict. This conflict began when one member had accused the other of damaging an item, when in fact the accused had done nothing yet chose not to speak up. Because of this, the company began to split into clique-like groups led to further drama that the director needed to address. I immediately wanted to help-especially since I did not want to the drama to keep growing, so I came up with a solution. After a few nights of thinking, I spoke with my director about my idea to help create a drama-free environment within the company, and hopefully even create strong bonds among the members. My idea was to have a night where all the girls could get together for a party or something similar where we could play team-bonding games. In the end, we were able to do this and all the members came out of that season being very close friends. This solution helped benefit everyone on the company, including the director and myself. I am proud of the drive I had to address the problems the company had that year and for the type of person it helped me become.If that event hadn't happened, and if I had not decided to react the way I did I might not have ever developed into the person that I am today. Ever since that event, I've always chosen to be a positive\/optimistic person no matter the situation. At the end of the season following this event, I was the first recipient of the \\\u2018Founder's Award' for leadership qualities, technical achievement, and dedication throughout the season. The following dance season, I was lucky enough to receive this award again. To my surprise, this year I was anonymously chosen to be the dance captain of this company. If I had not chosen to take the initiative and come up with a solution to that event's conflict, I would never have received the wonderful award and honor of being named dance captain.We've all had those times where everything is going completely and utterly wrong. Usually in these situations there is no hope. I however, always try to stay positive. However, not only has this just been a characteristic, but it has actually led me to important accomplishments which were probably the most defining moments ones for me, making me extremely proud.The major switch to an emphasis of optimistic character and leadership role began during my third year of being a member on the company at my local studio when a few co-members began to have a fairly drama-filled conflict. This conflict began when one member had accused the other of damaging an item, when in fact the accused had done nothing yet chose not to speak up. Because of this, the company began to split into clique-like groups led to further drama that the director needed to address. I immediately wanted to help-especially since I did not want to the drama to keep growing, so I came up with a solution. After a few nights of thinking, I spoke with my director about my idea to help create a drama-free environment within the company, and hopefully even create strong bonds among the members. My idea was to have a night where all the girls could get together for a party or something similar where we could play team-bonding games. In the end, we were able to do this and all the members came out of that season being very close friends. This solution helped benefit everyone on the company, including the director and myself. I am proud of the drive I had to address the problems the company had that year and for the type of person it helped me become.If that event hadn't happened, and if I had not decided to react the way I did I might not have ever developed into the person that I am today. Ever since that event, I've always chosen to be a positive\/optimistic person no matter the situation. At the end of the season following this event, I was the first recipient of the \\\u2018Founder's Award' for leadership qualities, technical achievement, and dedication throughout the season. The following dance season, I was lucky enough to receive this award again. To my surprise, this year I was anonymously chosen to be the dance captain of this company. If I had not chosen to take the initiative and come up with a solution to that event's conflict, I would never have received the wonderful award and honor of being named dance captain.We've all had those times where everything is going completely and utterly wrong. Usually in these situations there is no hope. I however, always try to stay positive. However, not only has this just been a characteristic, but it has actually led me to important accomplishments which were probably the most defining moments ones for me, making me extremely proud.The major switch to an emphasis of optimistic character and leadership role began during my third year of being a member on the company at my local studio when a few co-members began to have a fairly drama-filled conflict. This conflict began when one member had accused the other of damaging an item, when in fact the accused had done nothing yet chose not to speak up. Because of this, the company began to split into clique-like groups led to further drama that the director needed to address. I immediately wanted to help-especially since I did not want to the drama to keep growing, so I came up with a solution. After a few nights of thinking, I spoke with my director about my idea to help create a drama-free environment within the company, and hopefully even create strong bonds among the members. My idea was to have a night where all the girls could get together for a party or something similar where we could play team-bonding games. In the end, we were able to do this and all the members came out of that season being very close friends. This solution helped benefit everyone on the company, including the director and myself. I am proud of the drive I had to address the problems the company had that year and for the type of person it helped me become.If that event hadn't happened, and if I had not decided to react the way I did I might not have ever developed into the person that I am today. Ever since that event, I've always chosen to be a positive\/optimistic person no matter the situation. At the end of the season following this event, I was the first recipient of the \\\u2018Founder's Award' for leadership qualities, technical achievement, and dedication throughout the season. The following dance season, I was lucky enough to receive this award again. To my surprise, this year I was anonymously chosen to be the dance captain of this company. If I had not chosen to take the initiative and come up with a solution to that event's conflict, I would never have received the wonderful award and honor of being named dance captain.We've all had those times where everything is going completely and utterly wrong. Usually in these situations there is no hope. I however, always try to stay positive. However, not only has this just been a characteristic, but it has actually led me to important accomplishments which were probably the most defining moments ones for me, making me extremely proud.The major switch to an emphasis of optimistic character and leadership role began during my third year of being a member on the company at my local studio when a few co-members began to have a fairly drama-filled conflict. This conflict began when one member had accused the other of damaging an item, when in fact the accused had done nothing yet chose not to speak up. Because of this, the company began to split into clique-like groups led to further drama that the director needed to address. I immediately wanted to help-especially since I did not want to the drama to keep growing, so I came up with a solution. After a few nights of thinking, I spoke with my director about my idea to help create a drama-free environment within the company, and hopefully even create strong bonds among the members. My idea was to have a night where all the girls could get together for a party or something similar where we could play team-bonding games. In the end, we were able to do this and all the members came out of that season being very close friends. This solution helped benefit everyone on the company, including the director and myself. I am proud of the drive I had to address the problems the company had that year and for the type of person it helped me become.If that event hadn't happened, and if I had not decided to react the way I did I might not have ever developed into the person that I am today. Ever since that event, I've always chosen to be a positive\/optimistic person no matter the situation. At the end of the season following this event, I was the first recipient of the \\\u2018Founder's Award' for leadership qualities, technical achievement, and dedication throughout the season. The following dance season, I was lucky enough to receive this award again. To my surprise, this year I was anonymously chosen to be the dance captain of this company. If I had not chosen to take the initiative and come up with a solution to that event's conflict, I would never have received the wonderful award and honor of being named dance captain."},{"index":1,"personal_essay":"Batman vs The Joker. Superman vs Lex Luther. The classic hero vs Villain. By the end of the movie we always aspire to be the hero that beats out the horrific villain. Of course everyone wants to be the hero, as that is the character that comes out winning. However if ever presented with the challenges that a hero truly faces many would change their mind to going back to being the civilian that has a simple life. Even though this might be true for most people, I would actually want to take on the challenge of being a hero. Heroes often have more responsibilities on their hands than perceived. They have to take on everything for their normal life, such as work, plus more. Some heroes go beyond with the extra by practically taking on another job, such as working during the day and being a volunteer at night. Others simply go above and beyond with what they're already required to do, such as creating a more positive environment within one's work space. Both are wonderful examples of true heroes. I tend to do this in my own life- as I take all advanced core classes (meaning lots of homework), yet I also have around 15 hours of dance outside of school each week. Doing more than you are required to has always giving me a rewarding feeling. People do not necessarily need to know that the hero is doing extra, since their goal is often to feel that rewarding feeling, not brag to others about it. Yet, even though heroes do not brag, those who know the hero still seem to look up to them. Sometimes, when people look up to you, you can inspire them. No one can argue against the fact that someone looking up to you or being inspired by you creates a very good feeling. Having been on my dance company for 5 years now, and being honored as the first dance captain in many years, I've had younger dancers come up to me and tell me that they look up to me and one day hope to be just as good as me. I've also had co-members within the company come up to tell me they wish they had the positivity I do whenever something seems to be going wrong. This leaves me with a good feeling that makes me grateful for going above and beyond.Being a hero also means that you are doing your best to make sure that you are not negatively affecting the people around you- in fact you are trying to have a positive effect on them. Therefore, throughout the process of being a hero you are not only making sure that the actions you take leave a good feeling with yourself but that they also leave good feelings with those around you. I've noticed throughout the years that if you simply persevere to stay positive during any event, and encourage those around you to do the same, that in the end everyone will be happy one way or another with the outcome. Heroes become determined to leave a positive lasting effect on themselves and others, and will go beyond what is required to make sure that happens. These types of actions I would much rather take over villainous actions. Therefore, there is no doubt that if I were given the option to be a hero or a villain that I would choose to be a hero.During my third year of being a member on the youth dance company at my studio, a few co-members began to have a fairly drama-filled conflict. Unfortunately, this one conflict had led to further drama within the company that the director needed to address. I immediately wanted to help-especially since I did not want to get involve in the drama if it kept growing, so I came up with a solution.After a few nights of thinking, I spoke with my director about my idea to help create a drama-free environment within the company, and hopefully even create strong bonds amongst the members. My idea was to have a night where all the girls could get together for a party or something similar where we could play team-bonding games. In the end, we were able to do this and all the members came out of that season being very close friends with each of the members.This solution helped benefit everyone on the company, including the director and myself. The result was what made the process the most enjoyable. Getting to be close friends with the members from that year felt so rewarding, especially since I still hang out with many of them today even though none are a part of the company anymore.Dance has been a pretty big part of my life. I've been dancing since I was around 6 years old, and nowadays it occupies most of my free time as I dance around 20 hours a week. Throughout all these years of training I've put in all my effort to make sure that I am the best that I can be. With all of the hard work that I've put in and the passion for dance that I have discovered on the way, there is no way I could just simply stop dancing. I even hope that in the future I would eventually teach dance and would be to help a student discover a passion for dance in the same way that I had. Since I want to continue dancing in the future, the best way to do that is to studying dance in college and getting a degree.Other than dance I am also interested in applying to a major within the engineering field, so once I began to look into what colleges would be a good fit for what I was looking for, The University of Florida came up, and I had immediate interest due to its location and the wonderful programs it offered. Although I live in Texas, I have visited Florida multiple times and I love the area and the feel that it gives. Both the engineering and dance programs at the University of Florida had been highly rated while doing research of different colleges, so I began to look into them more. By doing this I discovered that I was very interested in the programs and not only felt that they would be a good fit for me, but that they would also help me succeed in the way that I want to. I agreed so much with the dance program's opinion that dance is moving more than the body, and this helped me to realize just how well of a fit the University of Florida's dance program would be, and that I would extremely enjoy it. After talking to a local representative about the possibility of doing both of an engineering and dance degrees at the university, she told me it would not be difficult as long as I was accepted in the school as well as the dance program. This got me even more excited to apply to the University of Florida.Although I have completed the needed courses to be considered for admission into The University of California, I realize a few elements on my transcript may raise questions. One could be that although I am applying to be a computer science major, I've never actually taken a computer science class. Another could be as to why I chose to take an off period this year.Although my high school does offer computer science class, I was unable to sign up for it as the required prerequisites for the course had more of a focus in robotics and gave a strong push to join the robotics team, which I did not have time to join. Even though advanced classes at school are the only ways in which I have prepared for being a computer science major, I plan to learn the basics of computer programming\/coding this coming summer so that I am prepared when I get to college.The off period I am taking this school year enables me to voluntarily assist a 4-5 year old ballet and tap combo class as well as help my dance studio with anything they may need help with. I chose to take this off period so that I could get more involved with volunteering for a group with which I care strongly about. This proved to be helpful since my dance studio moved to a new location in the middle of this year, and they were in extreme need of help during the switch."}]}