{"schema":{"fields":[{"name":"index","type":"integer"},{"name":"personal_essay","type":"string"}],"primaryKey":["index"],"pandas_version":"0.20.0"},"data":[{"index":0,"personal_essay":""},{"index":1,"personal_essay":"     Fifty years ago, it was my grandparents' home. Eighty years ago, it was my great-grandparents' home. Today, it is a war zone. In Syria, ancient ruins once presided atop a sea of orange clay and brown dirt, yet today, modern ruins tarnish the landscape, blackened with ash and artillery shells. From the images of lifeless children in streets to the anguish of my family both here and in Syria, the current diplomatic and humanitarian crisis has become an inseparable part of my being.      I often find myself captured by a harrowing thought: what if my grandparents never moved to the United States, and I grew up in Syria, still there today? Would I flee? Would I stay and fight for my beliefs? Would I be nothing more than a number scrolling across television screens, 24 Dead in Aleppo Bombing? Some days I cannot bear to hear the news of my ancestral home, dreading the sounds of gunfire and anguish blaring in the background of the anchor's devastating description. Other days, I find myself constantly scanning the headlines, hopeful for a positive development, perhaps that a cease-fire has lived to see another day. The tragedy that is modern Syria has left its mark on me, and, as a result, I am committed to focusing my college education on international studies and political science, striving to achieve a better understanding of foreign cultures and politics."}]}