{"schema":{"fields":[{"name":"index","type":"integer"},{"name":"personal_essay","type":"string"}],"primaryKey":["index"],"pandas_version":"0.20.0"},"data":[{"index":0,"personal_essay":"] If you ask anyone at my school where I usually spend my time, the answer is likely to be 'the physics laboratory'. I usually spend more time in the lab than anywhere else, including my home. I get there very early, happily trading my bed for those wooden benches and the blackboard, and I only leave when it's closing. It's the place I feel most comfortable in, because my friends and I not only study there; we form a real 'physics lab community'.When I first walked into the physics lab, I immediately felt I belonged there. I had just moved away and started living alone in order to pursue a better education, and I was nervous about fitting in at school. Leaving home had been exciting, but the idea of being alone at a place I didn't fit was terrifying. This was getting me anxious. However, when I first entered the laboratory and saw some people discussing exercises on the blackboard and others playing with the static sphere, I had to struggle to avoid throwing my backpack on the floor and running to join them. At that moment, my concern about fitting in was vanished.Eventually, I started going there almost every day. The more time I spent in the lab, the more I enjoyed its little details. Every day before classes I went there and took a deep breath; I loved the smell of the place, and that was necessary for my day to start well. At lunch, some people joined for chatting and playing with the experiments. Once we grabbed mirrors and a laser, turned off the lights, went to different corners of the lab and tried to form a light path with the mirrors. There were countless times when the laser ended up in someone's face and we laughed so much because the light just seemed to escape from us.For me, the most amazing thing in our lab community was the sharing of knowledge. Since there were people from different subjects and phases in the several science Olympiads, a person starting some Olympiad, for example, could be advised by people that had competed in the international Olympiad, whether he or she was trying the physics Olympiad or the biology one. This helped me define which Olympiad I'd focus on, because I could see the path I'd have to walk on each of them and decide where I fit better.Even after defining my focus, I could still have insights on other sciences, since the lab was a multidisciplinary place. I could hear people discussing math, chemistry, or physics, just by moving to different corners of the lab. Because of that, I was never lost in the laboratory. It was amazing to be advised by someone and be able to share my own knowledge with others. Also, as I was in a place where people understood many different sciences, I could see distinct approaches for the same phenomenon. I could, therefore, understand that I couldn't delimit science into only one subject; I had to look at the whole panorama, because it is an interdisciplinary concept. I believe this approach was essential for me to succeed in scientific Olympiads.Nowadays, I keep coming to the laboratory; it is still my home. My best friends and I are now seniors, and incredibly, we were all selected to different international Olympiads this year. I feel that it was only possible because we were actually part of this lab community, which gave us the basis and support for us to work and achieve our goals. I see a new generation coming to the lab and I am eager to help and mentor them to succeed as I did, and to show them that they are not just studying with other people, but that they are part of something bigger. They are now part of the 'physics lab community'. "},{"index":1,"personal_essay":"What matters to you and why? (Stanford University)"}]}