{"schema":{"fields":[{"name":"index","type":"integer"},{"name":"personal_essay","type":"string"}],"primaryKey":["index"],"pandas_version":"0.20.0"},"data":[{"index":0,"personal_essay":"Describe an example of your leadership experience in which you have positively influenced others, helped resolve disputes, or contributed to group efforts over time.I always wondered what it was like on the East Coast, how their metropolitan lifestyle differed from our Californian way of life. I was specifically interested in the urban culture of New York City and the rich history of Virginia and Washington D.C. So, I thought, why not pay a visit?I was a member of the College Mentorship and Leadership Program at my school, a club which introduced me to the Congressional Award. In this program, each student would set academic, athletic, volunteer, and extracurricular activity goals and work throughout the year to fulfill the requirements for the awards. The certificates and medals were awarded to individuals, but the effort was fueled by teamwork. When I got to the 'expedition' section on the award application, I thought I could use this to organize a group trip to the East Coast. Our club mentor was very excited about this idea and that's when the planning began.We had weekly meetings where we outlined the four-day trip and assigned specific tasks to each of the four group members to research and update on our shared itinerary. We also had a club fundraiser for some of our trip expenses. I was primarily responsible for transportation arrangements, a general travel schedule, and ticket options for tourist locations and historical sights we planned to visit. I contacted a family friend in D.C. and they generously offered to host us for the last two days of the trip. Looking back now, I can say that this trip was easily my best spring break experience.From Times Square to the Metropolitan Museum of Art, from Lincoln Memorial to Manassas National Battlefield, this trip allowed me to gain valuable insights into American urban culture and visit locations that I studied of in my history books. Not only was I able to receive the Silver Congressional Medal, but more importantly, I had a chance to experience a leadership role in a group effort through event organization and detailed planning. Now I am planning the next four years of my life as best as I can.What would you say is your greatest talent or skill? How have you developed and demonstrated that talent over time?'If you talk to a man in a language he understands, that goes to his head. If you talk to him in his language, that goes to his heart.' This Nelson Mandela quote always strikes me as powerful, perhaps because I have witnessed first-hand the truthfulness of the aphorism.My interest in language first emerged during the summer of freshman year when I qualified for the International Turkish Olympiad in the native reading category. I participated in a 2-week program in Ankara to compete in the International Reading Competition for native-speakers and later received the bronze medal in my category. I spent time with students from all over the world, over a hundred countries, competing in various categories, each with a unique cultural background and ethnic heritage. I was especially satisfied when I made new friends from China, as they were surprised to find a Mandarin-speaker in a Turkish Olympiad. Being amid such diversity taught me that language has the power to unite like no other common factor.I spent my childhood in Taiwan and I was the only 'foreigner' in my entire public elementary school, but for all I knew, I just looked slightly different. Growing up, I often spoke Chinese more fluently than any other language, for it was the language of my closest childhood friends. After I moved to the U.S., I felt insecure about my Mandarin while I focused on English, but throughout high school, I took courses at Irvine Chinese School and actively volunteered to retain my Chinese proficiency. With high scores from the subject and AP tests, I grew confident in my ability to communicate.I don't consider fluency in three languages the ultimate skill or my drive for language learning my ultimate attribute, rather I take pride in my ability to speak to one's heart, to appeal to individuals through their cultural identity and heritage, often simply by expressing my interest in their tradition and their life story. I think if we all work well with cultural diversity, our hearts will speak to each other in one common language of unity.Describe the most significant challenge you have faced and the steps you have taken to overcome this challenge. How has this challenge affected your academic achievement?I would watch, and I would envy. I would look static, uniformly motionless in every part of me but my eyes, yet my thoughts were amid a sphere of emotional turmoil. I grew up studying in a small charter school with limited resources. Meeting the desires of my parents and fulfilling my dreams of school athletics didn't fit well, and there I was, a passionate athlete without a sport. My envy for public schools and high school sports would reemerge with every glance over the local school fields and gymnasiums. But with every surge of emotion, I began to look for change.I contacted local high schools, clubs, travel teams, leagues, anything I could think of. Sometimes I wouldn't get replies, but I felt reassured simply by trying. I constructed a team with my neighborhood friends to join tournaments on the weekends. As soon as the travel season started, I signed up for any tryouts I could. I quickly learned that having the skill didn't directly translate to a respectable role on a winning team. I was not known in an athletic culture that revolved so heavily around organized school sports, and coaches often turned to the usual known 'prodigies' and grouped them to compete. I established myself as the hard-worker, as the first player to dive for a loose ball, as the player who 'wanted it more.' I embraced that role, and if that was what it took, then I was all for it. And as it turns out, I was in for a change of attitude with a seemingly simple pursuit of athletics.My school didn't offer organized sports, but it pushed me to explore options and synthesize solutions. This sense of developing identity defined my academic career. If an AP course that I needed was not offered, I turned to online programs despite their practical difficulty. I asked around for help on difficult subjects and looked for scholarship options for summer programs. My school wasn't 'normal' but neither was I, and this sense of abnormality made me a problem solver, a role I further amplified.Describe your favorite academic subject and explain how it has influenced you.A kitchen faucet would need to be turned on for at least 45 years to equal the amount of blood pumped by the heart in an average lifetime. Sometimes I found that faucet pumping with additional force as I discovered my passion for biology. Biological sciences have always intrigued me. I enjoy learning a subject that embodies direct connections to reality and specific familiar aspects of life. The immediate parallels with daily life and the intricate relationships between anatomy and medicine, physiology and biotechnology helped shape my academic interest and career vision.Over the years I attended several of OC Biotech Education's summer programs and seminars at Fullerton College and found myself immersed amid various topics including genetics, medicine, forensics, and bioengineering. Perhaps it took a few too many fruit fly maggot dissections for me to properly examine the chromosomes of the poor insects, but every hands-on lab left me amazed. After a general biology course at my local community college, to gain further insight specifically on biomedical studies and life as a medical student, I attended a UCI summer pre-med program. I got to diagnose a newly treated patient and work with a team of students, learn from physician guest speakers with live teleconference surgeries, and use robotic and laparoscopic surgery equipment among many other activities. These programs taught me essential laboratory and research skills, from micro-pipetting to separating DNA with gel electrophoresis, from suturing to intubation, from clinical case studies to team research projects, which all contributed to my growing academic passion.For me science is not just a favorite subject, it is a career path, a potential tool for public service, and above all, it is a way of viewing life. Research has taught me a different perspective, a unique academic attitude that requires constant questioning and experimentation. The hands-on laboratory skills I have grown accustomed to will be of tremendous help and influence on my future journey. With every new droplet of knowledge obtained, I will enhance my academic and career repertoire, which will expand and grow for as long as my faucet flows.Describe an example of your leadership experience in which you have positively influenced others, helped resolve disputes, or contributed to group efforts over time.I always wondered what it was like on the East Coast, how their metropolitan lifestyle differed from our Californian way of life. I was specifically interested in the urban culture of New York City and the rich history of Virginia and Washington D.C. So, I thought, why not pay a visit?I was a member of the College Mentorship and Leadership Program at my school, a club which introduced me to the Congressional Award. In this program, each student would set academic, athletic, volunteer, and extracurricular activity goals and work throughout the year to fulfill the requirements for the awards. The certificates and medals were awarded to individuals, but the effort was fueled by teamwork. When I got to the 'expedition' section on the award application, I thought I could use this to organize a group trip to the East Coast. Our club mentor was very excited about this idea and that's when the planning began.We had weekly meetings where we outlined the four-day trip and assigned specific tasks to each of the four group members to research and update on our shared itinerary. We also had a club fundraiser for some of our trip expenses. I was primarily responsible for transportation arrangements, a general travel schedule, and ticket options for tourist locations and historical sights we planned to visit. I contacted a family friend in D.C. and they generously offered to host us for the last two days of the trip. Looking back now, I can say that this trip was easily my best spring break experience.From Times Square to the Metropolitan Museum of Art, from Lincoln Memorial to Manassas National Battlefield, this trip allowed me to gain valuable insights into American urban culture and visit locations that I studied of in my history books. Not only was I able to receive the Silver Congressional Medal, but more importantly, I had a chance to experience a leadership role in a group effort through event organization and detailed planning. Now I am planning the next four years of my life as best as I can.What would you say is your greatest talent or skill? How have you developed and demonstrated that talent over time?'If you talk to a man in a language he understands, that goes to his head. If you talk to him in his language, that goes to his heart.' This Nelson Mandela quote always strikes me as powerful, perhaps because I have witnessed first-hand the truthfulness of the aphorism.My interest in language first emerged during the summer of freshman year when I qualified for the International Turkish Olympiad in the native reading category. I participated in a 2-week program in Ankara to compete in the International Reading Competition for native-speakers and later received the bronze medal in my category. I spent time with students from all over the world, over a hundred countries, competing in various categories, each with a unique cultural background and ethnic heritage. I was especially satisfied when I made new friends from China, as they were surprised to find a Mandarin-speaker in a Turkish Olympiad. Being amid such diversity taught me that language has the power to unite like no other common factor.I spent my childhood in Taiwan and I was the only 'foreigner' in my entire public elementary school, but for all I knew, I just looked slightly different. Growing up, I often spoke Chinese more fluently than any other language, for it was the language of my closest childhood friends. After I moved to the U.S., I felt insecure about my Mandarin while I focused on English, but throughout high school, I took courses at Irvine Chinese School and actively volunteered to retain my Chinese proficiency. With high scores from the subject and AP tests, I grew confident in my ability to communicate.I don't consider fluency in three languages the ultimate skill or my drive for language learning my ultimate attribute, rather I take pride in my ability to speak to one's heart, to appeal to individuals through their cultural identity and heritage, often simply by expressing my interest in their tradition and their life story. I think if we all work well with cultural diversity, our hearts will speak to each other in one common language of unity.Describe the most significant challenge you have faced and the steps you have taken to overcome this challenge. How has this challenge affected your academic achievement?I would watch, and I would envy. I would look static, uniformly motionless in every part of me but my eyes, yet my thoughts were amid a sphere of emotional turmoil. I grew up studying in a small charter school with limited resources. Meeting the desires of my parents and fulfilling my dreams of school athletics didn't fit well, and there I was, a passionate athlete without a sport. My envy for public schools and high school sports would reemerge with every glance over the local school fields and gymnasiums. But with every surge of emotion, I began to look for change.I contacted local high schools, clubs, travel teams, leagues, anything I could think of. Sometimes I wouldn't get replies, but I felt reassured simply by trying. I constructed a team with my neighborhood friends to join tournaments on the weekends. As soon as the travel season started, I signed up for any tryouts I could. I quickly learned that having the skill didn't directly translate to a respectable role on a winning team. I was not known in an athletic culture that revolved so heavily around organized school sports, and coaches often turned to the usual known 'prodigies' and grouped them to compete. I established myself as the hard-worker, as the first player to dive for a loose ball, as the player who 'wanted it more.' I embraced that role, and if that was what it took, then I was all for it. And as it turns out, I was in for a change of attitude with a seemingly simple pursuit of athletics.My school didn't offer organized sports, but it pushed me to explore options and synthesize solutions. This sense of developing identity defined my academic career. If an AP course that I needed was not offered, I turned to online programs despite their practical difficulty. I asked around for help on difficult subjects and looked for scholarship options for summer programs. My school wasn't 'normal' but neither was I, and this sense of abnormality made me a problem solver, a role I further amplified.Describe your favorite academic subject and explain how it has influenced you.A kitchen faucet would need to be turned on for at least 45 years to equal the amount of blood pumped by the heart in an average lifetime. Sometimes I found that faucet pumping with additional force as I discovered my passion for biology. Biological sciences have always intrigued me. I enjoy learning a subject that embodies direct connections to reality and specific familiar aspects of life. The immediate parallels with daily life and the intricate relationships between anatomy and medicine, physiology and biotechnology helped shape my academic interest and career vision.Over the years I attended several of OC Biotech Education's summer programs and seminars at Fullerton College and found myself immersed amid various topics including genetics, medicine, forensics, and bioengineering. Perhaps it took a few too many fruit fly maggot dissections for me to properly examine the chromosomes of the poor insects, but every hands-on lab left me amazed. After a general biology course at my local community college, to gain further insight specifically on biomedical studies and life as a medical student, I attended a UCI summer pre-med program. I got to diagnose a newly treated patient and work with a team of students, learn from physician guest speakers with live teleconference surgeries, and use robotic and laparoscopic surgery equipment among many other activities. These programs taught me essential laboratory and research skills, from micro-pipetting to separating DNA with gel electrophoresis, from suturing to intubation, from clinical case studies to team research projects, which all contributed to my growing academic passion.For me science is not just a favorite subject, it is a career path, a potential tool for public service, and above all, it is a way of viewing life. Research has taught me a different perspective, a unique academic attitude that requires constant questioning and experimentation. The hands-on laboratory skills I have grown accustomed to will be of tremendous help and influence on my future journey. With every new droplet of knowledge obtained, I will enhance my academic and career repertoire, which will expand and grow for as long as my faucet flows."},{"index":1,"personal_essay":"A kitchen faucet would need to be turned on for at least 45 years to equal the amount of blood pumped by theheart in an average lifetime. Sometimes I found that faucet pumping with additional force as I found my passion forbiology and discovered the strength of cultural dialogue.I think getting bacteria to produce a desired protein, like insulin, by transforming cells with recombinant-DNAtechnology is the closest thing to magic I've ever seen. Through different summer programs, I found myselfimmersed in various fields including medicine, genetics, and biotechnology. I got to separate DNA with gelelectrophoresis,purify proteins, learn to suture and intubate, learn from physicians through live teleconferencesurgeries,and had the opportunity to use robotic and laparoscopic surgery equipment among many otherastonishing activities, all of which contributed to my growing academic passion. Perhaps it took a few too manyfruit fly maggot dissections for me to properly examine the chromosomes of the poor insects, but every hands-onlaboratory work amazed me. But I realized that success in academics or insight through extracurricular work is notjust about the individual effort.I studied in a small charter school that didn't offer organized sports, but I've played club basketball for all of highschool and I've come to realize one thing: you cannot do it alone. The team with collective chemistry always hasan advantage. This is not just true for sports; if you cannot share research findings with a peer because he\/she iscultural or ethnically different, academic progress will come slow, if at all.About a year ago, I heard about an interfaith night for high school students at Anatolia Cultural Centers in Irvine. Idecided to take my Catholic-Lebanese friend and check it out (mainly because there was free food). In our group,we had an Indian-born Hindu, an Ashkenazi Jew, a Lutheran Christian from New York, my friend and me. Not onlydid we speak of religious differences, we spoke about our cultures from traditional dishes to poorly-translatedidioms. To this day, we go to the movies and play pick-up basketball together on the weekends.At John Hopkins University, I look to take a similar academic and sociocultural approach. I look to be an activemember of both the Turkish and Taiwanese American Students Associations and build a diverse network of lifelongfriends because that's the recipe for a productive academic community. I look to establish a career inbiological sciences through research, cultural dialogue, and community service, and I think I've found the place.John Hopkins has incredible research opportunities, professional and experienced faculty, a variety of differentacademic and extracurricular clubs, a beautiful campus and a prestigious biology program, yet it is also home to aglobal community, and that's the perfect fit for me. With every new droplet of knowledge I obtain from my time inJohn Hopkins University, I will enhance my academic and cultural repertoire, which will expand and grow for aslong as my faucet flowsI would watch, and I would envy. I would look static, uniformly motionless in every part of me but my eyes, yet mythoughts were amid a sphere of emotional turmoil. I would glance over the local school fields with envy each andevery morning on the way to my miniature school.I grew up studying in a small charter school with limited resources. Meeting the desires of my parents and fulfillingmy dreams of school athletics didn't fit well, and there I was, a passionate athlete without a sport. Yet I wassomeone that simply couldn't accept the lack of opportunity, the lack of possibility. For all I knew, I was going toplay basketball, it just took some time for me to figure out how.I contacted local high schools, clubs, travel teams, leagues, anything I could think of. Sometimes I wouldn't getreplies, but I felt reassured simply by trying. I constructed a team with my neighborhood friends to jointournaments on the weekends. As soon as the travel season started, I signed up for any tryouts I could. Thisseemingly simple pursuit of athletics thought me that you often have to find different ways in life, but there isalways a way, it just might be disguised.My school didn't offer organized sports, but it pushed me to explore options and synthesize solutions. My schoolwasn't 'normal' but neither was I, and this sense of abnormality made me a problem solver, a role I furtheramplified.__________________________________________________________________________________________________A kitchen faucet would need to be turned on for at least 45 years to equal the amount of blood pumped by theheart in an average lifetime. Sometimes I found that faucet pumping with additional force as I discovered mypassion for biology.Over the years, I attended several of OC Biotech Education's summer programs and seminars at Fullerton Collegeand found myself immersed amid various topics including genetics, medicine, forensics, and bioengineering.Perhaps it took a few too many fruit fly maggot dissections for me to properly examine the chromosomes of thepoor insects, but every hands-on lab left me amazed. After a general biology course at my local communitycollege, I attended the UCI summer pre-med program. I got to diagnose a newly treated patient and work with ateam of students, learn from physician guest speakers with live teleconference surgeries, and use robotic andlaparoscopic surgery equipment among many other activities. These programs taught me essential laboratory andresearch skills, from micro-pipetting to separating DNA with gel electrophoresis, from suturing to intubation, whichall contributed to my growing academic interest.Now I look to do the same. I look to explore, volunteer, and research; I look to dissect every piece of information Iget my hands on through my studies and be a part of a collective scholarly effort. With every new droplet ofknowledge, I look to enhance my academic and career repertoire, which will expand and grow for as long as myfaucet flows.A kitchen faucet would need to be turned on for at least 45 years to equal the amount of blood pumped by theheart in an average lifetime. Sometimes I found that faucet pumping with additional force as I found my passion forbiology and discovered the strength of collaboration through cultural dialogue.Over the years, I found myself exploring various academic fields including medicine, genetics, and biotechnology.Throughout different summer programs, I got to separate DNA with gel-electrophoresis, work with recombinantDNAtechnology and eventually purify the bacteria-produced proteins. I got to learn from physicians through liveteleconference surgeries, learn to suture, intubate, and had the opportunity to use robotic and laparoscopicsurgery equipment among many other astonishing activities, all of which contributed to my growing academicpassion. Perhaps it took a few too many fruit fly maggot dissections for me to properly examine the chromosomesof the poor insects, but every hands-on laboratory work amazed me. But I realized that success in academics orinsight through extracurricular work is not just about the individual effort.I played club basketball for all of high school\u2014not much of an 'intellectual' quality one might think, but there'smore. When I was a freshman playing club ball, I'd always look to score, and I'd put up good individual numbers,but my team always seemed to lose\u2026 I quickly realized that because I didn't look to pass, I would be playing agame of one versus five in a team sport and the team with better collective chemistry would look better on thescoreboard.Five students walk into a dimly-lit room of a newly-treated volunteer patient to interview and 'diagnose' hercondition at UCI Medical Center. As a team, we researched and talked about her symptoms, test results, priorillnesses etc. and together we found out that she had gallbladder inflammation due to gallstones. What if weweren't amateur students learning about medical diagnosis, but were world-renowned medical researchers findinga cure for a terminal disease, and we worked individually? Much needed progress would come slow, if at all.I've learned to play in teams of five; I now know that academic progress, much like athletic success, comes fasterthrough collaboration, yet I've also learned that collective effort is fueled by cultural communication and bondingthat allows for a multi-perspective team effort.About a year ago, I heard about an interfaith night for high school students at a community center in Irvine. Idecided to take my Catholic-Lebanese friend and check it out (mainly because there was free food). In our group,we had an Indian-born Hindu, an Ashkenazi Jew, a Lutheran Christian from New York, my friend and me. Not onlydid we speak of religious differences, we spoke about our cultures from traditional dishes to poorly-translatedidioms. Over the past year, every person in that group came to know each other and I even joined a basketballclub with two of them.At the University of Pennsylvania, I look to take a similar academic and sociocultural approach. I look to be anactive member of both the Penn Taiwanese Society and Turks@Penn and build a diverse network of life-longfriends because that's the recipe for a productive academic community. I look to establish a career in biologicalsciences through collaborative research, cultural dialogue, and community service, and I think I've found just theplace in University of Pennsylvania's College of Arts and Sciences.The University of Pennsylvania has incredible research opportunities, professional and experienced faculty, a variety of different academic and extracurricular clubs, a beautiful campus and a prestigious biology program, yet itis also home to a global community, and that is the perfect fit for me. With every new droplet of knowledge I obtainfrom my time at UPenn, I will enhance my academic and cultural repertoire, which will expand and grow for aslong as my faucet flows.A kitchen faucet would need to be turned on for at least 45 years to equal the amount of blood pumped by theheart in an average lifetime, and the truth is, all water pipes lead to the same place regardless of where the watercame from.As a top school, Northwestern has incredible research opportunities, faculty, sports and anything you would wantfrom a university, but for me, the presence of cultural clubs, like the Interfaith Initiative and the Cross-Culturalclubs, is why Northwestern so distinctly appealing. I admire this emphasis to bring people of different backgroundstogether at a round table, for I myself have sat around that table.A few months ago, I heard about an interactive interfaith-night for high school students at Anatolia Cultural Centerin Irvine. I decided to take my Catholic-Lebanese friend and check it out. In our table, we had an Indian-bornCA Kozoglu, Yavuz CEEB: Fall 201713 FYRD CAID: 16781227Hindu, an Ashkenazi Jew, a Lutheran Christian from New York, my friend and me. Not only did we speak ofreligious differences, we spoke about our cultures from traditional dishes to poorly-translated idioms. I wish toexperience that again and make new friends this way.Northwestern University has a great biology major and prestigious certificate programs, that's important for me.Northwestern University has a beautiful campus with a perfect blend of urban lifestyle and stress-relieving lakeview, that's important for me.But above all, Northwestern University has a diverse student body that allows for a global community, and that'sthe perfect fit for me, that's where I want to call home for the next four years of my life. With every new droplet ofknowledge I obtain from my time in NU, I will enhance my academic and cultural repertoire, which will grow for aslong as my faucet flows."}]}