{"schema":{"fields":[{"name":"index","type":"integer"},{"name":"personal_essay","type":"string"}],"primaryKey":["index"],"pandas_version":"0.20.0"},"data":[{"index":0,"personal_essay":"] 'The 50m freestyle is next. Swimmers, take your positions.' I stepped onto the diving platform as the announcer's voice echoed through the natatorium and tightened my goggles, not too tight, but just right, like Goldilocks' porridge. This was my debut since my hiatus from the U10 YMCA Sharks. Standing on the diving board, I could feel the power of the room engulf my being; energy filled my body while my fingers began to tingle. 'Chariots of Fire' by Vangelis began to play in my ears.Today, I would live up to my potential. The feng-shui of the surrounding environment was in spiritual harmony; the stars had aligned the night before - even the Mayan Calendar, although wrong about the date of the apocalypse, had predicted my emergence as the clear victor of this important race. My heart beat to the war drums of Alexander the Great; my blood pumped to the deafening cries of Hannibal's elephants, my mind became a paradise of tranquility, liberated from anxiety.I glanced at the other swimmers, their fear evident through the tinted film of their goggles, nervousness radiating from their trembling bodies. I couldn't help but silently chuckle. I was the Nelson to their Bonaparte, the Lincoln to their Davis, the Tesla to their Edison. I was Poseidon; the pool, my home.With the sound of the starting horn, I dove in with the grace of Michael Phelps and the elegance of a bottlenose dolphin. Parents and coaches gasped with incredulity, witnessing an impossible miracle. However, as my head hit the water, my goggles were torn from my face with the harnessed power of a thousand suns. The world dissolved into blackness, my eyes blinded by the relentless onslaught of infinite liquid; frantically, I tried to resurface.My goal of winning this race was dashed; my dreams chipped and cracked with every crash against the lane lines. After what seemed like an eternity, I finished a whopping minute and thirty-two second behind first. Wiping the burning pool water from my eyes, I grudgingly glanced around the natatorium, feeling the same lack of accomplishment Leonardo DiCaprio must have felt when he realized, after his fifth nomination, he still had not felt how an Oscar fits in one's hands.What I saw caused a deep, painful rush of embarrassment and shame to cut through my soul. Students giggled; coaches refused to make eye contact; parents and other spectators had their faces in their hands. Climbing out of the pool, I could hear 'Danny Boy' softly echoing through the building. I tried to take the stance of a defeated martyr, a man who could retain a sense of dignity and hope, but my will to continue swimming had been destroyed by the humiliating darkness of absolute failure.As I commenced the walk of shame back to my school's bench, past the mocking glances of rival swimmers, a boy my age - whom I didn't know - walked up to me. He stuck out his hand to shake mine and said, 'Everyone has a bad day. You'll get 'em next time.'Those words, coming from someone I had never met, did more for me than any inspirational speech or pep talk could have done. That boy instilled in me a new drive that I took to every subsequent practice, improving until attaining a thirty-two second freestyle in my final race. In the rest of my swim meets, I strove to be, to other struggling swimmers, what that boy had been to me: one shimmering beacon of hope in turbulent waters.In complete defeat, when one's inner spirit is crushed with despair, it's not a support group or weeks of binge-watching Friends while crying into a container of Ben and Jerry's ice cream that's needed to cast some positive light onto the situation. All it takes is a meaningful sentence from a stranger. You just have to find, or be, that person. "},{"index":1,"personal_essay":"University of Pennsylvania As someone who has been fascinated by the linked operations of economic systems and governmental procedures since my discovery of video games such as Civilization, Total War, and Age of Empires, my dream is to pursue a concentration in Business Economies and Public Policy (BEPP) at The Wharton School.While self-studying for the Macroeconomic and Microeconomic Advanced Placement exams in my sophomore and junior years, I found myself able to understand the basics of core, economic principles; however, this comprehension did not feel complete because there was no thorough explanation on how changes in supply and demand, the money market, price elasticity, etc. affect politics and the decisions of policy-makers on issues both domestic and international.This is the reason why I am attracted to The Wharton School's BEPP program: unlike other institutions that offer a major solely in economics, the BEPP curriculum ties in economic application and its impact on global affairs. I am especially interested in the class, 'Nations, Politics, and Markets,' because of its discussion on emerging international markets. The BEPP concentration would be a great foundation for my career goal of becoming a U.S. diplomat.Investment has always been a passion of mine, since dabbling in virtual stock market simulators like Wall Street Survivor in middle school. My interest was only enhanced when I quickly gained a 'profit' by inputting random symbols and purchasing copious numbers of shares. Finally, in December 2013, this maturing attraction to investing led me to the world of cryptocurrency, specifically the advent of Dogecoin. For days, I sat in front of the computer almost 24\/7, buying and selling, investigating graphs, reading news articles, etc., eventually getting out of the game with a handsome profit just as the price collapsed due to a speculative bubble and an overabundance of product. It was the thrill and excitement from this experience that led me to co-found an Investment Club at my school; I wanted to bring that rush of adrenaline to the rest of the student body. At the University of Pennsylvania, I hope to join the Wharton Investment and Trading Group and ultimately participate in the Dodge and Cox Case Competition, to be around a group of peers who not only share the same enthusiasm I have for investment, but have also experienced the same inner fervor that comes with this activity.Another aspect of Wharton that greatly appeals to me is the Small Business Development Center, and specifically, its High Impact Growth Consulting Program that provides undergraduates with the chance to gain valuable business experience working with CEOs. Last year, I participated in my school's first Venture Incubator and established my own company, Philadelphia Designated Driver, LLC. Having an opportunity to work with and learn from older, more adroit veterans of the entrepreneurial community will allow me to successfully expand my business by exposing me to their techniques and experience. I would look forward to establishing new strategic initiatives using the solid problem-solving skills I will develop.Additionally, I am attracted to the many research opportunities that Penn and Wharton offer; more specifically, I would love to become a Joseph Wharton Scholar at the end of my freshman year. I recognize the value of a liberal arts education in honing invaluable critical-thinking skills and gaining a mature perspective on every facet of life. Paired with the exploration of business, this combination of scholarly studies will impart to me the necessary knowledge and command of fundamental principles required to pursue an occupation in diplomatic relations. Taking advantage of courses in both the College of Arts and Sciences and Wharton is an opportunity that excites me because the insights from these differing schools will enrich my education.Choosing The Wharton School for my early decision application was an obvious choice as I'm seeking a university characterized by the people and courses that resonate with my interests and career aspirations in diplomacy and business.University of MichiganQ: Everyone belongs to many different communities and\/or groups defined by (among other things) shared geography, religion, ethnicity, income, cuisine, interest, race, ideology, or intellectual heritage. Choose one of the communities to which you belong, and describe that community and your place within it (250 words). A: My life and cultural background have been shaped by the Soviet-expat community of Northeast Philadelphia. My parents, who immigrated to America from Azerbaijan in 1991, created a support network within this thriving group when they came to the city; thus, the organizations and people of this collective have been the foundations for many of the experiences I've had today. I learned piano from a Russian teacher; was taught chess by a Georgian trainer; spent my time playing tennis with an Uzbek coach; even drove 50 minutes to get my hair cut at a Ukrainian barbershop.In attending a private school on the opposite side of Philadelphia in a mostly established American population, I experienced a disconcerting culture clash through the contrasting perspectives on society and its norms. New classmates treated me with an attitude of amazement when they learn about my back-story, like seeing an animal they'd only read about. But, instead of trying to hide this aspect of my life, I embraced it; in essence, I became an ambassador. I organized a school-sponsored trip to Russia for the older students, educated younger children by creating a booth for the Lower School Multi-Cultural Day, and brought friends to Azeri restaurants to give them a tangible understanding of my cultural heritage. Even now, I actively work within my school to highlight the qualities of my community; I want my classmates to see the people that developed my character not with intimidation, but with an interest in comprehending a foreign culture.University of Michigan This is a tweaked version of my Why Penn essay. I highly suggest to do the same when it comes to writing multiple essays that discuss similar topics.As someone who has been fascinated by the linked operations of economic systems and governmental procedures since my discovery of videogames such as Civilization, Total War, and Age of Empires, I am excited to pursue a concentration in economics and a minor in international studies at the College of Literature, Science, and the Arts at the University of Michigan. While self-studying for the macroeconomic and microeconomic Advanced Placement exams in my sophomore and junior years, I found myself enjoying learning the basics of core, economic principles; however, this comprehension did not feel complete because there was no thorough explanation on how changes in supply and demand, the money market, price elasticity, etc. affect politics and the decisions of policy-makers. At UM, I hope to compliment my study of a business-related field with an education in international affairs. I am especially interested to join the Global Scholars Program during my sophomore year to be exposed to diverse opinions and experiences working with international students. I chose the Ross School of Business for my preferred admission primarily because of its Carson Scholar program and the Business and Public Policy Capstone course.  With my career goal of becoming a U.S. diplomat, this scholarly study of both business and politics will impart to me the necessary knowledge and command of fundamental principles required to strive for an occupation in diplomatic relationsInvestment has always been a passion of mine, starting from dabbling in virtual stock market simulators like Wall Street Survivor in middle school. My interest was only enhanced when I quickly gained a \\\u2018profit' by inputting random symbols and purchasing copious amounts of shares. Finally, in December 2013, this attraction to investing led me to the world of cryptocurrency, specifically the advent of Dogecoin. For days, I sat in front of the computer for almost 24\/7, buying and selling, investigating graphs, reading news articles, etc., eventually getting out of the game with a handsome profit just as the price collapsed due to a speculative bubble and an overabundance of product. It was the thrill and excitement from this experience that led me to co-found an Investment Club at my school; I wanted to bring that rush of adrenaline to the rest of the student body. At UM, I hope to join the Michigan Interactive Investments club not only to enhance my current understanding, but also to be around a group of peers who share the same enthusiasm I have for investment.Another aspect of UM that fascinates me is the Center for Entrepreneurship, and specifically, the Program in Entrepreneurship. Owning my own small business created through an entrepreneurial curriculum at my high school, I look forward to establishing new strategic initiatives using the solid problem-solving skills I will develop in this collegiate level organization. Choosing LSA at UM for my early action application was an obvious choice as this university, its programs, and its groups greatly resonate with my interests and intended career path. Gazing at my Twitter feed, I see the comments of friends and families reduced to what might be described as the incoherent ramblings of deranged lunatics. I begin to think: since the dawn of mankind, the drive to simplify and expedite has been at the core of progress. From nomadic hunting to permanent farming, carriages to cars, encyclopedias to Wikipedia, advancement has been characterized by the human desire to make every facet of daily life easier, quicker, more efficient. But with regard to Twitter, does the pursuit of speedy communication justify what can feel like the blatant disregard of language? University of Virginia Q: To tweet or not to tweet? (Half-Page\/Roughly 250 words)?A: The contemporary age we live in \u2013 the era of social media, of the Internet, of texting and cloud computing \u2013 sacrifices the need to know for the need for speed. Twitter and similar platforms provide the fastest way to exchange information since the advent of the semaphore telegraph; however, these services only require a very basic comprehension of modern language. An individual only has to know the 'gist' of how words and syntax function to be able to communicate through these mediums. But, all in all, I guess this isn't such a terrible thing; in the end, does it really matter whether or not someone is a writing virtuoso as long as all parties can understand the exchange? And, after all, language is meant to be adaptable; abbreviations and abridgements should be encouraged, not punished. Realizing this, I nod to myself in approval, and tweet: 'ayooo jus hd ma mind turnt by all dese thots!!! #thethinker #Rodin #deepinspace #atruecasanova.'University of Virginia Q: What work of art, music, science, mathematics, or literature has surprised, unsettled, or challenged you, and in what way (Half Page\/Roughly 250 words)?A: I still remember the first time I heard of Ayn Rand: my older cousin, right before leaving to college, handed me a copy of Atlas Shrugged and told me to read it someday. At the ripe-old age of ten, I had more important things to do than read a thousand-page book.However, from that moment, Ms. Rand was always in the back of my mind, waiting to pounce at an inopportune time. That time came in my junior year of high school. One of my close friends declared that Atlas Shrugged changed his life for the better. I eventually took the plunge into objectivist literature; but instead of choosing the ever-present Atlas Shrugged, I began one night with one of Rand's earlier novels, The Fountainhead. After downloading it onto my Kindle, I began to read. And couldn't stop.  The ideals that this piece of literature propagated contradicted the very beliefs and values I had spent my life aiming to attain. As much as I wanted to support the protagonist \u2013 Howard Roark \u2013 through his struggles, I could not bring myself to adhere to the individualistic, selfish nature that Rand's definition of the 'perfect man' exemplified. The idea of absolute self-interest above altruism struck a negative chord with me, someone who had been volunteering at numerous organizations since freshman year. Rand's way of representing this collectivist attribute, characterizing it as na\u00efve and ignorant\u2013 overwhelmed me with anger. The extremism of Rand's philosophy unsettled me at my very core; I finished the novel out of spite, because, in the end, it only strengthened my innate convictions and morals. UC Berkeley Q: Describe the world you come from \u2014 for example, your family, community or school \u2014 and tell us how your world has shaped your dreams and aspirations (No specific world limit).A: Baku and Philadelphia: a tale of two cities. These places and their encompassing cultural distinctions have defined my life and the person I am. Growing up in a household run by Soviet expatriates from Azerbaijan, I spoke Russian before I spoke English; because of this, my young self encountered numerous problems. For example, on my first day of Montessori school as a budding four year old, while tranquilly riding a baby blue tricycle along the asphalt, I proceeded to lose control of the vehicle and launch across the black top in a mix of blood, sweat, and tears as tens of preschoolers watched, mouths agape; what followed was a massive, confused frenzy as faculty attempted to find out what happened while I screamed Russian words they could only interpret as the ramblings of a deranged lunatic. Being raised by Azerbaijani parents, I had an experience that differed in many aspects from the average American child's: living with my grandparents for the first five years of my life as my parents worked, everyday food consisting of traditional Lezgian and Azeri cuisine such as dolma (grounded meat wrapped in grapevine leaves) and qutab (pancake dumplings stuffed with meat or vegetables) instead of the classic meatloaf, and abiding by strange superstitions such as no whistling in the house and stepping on someone's foot after they stepped on yours. Nevertheless, this background allowed me to view every issue, every argument, with multiple perspectives and without any dogmatic personal beliefs or predispositions. My father used to fondly tell me stories of his childhood in the Soviet Union, and many of the lessons and values he learned growing up in that country were instilled in me as a young child. However, as I went through multiple middle and high school history courses, watched television and movies, and read books, the foundational ideas I had adopted were challenged as all of these sources described the 'communist' Soviet Union, its society, and culture, as almost inferior to that of the United States. It was like experiencing culture shock in one's own country; how could I agree with these sentiments when they directly opposed certain principles already invested in me? So, I adapted accordingly, finding and seeing the ideals of these conflicting ideologies that I personally found important. I didn't inherit a system of values from my parents or teachers; instead, I created a unique one of my own, grappling in my own mind, to discover my own values. This world \u2013 my world \u2013 and cultural environment have unlocked my love of languages. Visiting countries such Russia and Azerbaijan where I could communicate and interact with its denizens, I realized that, to truly comprehend an exotic land and international community, one must be able to learn directly from the society and its people; this aspect is what prompted me to take both Arabic and Spanish in school, as well as German courses through Coursera. All of this \u2013 the ardor for conversation, the self-culmination of values, the exposure to culture shock \u2013 is what induced me to stumble upon the Foreign Service website and recognize what I want to with my life: become a Foreign Service Officer and delve into the world's cultures with my personal experiences and passions. UC Berkeley Q: Tell us about a personal quality, talent, accomplishment, contribution or experience that is important to you. What about this quality or accomplishment makes you proud and how does it relate to the person you are? (No specific word limit).A: If you've ever played, you know that nothing can compare to the grueling nature, the tense ambience, and the painstaking physical and mental demand of an official chess match. Obviously, chess can be seen as a fun, relaxing activity when played among friends and relatives; however, it becomes a nerve-wracking, suspenseful battle, a nail-biting war between two minds, when played in the deathly silence of a tournament hall, where only the echo of ticking clocks can be heard.  My parents introduced me to chess when I was five years old, driving my sister and I to a chess coach out of the blue. Since then, I have loved the game. Analyzing positions, looking at endgames, and memorizing opening was something I was good at until the fateful day when I lost to my sister at our first ever tournament, held at the local library. I was devastated; I couldn't believe I was not the best at something I was so passionate about.  From that day onward, chess drifted out of my life as gradually as my sister's success in the game increased. It was an inverse relationship. Traveling to a multitude of tournaments throughout our adolescent lives, I reached a certain point in my career where I plateaued while my sister continuously increased her rating. After seeing my sister win numerous prizes and awards and coming in second numerous times without ever securing a first-place win, my motivation to practice slowly extinguished. I still relished the adrenaline-rushing feeling when realizing, after extensive calculation, that there was an inevitable victory on the board, but I couldn't bring myself to practice a sport I wasn't excelling at. Finally, in 2011, I decided to take a hiatus.  During my break, I started a chess club at school. Although it started as a small, once-a-week gathering of friends, it soon grew to a sizeable group of people that came together to play a game they enjoyed. Out of this weekly event, my passion for chess was reignited; realizing the pleasure and satisfaction this game instilled in me led me to want to restart my halted career. So, starting in November 2012, I practiced everyday with my sister \u2013 who had a rating over 2000 at that point \u2013, culminating my efforts in the 2013 Liberty Bell Open in January 2103. And, after three gut-wrenching days, I won. I finally achieved my childhood dream; I was especially proud to be a living example of the age-old adage, 'hard work always pays off in the end.' This accomplishment made me comprehend that life isn't always about winning or annihilating your opponents; it's about finding the things you love doing and actually doing them no matter the outcome. Penn State- Schreyer's Honors CollegeQ: Many school districts have been faced with the decision to eliminate\/cut back programs (academics, athletics, extra curriculars, etc.) in order to compensate for budget shortfalls. If you were in the position to make such decisions, what areas would you target for elimination\/cut backs and why? (No specific word limit).A: Good evening ladies and gentlemen, Once again, we find ourselves at the annual budget meeting needing to find a program to eliminate from the district curriculum. Time and time again, we have decided to cut back on the arts, music, and even athletics; however, as the ancient adage dictates, 'fortune favors the bold.' With that being said, I would like to propose we cut the entire history department, except for a mandatory freshman class about America's past.  Now, why would someone even consider removing something so seemingly essential to the core education of the student body? Since the dawn of civilization, the knowledge of history has been a key quality of the educated and of understanding the human identity and its future. However, this was during an era when information was scarce and solely confined to the physical pages of books and encyclopedias. In the modern age, any fact or detail can be instantly found with the click of a button. There are now thousands of websites, miscellaneous electronic sources, and public libraries that students can peruse on their own time with little to no effort if they have a specific interest in history or a related field. Subjects such as art and music, that stimulate creativity and innovation in all aspects of student life, are not readily available as part of the average student's daily lifestyle; therefore, these must take precedence over an ubiquitous subject such as history which lends itself better to self-study. Additionally, history has become an obsolete concern in contemporary society, events, and issues. In the age of computers, the Internet, space travel, satellite television, etc., human advancement is better defined by technological progress through science and mathematics instead of growth through revolutionary philosophies and ideologies. To prepare students for the future \u2013 one that emphasizes engineering, design, and scientific perfection \u2013 history must be addressed as only a secondary concern. While it is important to look at past scientific breakthroughs, transformations, and mistakes, these can be taught in the context of science-based courses instead of ones primarily focused on the actual history of the events.  This being said, not all history courses should be eliminated from the high school course syllabus; what I propose as a foundation is a yearlong, compulsory American history class for all incoming ninth grade students. It is important to learn about one's country's past, how it gained its independence, and how, through the understanding that comes from comprehension, an individual can strive to continuously improve the nation. For our students, giving them a platform of inspiration through the teachings of our Founding Fathers and our great nation's rise in power and affluence in the international community will further propel them to seek out positive change for the local and national collective. History is not easily altered; but, as Winston Churchill declared, 'history is written by the victors.' So, with this pivotal budget decision, let's change it.  Penn State- Schreyer's Honors CollegeQ: You are required to spend the next year of your life in either the past or the future. What year would you travel to and why? (No specific word limit)A:  Everyone dreams of traveling in time. As of now, this notion is not even close to becoming a reality but, after constant deliberation, many people already know exactly when and where they would go if the technology to make it a possibility is invented. Some would choose to travel a couple of years into the future and write down all of the winning lottery numbers that they missed or look up the victors of the World Series to become wealthy upon their return. Others would travel back in time to visit a relative or friend that passed away. Some, even, would try to save respected leaders such as JFK or prevent deadly disasters such as the sinking of the Titanic. However, I would choose to visit the year 2553 B.C.E. to witness the construction of the Great Pyramid of Giza in Ancient Egypt.  Why would I choose such a seemingly inconsequential point in the history of human civilization to travel to? Would it not be more exciting and staggering to travel to the Roman Empire during the Pax Romana or see New York City during the Roaring 20's? Ever since playing games such as Civilization and Age of Mythology, I have been interested in the culture and great wonders of the Ancient Egyptian Empire. After watching a segment on the History Channel about the ambiguity on how the Great Pyramid and its counterparts were actually built, my interest was only enhanced. Was it assembled by a horde of slaves or meticulously planned and erected by an enormous team of skilled laborers? Were the stones used as construction materials dragged through dampened sand or were they rolled from the quarries over a log transportation system? Was the structure simply built by placing the stones one-by-one or was it created from the inside out with a temporary, interior, smooth spiral staircase? By living for a year in this time period, I would finally be able to settle the age-old questions that have been troubling scientists, historians, anthropologists, architects, archeologists, and, most importantly, me. Maybe, after all, aliens did actually visit the ancient Egyptians and give them the technological capabilities to erect the Great Pyramid; this fact would only reveal a thousand more questions and would completely overturn contemporary scientific thought and the modern world. No matter what I encounter or experience, just being able to inspect and examine the construction of a structure that has survived for thousands of years is amazing in itself. "}]}