{"schema":{"fields":[{"name":"index","type":"integer"},{"name":"personal_essay","type":"string"}],"primaryKey":["index"],"pandas_version":"0.20.0"},"data":[{"index":0,"personal_essay":"] My career aspirations were earnestly impacted by a trip to the Tiger-Leap Gorge, a remote mountain area in northwestern China in the summer of 2013. During my stay, I befriended a 12 year old boy who had to walk six hours daily on narrow mountain roads to attend school. There was no school bus, and dorms were reserved for students who lived eight hours away. Living conditions there were harsh, healthcare scarce. Doctors had limited access to modern medicine. I made a promise then that I would learn the skills necessary to develop technology to help improve the lives of people in remote regions of the world.I decided to start a medical information project in June 2014. The idea hit me after a visit to my pediatrician, where he talked about the benefit of online medical information to his practice. I realized that my pediatrician was using this information passively. For example, his inquiries were often limited to subjects related to his diagnosis. I thought that medical information could be more effectively used if it was integrated into physicians' practices. I developed software with a smart filter capable of selectively retrieving medical information related to a patient's medical conditions. I envision a future for medicine where computer software works alongside physicians to perform diagnoses and designs treatment protocols.I created the app, 'Biomarker,' as the first product of my project. It provides medical information on biomarkers (genetic, protein, and cellular markers for diseases), and could serve as a reference guide for physicians. Biomarker was my first large scale software project, taking almost 10 months to complete. There were many struggles and frustrations along the way. The app required implementing a biomarker database (BioDB). When the program was first completed, it didn't work. The BioDB did not link to the app. It turned out that the Android OS automatically rerouted all data requests to its embedded database at a default location. I resolved the issue by removing the default database and adding the necessary codes to redirect requests to the BioDB. The app, however, still did not retrieve data from the BioDB. Combing through thousands of lines of code, I could not find the fault. Frustrated by this 'hidden' bug, I looked for clues in online programming forums. One poster mentioned that the Android OS is incompatible with the language Java 7. It was as if the program was attempting to use instructions written in a foreign language. I took a crash course and translated my codes into Java 6, an Android compatible language. The app ran successfully. Biomarker was published on the Google Play Store.Completing Biomarker gave me the same joy that I experienced when I stood atop Alaska's Harding Icefield. I felt an overwhelming sense of accomplishment, euphoria, and pride. The spectacular view of the Harding Icefield's vast white snow\/ice glacier extending far beyond the horizon amazed me, and I appreciated the rare opportunity to witness this breathtaking beauty of nature. I realized that scientific explorations are like natural adventures\u2014a search for knowledge of the unknown.Biomarker has given me the confidence to succeed. I plan to develop new features that help doctors practice preventive medicine by identifying biomarkers related to patients' medical profiles and assessing their propensities for diseases. With this information, doctors can recommend preventive measures. For example, if a genetic profile suggests a patient is susceptible to heart disease, the app could inform doctors about the preventive drugs and lifestyle changes that would most help the patient. At this stage, I am expanding my technological skills and developing algorithms that implement these features. I must complete these new features and working toward my dream of improving healthcare in remote regions of the world. "},{"index":1,"personal_essay":"I have held a volunteering position at the NAME REDACTED Hospital System for the past two years. My responsibilities included interacting with dementia and post operative patients. The patients had limited mobility, and depended on the staff of nurses and volunteers to attend to their needs. I want to continue being a part of thehealthcare community.I have always enjoyed helping people, no matter the question or concern. I find it to be my duty as a young man to help those who cannot help themselves. It is important for the younger generations to hold their elders in high esteem and care for them. It is equally imperative that we protect the innocent. My volunteer work at the hospital has reaffirmed my beliefs.Working at the hospital has had an impact on my career aspirations. My interactions with the patients have shown me the overlooked part of medical care. The day to day actions by doctors and nurses keeping their patients in continuous health or recovery is often lost by the drama of surgery or intensive care unit stereotypes. I have always wanted to be a doctor to help others. I have decided to pursue a career in the United States Navy Medical Corps to help people across the world. Following my experiences at Holy Redeemer, I hold a better understanding of medical practices and how doctors assist patients.I have always had a profound interest in biomedical research. It is an interdisciplinary science incorporating the modern technologies of engineering, mathematics and computer science with that of biological sciences. Biomedical research has always been at the forefront of technological breakthrough in medicine. I want to be part of this vibrant field of science.My motivation to attend USC is inspired by its academic excellence and reputation as one of the world's premier research institutions in biomedical sciences. USC is one of the few universities that offer a learning environment for interdisciplinary collaborations. For example, research at the Bridge Institute to build an atomic resolution structure of man requires collaborative efforts from multiple scientific fields including biological sciences, medicine, and mathematics. I want to learn how professors tackle difficult problems in subjects of their interest. I want to learn how to apply knowledge of physical and computer sciences to solve complex medical problems. I plan to build my knowledge base from the bottom up. I will focus on studying basic biology, chemistry, physics, and computer science during the first two years of college. Knowledge from these courses will set the foundation for learning interdisciplinary sciences in my junior and senior years. Browsing through the USC website, I find my study plan is very similar to the designed curriculum for biochemistry or biophysics. During the course of my undergraduate studies, I hope to find opportunities to work in professors' laboratories where I can learn theprocess of biomedical research and discovery.I have always wanted to be a doctor. When I was a child, my father enjoyed telling me stories about his youth. He attended the First Shanghai Medical School, but forfeited his degree to immigrate to the United States in search of a brighter future. When he arrived in Los Angeles, he was overcome by the freedom and opportunity that awaited him around every corner. My father worked in manual labor for years to pay for his college education. In the end, he graduated from one of the most prestigious universities in the United States with a doctorate in chemistry. My father's stories made me aware of the prospects that I have. They have inspired me to serve as a doctor in the United States Navy Medical Corps.The Medical Corps depends on young, dedicated doctors to treat patients across the world. Their personnel not only treat marines, sailors, and their families, but they also attend to civilians in remote regions of the world. Navy doctors are often deployed in the face of humanitarian crisis to treat those affected by natural disasters or refugees from war zones. I hope to offer those people a taste of the freedom that my father experienced when he arrived in Los Angeles by providing them with healthcare that they would usually be unable to afford or obtain. I have the opportunity to obtain a higher education in the United States, and I want to use that education to help others around the world."}]}