{"schema":{"fields":[{"name":"index","type":"integer"},{"name":"personal_essay","type":"string"}],"primaryKey":["index"],"pandas_version":"0.20.0"},"data":[{"index":0,"personal_essay":"] The All-State Orchestra was the chance to prove that I was one of the top high school cellists in the state. My first year, I was rather immature about practicing and thus failed to make the orchestra. Next year, however, as soon as the excerpts came out, I immediately started practicing and adhered to the rigid practice schedule I had created for myself. I vowed not to let a lack of discipline again be the cause for me not making All-State. When the audition finally came around, I felt ready. I didn't feel too nervous, and walked in confidently when it was my time to go in. Once I sat down, however, all the pressures I had put on myself while practicing for this one audition suddenly attacked me. I was overwhelmed by thoughts such as, 'If you fail, all that time you spent practicing will mean nothing!' I started to play, but my limbs felt out of my control. A pervasive feeling of panic took hold of me throughout the audition and all of my notes sounded shaky and timid. I left the audition knowing that, once again, I had not made the orchestra. My four months of hard work amounted to nothing simply because I couldn't control nervousness. After I was informed that I hadn't made All-State, I felt real depression. For a while, all I could do was mope around while the thought, 'I worked hard and still failed' plagued me. I remember couching myself in front of the tv while watching comedy and after comedy in an attempt to break out of this bleak, sad bubble. My failure forced me to question why I even played the cello. Doubt began to gnaw at me. How could I ever make it in the music world if nervousness was going to spring on me every time I had to play for another person? After much thought, I realized that what hurt the most about my failure stemmed from my fear that the people whose opinions I valued the most would not see me as a good player unless I made All-State. I started to wonder if I only played cello as a way to gain confidence from others. Then a memory from a concert one month before came back to me. For one precious moment during that concert, the beauty of the music had fully possessed me and I had felt connected to the rest of the orchestra emotionally, intellectually, and spiritually. This memory brought to me the understanding that music is meant to create beauty and that trying to use it as a way to attain self-esteem through others is bound to fail. This year, I practiced diligently but also with a feeling of peace that I lacked previous years. Because of my new outlook on music, I knew that my merit as a cellist was not solely dependent on making it into the All-State Orchestra. Instead of robotically trying to perfect every note, I tried to enjoy practicing and really feel the music. Then I found myself in a concerto competition where, just like the All-State audition, I had to play live for judges. The nervousness returned. I was very intimidated by the judges who were sitting six feet in front of me and was sweating and trembling uncontrollably before I had even started to play. Once the music started, however, my nervousness turned into something else. I felt the judges responding well to my playing and, for the first time, actually enjoyed myself during a performance that was being judged. I discovered that nervousness did not have to be a demon that held me back but in fact could be channeled into a very exciting energy.  "},{"index":1,"personal_essay":"When tackling this question, I first decided to research the etymology of the word 'odd'. I learned that it is derived from the Old Norse word oddi, which means 'third or additional number.' It was first used as an English word circa 1300 AD and meant 'constituting a unit in excess of an even number.' Not until the 1850's was the meaning 'strange or weird' attached to the word 'odd.' Perhaps someone has already given you this information.Only, I wondered how exactly did this simple word relating to numbers eventually come to have among its definitions, 'different from the ordinary in a way that causes suspicion'? Why does the word 'odd' have such negative connotations? Perhaps it has to do with the human tendency to want to pair things together: We love the romantic idea that everyone has a soul mate. Sprinkled throughout our language are fun idioms like 'two peas in a pod' and 'tea for two and two for tea.' The word 'even', from the word efen, did originally mean 'level or harmonious,' so maybe that's why evenness is calming to us. We like the seeming stability in even numbers. We are pleased by the resulting symmetry in something that has been perfectly divided into two parts.Since we love evenness, we as a result hate oddness. There is something chaotic about odd numbers; they elude us and refuse to settle down. All is well when each sock is matched up, but that pile of unpaired socks lying in our closet threatens our precious sanity. We fear the odd and fear being odd. So we conform and try to make others conform. We try to change who we really are so that we aren't 'the odd one out.' By doing this, though, we are trying to force an artificial new self into our being. Except, unlike our lovely pair of matching socks, this duality in ourselves is not stable since our two parts are neither identical nor able to coexist. It's a full out war inside of ourselves that we could easily end if not for the fact that we are rooting for the wrong side. Instead of cheering on our true self to victory, we allow it to be beaten down by a false self that tries to replace our true self in an attempt not to be that odd person that is disliked and misunderstood. One cannot have two true selves; there is not room in us for two wholes. We cannot destroy our singular true self, and so by supporting something in us that is not actually a part of us, we end up confused and unhappy. We have forgotten the power of the oddest but best number, the number one. When we are our true, indivisible and individual self, we are at our best. It is only when there is internal harmony within that a person can achieve happiness and his or her full potential. What's odd about odd numbers is the fact that we are afraid of them. What's odd is that we aren't true to ourselves. What's odd is that we don't want to be odd. I am not one of those people who already has my entire life planned out. When the inevitable question, 'So, what do you want to study?' is thrown at me by a well-intending person, I have no answer for him or her. I know that he or she is expecting a quick-fire response like 'Biology' or 'Chemical engineering', but I don't have that answer in me. I want to tell them, 'I want to know what the good life is. I want to know if there is a God. I want to know what true happiness is and how to attain it. I want to know what it means to be good', but I am fairly certain that in most cases, my friendly interrogator would just stare at me blankly. So I say nothing.Ever since I learned about the concept of The Renaissance Man in eighth grade medieval history, I have wanted to be that person. I don't want to be a narrow person who is only made up of narrow interests and narrow abilities. I want to be an interesting person who knows where she fits in this large, often intimidating world. While I was researching colleges, I found a website that had student reviews of their school posted. One particular UChicago student's review really stood out to me. While describing the students, she said, 'What attracted me to this school are the people who are passionate about something incredibly detailed or quirky, who are able to have a deep conversation about everything, who have overtime acquired a large number of hobbies and interests. We are all intellectuals, but we are often artists at heart. We are ambitious in a non-standard way, and we want to do everything.' Here at last, I had found the perfect description of the kind of people I wanted to be surrounded by in college. These were the kind of people with whom I could discuss what truly matters to me with on a profound level. At UChicago, I could be amongst many other young people who are truly interested in the entire world, not just some small part of this huge universe. After researching UChicago more thoroughly, I realized that its ability to attract this kind of person was directly related to the its liberal education philosophy and core requirements. I am certain that UChicago's core, with classes titled, 'Human Being and the Citizen', 'Power, Identity, and Resistance', and 'Mind', will help me become a modern Renaissance Woman who has pushed herself intellectually and is proud of what she has accomplished. Sure, I can also check everything else on my list when it comes to UChicago. Location in a culturally significant city? Check. Opportunities to play both in a high level orchestra and in a smaller chamber group? Check. Large libraries with a huge collection of art, books, and music manuscripts? Check. A wide range of beautiful buildings, including buildings by two of my favorite architects, Frank Lloyd Wright and Helmut Jahn? Check. Study abroad programs? Check. A wide range of majors to choose from to accommodate my indecisiveness? Check! Ultimately, however, it is my belief that UChicago will propel me into becoming the well-rounded but knowledgeable person I want to be that attracts me to this university. I know that I will thrive amongst peers and professors who have something to say. The kinds of people who won't let me say nothing. The kinds of people who will make me want to say something. (note: in the actual essay, I had a few pictures from my favorite movies, artists, and books. I think having some color in the essay was nice. Also, this rambling 'essay' still really embarrasses me so don't judge too harshly)Movies:Opera used to be the most encompassing of all the art forms: it contained story, music, philosophy, and acting. I think that nowadays, movies are our modern day operas. I love that one single great movie can represent the magnum opus of thousands of people. A sort of awe is always created in me while I stare at the list of names scrolling down the screen in the end credits of movies. Specifics- I adore the quirky but tragic quality in the main characters in Wes Anderson's films and the bright and strange worlds that he creates. Tears often slowly trickle down my normally rather stoic face as I watch Christopher Nolan's hero's struggle against seemingly unbeatable forces such as chaos and memory loss. The effect of watching the main characters curl into the fetal position at the end of Darren Aronofsky's film Requiem for a Dream and hearing Nina in Black Swan whisper, 'I felt it, perfect. I was perfect' will never lose their impressions on my soul. My favorite movie genre as a whole is definitely sci-fi action and fantasy films because they present worlds that excite my imaginations and often explore philosophic and political ideas in original ways. Also, in my opinion, this genre tends to have the most daring orchestral scores (Lord of the Rings, anyone?). Particular favorites in this genre include The Matrix (which will never cease to be the coolest movie ever created, fyi), Godzilla (I just had to see it twice in theatres. I would've seen it three times if I could've), Pacific Rim, How to Train You Dragon, X-Men: First Class, and Sleeping Beauty. Music:I have played the cello since I was five, so I have a particular fondness for classical music. Bach, Mozart, and Beethoven are all genius gods of beauty in my mind, as they should be in every human on this planet's mind. I currently am obsessed with the 4th movement of Mahler's 1st symphony and the 1st movement of his 2nd symphony. If you have time, you ought to go listen to them. I stop breathing every time that I hear the opening of Brahm's 3rd Symphony conducted by Leonard Bernstein.  I cried when I played it and I still cry whenever I hear the fight theme force its way into the love theme in Tchaikovsky's Romeo and Juliet Overture. . . Honestly, I could write pages about my favorite classical music pieces and composers, but I think that here is a good place to stop. I am well aware, however, that classical music is not the only good genre. I especially love the life in the Dropkick Murphy's music, the intelligent, lyrical insanity of Eminem's music, the musical melodies in Muse's pieces, the range of moods created in Franz Ferdinand's songs, and the sort of existential, empty feeling in Gotye's electronic music. Favorite Books (Let's change up the format):1. The Picture of Dorian Gray \u2013 I have to have read this book over 15 times by now. I love beautiful, but in many ways poisonous, language of Oscar Wilde. Every time I read this book, I ask myself if I would take the opportunity to be eternally young and beautiful at the cost of seeing my own soul projected onto a painting. Sometimes, I am afraid of my answer to this. This book is proof that art can be dangerous. 2. The Neverending Story- The most beautiful novel with a moral ever written.3. Mao's Last Dancer- True stories are always the most inspiring.4. Watership Down- I first read this when I was in the sixth grade and, while I did enjoy it, all was to me was a fun adventure story about a group of rabbits. Now I realize that it is a much deeper work that explores different types of human societies. 5. We the Living- Every once in awhile, we find that fictional character that just seems to be exactly who we are. In We the Living, I always feel that I am Kira. I do like Ayn Rand's work, but they often get very preachy. I think this novel fully gets across her insightful philosophy without that preachiness. 6. Slapstick- Vonnegut himself rated this novel a D but I disagree with him. Hi ho.7. The Westing Game \u2013 This was my favorite book throughout my childhood. It's hilarious and intelligent.8. Julius Caesar \u2013 This play marked the first time that I truly got excited during a discussion on literature. I really feel for Brutus and the horrible decision he had to make about friendship vs. the good of the state. I still don't know if he did the right thing.9. His Dark Materials Trilogy \u2013There's something (maybe wrong) in me that likes seeing humans try to rise against the Almighty God. After reading Milton's Paradise Lost and seeing how Pullman connected his story in many ways to this epic, I was able to appreciate this series even more. 10.  1984- I'm not really sure why this novel is one of my favorites. I have never been more terrified or depressed after reading a book. Honorable Mentions: Watchmen, Frankenstein, Utopia, Hamlet, Maniac Magee, The Stranger, A Wrinkle in Time, Mrs. Frisby and the Rats of NIHM, The Call of the Wild, The Chosen, Heart of Darkness, Crime and Punishment, Roll of Thunder, Hear My Cry, Brave New World, The Giver, Paradise Lost, The Iliad"}]}