{"schema":{"fields":[{"name":"index","type":"integer"},{"name":"personal_essay","type":"string"}],"primaryKey":["index"],"pandas_version":"0.20.0"},"data":[{"index":0,"personal_essay":"] Adulthood, in my mind, is not in rooted in age or some trivial event that marks some occasion, graduation or something of the like. It is the acceptance of responsibility of oneself and people who depend on you. To me, the event that transforms one into adult is taking a long walk off a short pier of life; being thrust into life of altruism and responsibility; moving into transcendence from the common self-centered ideals of children. An adult is one who repays the debts to society that they amass as children with positive attributions.Adulthood for me began the day my father was hospitalized for a form of arrhythmia that occurs randomly from electromagnetic stimulation. This fateful moment of diagnosis plunged me into the life of an adult when I was in eighth grade. No longer worrying about the common gossip of the middle school lunchroom, I worried about my father battling some condition of which I had never heard. My emotions became devoted to my younger siblings and my mind to understanding the condition. To my siblings, I became an adult; the one to whom they asked questions, the one they could count on. My homework was the amalgamation of doing my school work, helping with my siblings' educational needs, and taking care of some responsibilities of the household.After the diagnosis, I became like a third parent, taking responsibility for the runoff tasks that needed to be done. From that moment, I became a master of multi-tasking and time budgeting, getting not only my school work completed but also my responsibilities to the household, and the family construction business. As my father was able to do much less than before, I became a crutch for him and my mother to lean on. I remain solely focused on being strong not for myself but for my siblings and family who have come to rely on me. Through this I have never stopped to feel sorry for myself or let my schoolwork slack. Instead I invested my time in researching arrhythmias and learning CPR in preparation for the worst case scenario.In my junior year, this skill became invaluable and what I thank for having my father here today. The day his heart stopped and my CPR training paid off, was the day that I learned the fragility of life and my addiction to helping others. My addiction is not to the accolades associated with the helping of others but the simple fact of knowing that individuals make a difference, and this is the addiction that keeps me fervently focused on my education. As education is the most useful tool in ones arsenal when attempting to help people.These fateful days keep me forever appreciative of the time I have and the strength one can pull from others. The days of practicing martial arts with my father have become even more precious I as reflect on having limited time with him. This is what adulthood means to me; having the strength to carry on despite the circumstances, caring for others and their needs, and appreciating all of the small moments in life. These make me an adult, regardless of age, these qualities make an adult, and these are the qualities thrust upon you at some point in your life, even if it is through a fairly normal experience. "},{"index":1,"personal_essay":""}]}