{"schema":{"fields":[{"name":"index","type":"integer"},{"name":"personal_essay","type":"string"}],"primaryKey":["index"],"pandas_version":"0.20.0"},"data":[{"index":0,"personal_essay":"] Some students have a background or story that is so central to their identity that they believe their application would be incomplete without it. If this sounds like you, then please share your story. (prompt)By the end of my sophomore year, I had my entire life figured out down to the smallest possible detail. I knew I wanted to attend Berkeley, become the best psychologist in the world, and to join the Peace Corps when I graduated college. It was set. I was determined. I was ready. So why am I on the Common Application? When senior year came, it took me less than a month to completely change my entire life plans.      On September 11, 2014 I received an email inviting me to a presentation for Smith College that would, in an essence, change my life. I was not planning on attending the presentation because for one, it was an all-girls college, and two, it was across the country- literally. From California to Massachusetts? There is no possible chance I was to go to school there. Thank goodness for my optimism; I decided to give it a chance and to attend, along with my Women of Distinction Application summited. I left that presentation with a new impression, a new sense of empowerment, and a new friend. It turned out that my new friend was the Director of the Women of Distinction Program; I guess I set an impression because I got in and, for the first time in my life, I got on a plane, to Massachusetts. It was everything I only dreamed a college would have. So there I was, laying down after my first day in Massachusetts, completely throwing years of planning away because I had made up my mind for Early Decision to Smith. One hour of my life at that presentation, that I considered not to attend, and a weekend at Smith has brought me to this very moment in which I am applying to the only college I truly wish to attend.     Sure, I could have discussed how hard my life has been living in a low-income community or how many opportunities I miss out on because of it but in reality, it wouldn't explain the person I am. I could have discussed all of my amazing accomplishments, but then, it would feel obnoxious and superficial. Actually, accomplishments happen every day and no matter how big or small they are, they should all be important so it would be hard to pick only one. 'An essay is the only time you have throughout your application to really show your personality.' It's pretty hard to really show your true personality through an application. Everything on my resume is true, Captain of the Soccer Team, Academic Decathlon double medalist, but what you can't see is the time commitments and struggles that I overcame with a big smile on my face while doing it. That is exactly why I decided to do an interview while I was at Smith. So after looking through the five essay prompts and after exhausting every possibility for an essay, I thought, what better story to tell than the one where I almost never discovered Smith. The school that completely opposes everything that I had set my mind to for years and the school that saved me from making the biggest mistake of my life. "},{"index":1,"personal_essay":"'They don't want your help\u2026Don't waste your time\u2026One bad apple spoils the rest.' 'Not even my mom believes that I will graduate from high school, Daisy. Why should I care?' Two distinct voices, one subject of discussion- Gaby. Gaby was in the 1.0-1.8 range and I had a 3.0 GPA by my sophomore year. Although I was younger, she always expressed her admiration towards me and hatred towards herself.That same year was the year I convinced her to attend summer school andto set higher goals for herself in order to prove everyone wrong. Not only did she graduate high school last year, but she also decided to attend college.     I did not give her a high school diploma, nor did I give her the college acceptance letter. I gave her support, confidence, and most importantly- I gave her a choice. I gave her a choice to decide what she wanted to do with her life. A choice working towards more opportunities and open doors for success.(prompt said what is the best gift you've ever given)"}]}