{"schema":{"fields":[{"name":"index","type":"integer"},{"name":"personal_essay","type":"string"}],"primaryKey":["index"],"pandas_version":"0.20.0"},"data":[{"index":0,"personal_essay":"] As an eager freshman, I enrolled in the most challenging AP class offered to upcoming sophomores, which happened to be AP World History. My ignorance of world history was immense; thus, the class was ultimately eye-opening.Soon after class began, I realized I needed to comprehend each world religion in order to be successful in the class. As I arduously worked, I was astonished at how little I knew about my own religion. Being the child of divorced parents with shared custody, Sunday church services were not a luxury of mine. Yet, I never questioned my assumed devotion to Christianity. If I were asked in what denomination I believed, I could not have answered.Embarrassed and confused, I blamed my parents for failing to teach me the concept of religion with an open mindset. I felt as though precious gems were withheld from me and I was given a rock. My embarrassment and lack of exposure sparked a major interest in religion.In my quest to find enlightenment, I found that every religion is a keyhole into another culture. By understanding different religions' origins and meanings, I could see foreign cultures from a new perspective-- it all made sense! Of course Chinese people value education so immensely, Confucianism encourages an extensive education and has greatly influenced Chinese culture. I also started to comprehend the reasoning behind people of differing religions, and how religion is such a unifying, and dissenting, force. If I were a Jewish Israeli, I would feel cheated and defensive over my homeland, due to how the Palestinians treated me, as well.As I gained a more sufficient background on world religions, I felt confident about forming my own ideologies. I did not agree with each religion's values, but I learned that each religion is valuable to someone. Once I started to investigate Southern Baptism, my findings were rather interesting. My family's personal concepts had a legalistic tone, one that revolved around the people's need for salvation from themselves. I understood why some may think this way, but I was definitely not in agreement.Suddenly, I understood why my parents forced me into Southern Baptist Christianity; they believed so greatly in their Southern Baptist values that they assumed it would be best to preach these ideals to me. My disagreement and comprehension of my family's beliefs allowed me to respect why I was only taught one religion during my childhood. The decision to restrict my religious education was more of a tradition than a spiteful action.Being proselytized into a sole religion was not the real issue at hand, although it seemed to be the focal point in the beginning. My irritation came from the fact that I was never challenged to think about my own religion. I knew I was capable of making my own decisions, even those of religion, and I was determined to do so. One aspect I did not realize at the time was the difficulty of such a task. The challenges I have faced pertaining to religious preference continue to this day. My quest to understand such sophisticated concepts as religion is still in its first few stages, and I will continue on this life long journey in search of well rounded education. Despite the fact that I may never answer all of my questions, I will never regret the decision to challenge my religious beliefs. No one ever wishes to be put behind closed doors once they have seen the beauty of the world. "},{"index":1,"personal_essay":"The Wharton School towers above all other schools with its programs, professors, and opportunities. The infinite number of unique concentrations and multicultural experiences result in a versatile, yet personal, education. I am drawn to Wharton because it resonates with my background interests. Here, I will be academically at home because of all it offers in terms of my goals in education and as a business woman. During my high school career, I discovered a passion for leadership and business-related activities through multiple experiences. As Vice President and President of my high school Student Government, I recognized the responsibility and reward that comes with management and organization. I also learned the importance of networking and communication as President of the Catoctin High School chapter of the National Honors Society and captain of my high school and club soccer teams. While getting an excellent business and management education at Wharton, I will be able to expand on my leadership and athletic interests through the Undergraduate Leadership Program (ULP), Wharton Leadership Ventures (WLV), and intramural sports. Through the ULP, projects such as The Management 100 Project are especially beneficial and challenging because of the opportunity offered to apply leadership capacities in a real world situation with major organizations. The WLV will give me the opportunity to become an active student leader and collaborate with student leaders from the USMA and other countries. I aspire to become a member of the WLV Advisory Board and better my leadership skills while empowering others to do the same within the Penn community.When a language class was first offered to me in the seventh grade, I was able to pursue my fascination with the outside world by taking four years of Spanish. What some people don't realize is when you become familiar with a new culture you learn more about yourself than you do other people. For that reason, among others, I am ultimately enamored with the Cohort System and the Wharton International Program. The Cohort System facilitates cultural awareness and understanding key business tactics in one fell swoop, while maintaining the competitive edge of Wharton. The Wharton International Program (WIP) is an excellent opportunity for me to learn about different cultures in a way that is applicable to my business education. The experience I will gain in the WIP will give me the background to choose an appropriate semester-long Study Abroad program as well. I am excited to partake in such opportunities where working with global and local organizations adds a human element that is crucial to a Wharton education.As a prospective businesswoman, I realize the importance of a liberal, globalized education, and I intend to embrace it. Such an education includes both basic and applied knowledge so necessary for functioning in an increasingly globalized business world. It takes understanding to build a business agreement, and it takes knowledge to create that understanding. While at Wharton, I can achieve a well-rounded, interdisciplinary education by pursuing my interests in political science and international relations either through a specialized dual degree program or by taking courses following the One University Policy.  Being able to control my academic experience is very important to me, because like other UPenn students I am a unique individual. With the right education, driven people can achieve greatness and go beyond societal limits. With a Wharton education, I can expand my knowledge and achieve educational goals otherwise unimaginable during my life. Not only do I believe strongly in the benefit of a Wharton education; but most importantly, I believe also that The Wharton School could use a student like me. "}]}