{"schema":{"fields":[{"name":"index","type":"integer"},{"name":"personal_essay","type":"string"}],"primaryKey":["index"],"pandas_version":"0.20.0"},"data":[{"index":0,"personal_essay":"Amidst a hundred or so 5th graders sitting on beige and off-black tiles in a compact gymnasium, my chubby self turns to my best (okay, only) friend as middle school giants stroll in with their equipment and shimmering doohickeys. He looks back at me with enthusiasm, expecting a show. We feast our eyes on the lengthiest instrument they possess: the trombone. The man behind the brass tubing riffs out an awesomely obnoxious ostinato. It was at that moment we contemplated participating in band and jamming on the trombone together.Little did I know this decision would determine who I am today.My life hit an abrupt accelerando. At this age, I legitimately believed I had no significant talent or extracurricular interests. When I spoke during class or at lunch, my classmates harassed me for being Hispanic and having only one talent: eating a whole heap of Doritos. However, this entertaining performance lit up a light bulb in my head.After the middle school band preview, I met face-to-face with the only obstacles in the way of transforming my person: forms, fees, and my father. My parents were boggled about why I wanted to be in this program; no one in my family had ever picked up an instrument. Feeling courageous enough following a pep talk with my close friend, I toddled to my father and mother to tell them I wanted to do band\u2026 and then the allegro of the symphony of my adolescence began.In middle school, myriad sounds transformed my world, and the trombone often called to me with its waa-waa song. The cantabile sound drew me in and kept me coming back to music. I refined my technique and took part in the jazz ensemble, my first after school activity! This extracurricular led to my admiration for jazz music, consequently influencing my habitual scat singing. Most importantly, I met a group of individuals who voluntarily united to share something they love: music. I finally felt as if I were a part of a community.I play trombone\u2014that's the first thing I tell people when they want to know about me. I'm pleased to say that the trombone is anentity that defines me.Transitioning to high school, I met new challenges to my abilities and new opportunities to make music, to milk ballads and to blast down walls. While performing the climax of Elsa's Procession to the Cathedral at the Chicago Symphony Center Orchestra Hall, my sound was so robust that my body continued to shake until after I put my instrument away. High school also threw me into a larger, more diverse pool of students, which meant easy access to new friends and perspectives. I became a dedicated member of the music program, taking on leadership roles in various groups. I learned teamwork. That a sound must blend or rise over other sounds,that I depend on others as they depend on me to sustain the harmony of a piece.As much fun as I had in band, there were aspects of the band program that taught me tolerance and patience. The money due every year feltexorbitant, and there were always smaller fees in the form of surprises throughout the year. The cost was discouraging, especially to my family. I thought repeatedly of quitting.I stayed in band despite the cost, minor frustrations, and overwhelming time commitment. During my experience in band, I picked up more than just an instrument, because band shaped me to become cooperative and perceptive.I wouldn't have discovered my voice without this interest. Without music, my world is blank. It's black and white. As Plato declared, music is what 'gives soul to the universe, wings to the mind, flight to the imagination, and charm and gaiety to life and to everything.' It's what made me Memo.Sitting on an inviting carpet, chubby, bushy eye-browed 4-year-old Memo grasps an alien spaceship-looking controller and joins his older brother in taking in the vibrant colors of the CRT television as the song of adventure and wave file fanfares fills the room. Mario Party 2 for the Nintendo 64 was one of the first videogames I ever played, and from time to time, I still find myself resuming the adventure. There are worlds out there to explore; whenever I need to step away from the stress and pressure of reality, I play a quick game with my brothers or friends."},{"index":1,"personal_essay":"After immersing myself in computer science with Mobile App Development this summer, I'm currently interested in artificial intelligence and human-computer interaction, cybersecurity, cryptography, and creatively changing the world with technology. The EECS department, specifically course 6-3, appeals to me because of its broad range of enlightening and intense opportunities that match my interests in computing and electronics. I would love taking 6.034 or 6.9041. I admire MIT's UROP and would highly value doing research under professor Randall Davis or Shafi Goldwasser at CSAIL. EECS at MIT would allow me to contribute to the progress humanity is making with machinery.Although you may not yet know what you want to major in, which department or program at MIT appeals to you and why? (*) (100 words or fewer)"}]}