{"schema":{"fields":[{"name":"index","type":"integer"},{"name":"personal_essay","type":"string"}],"primaryKey":["index"],"pandas_version":"0.20.0"},"data":[{"index":0,"personal_essay":"While it can be said that some are born with silver spoons in their mouths, I like to think that I was born with a logic board in my brain.I was fascinated by Windows 2000 computer software at the age of two. My love for tech blossomed into an interest in coding, iPhone jailbreaking, and cybersecurity. While many of my classmates migrated to gaming, I spent my free time surfing tech newsfeeds, such as CNET, and watching Apple's tutorials and keynote presentations detailing its latest innovations.All of this has affirmed me as the 'resident geek' in my extended family: the person everyone turns to when they hit a major glitch with their phone, laptop, router, Bluetooth speaker, or software installation. Over the years, I have helped my parents, grandparents, aunts and uncles, family friends, troubleshooting their problems and assessing hardware upgrades. When my high school announced the creation of a tech help desk to complement its BYOD initiative, I was the first to sign up as a 'fix-it genius.'Meanwhile, my father, like most men his age, is more of a trend-seeking tech junkie: he enjoys showing off his latest 'fancy devices,' but possesses little understanding of the inner workings of these complex gadgets.Still, we enjoy bonding over our shared interest in electronics. Thus, my dad and I often travel from our home in Westport, CT to the Best Buy store in nearby Norwalk to check out the latest in consumer technology.It was just another Saturday during my freshman year when we made our routine trek. We were planning to head directly to the Samsung Experience Shop. I could not wait to test the features of the new Galaxy Note 3 that I had thoroughly researched online.I made a beeline over to the first table, sprawling with Samsung's newest smartphones. I was excitedly engaged with the Galaxy Note 3 demo when a sixty-something-year-old woman hesitantly asked for my help with her smartphone quandary.I responded enthusiastically, ready to assist. She proceeded to outline her needs very specific to her work as a realtor. But she worried that, at her age, her technological acumen was minimal, and the smartphone that she required would be too difficult for her to use.I listened attentively and immediately knew which phone would suit the demanding schedule of a real estate salesperson with the simplicity requisite for a kind, technologically-inexperienced grandmother.'The Note 3,' I assured, 'is exactly what you are looking for.' I proceeded to outline its salient features and saw the relief in her expression and demeanor when I demonstrated that she would not face an insurmountable learning curve. Through our genial forty-five-minute discourse, I convinced her to purchase a Note 3 at the Samsung Shop. I referred her to a Samsung representative who completed the transaction and activated the new phone. She thanked me endlessly for my assistance as I basked in her appreciation.Little did I know, Josh, the Samsung Experience manager, was observing the entire exchange just a table away. As my dad and I were preparing to exit the store, Josh breathlessly caught up to us. He remarked how knowledgeable I was and asked if I would be interested in a job.Amusedly and somewhat incredulously, my dad asked how old one must be to work as a Samsung employee. 'Eighteen,' Josh replied, presuming I was older than my actual years.I was certainly flattered as I was only fourteen at the time. Moreover, I was proud that my tech expertise was able to serve in a greater capacity: helping someone.My goal is to make technology approachable for those who might be intimidated, yet stand to benefit most from its power."},{"index":1,"personal_essay":"After college, I hope to run my own tech startup.  I am applying to Dartmouth because Thayer is my ideal school for an outstanding engineering education and for accelerating my startup ambitions.  When I visited Thayer last August, I had the opportunity to see Dartmouth's focus on student business, particularly in regards to helping students develop, finance, and patent their goods and services.  I like that Thayer's freshman courses foster collaboration amongst students \u2014 an effort essential to the structure and function of a startup team.My high school was an early adopter of technology use in the classroom but had not made a provision for students when technology went awry.  I was part of the first student group to run what we affectionately named the 'FixIT' center, but was only ever referred to as the 'Help Desk'.  Every morning of my sophomore year I arrived at 7 AM to the Library Learning Commons to help students with their devices and Google Apps for Education accounts.  For many, it was the typical question: 'How do I connect to the Wi-Fi network?'  For others, the issues were more complex: Google Drive seemed to have corrupted a file or the online grading system was preventing students from seeing their transcripts.I was happy to see the expressions of gratitude and relief on my classmates' faces when I was able to solve their problems, particularly if they were in a hurry and could not connect to the printer before that final essay was due!  Through the Help Desk, I assisted my 'neighbors':  my peers who, like me, simply wanted to give their best effort in school without the hindrance of a technological failure.At Dartmouth's Thayer School, I can be a neighbor through my engineering studies.  One of engineering's primary objectives is to develop solutions to challenges for the benefit of all. I look forward to working with my Thayer classmates on technological innovations that will benefit my 'neighbors' \u2013 Dartmouth students, faculty, and alumni, and hopefully a broader community."}]}