{"schema":{"fields":[{"name":"index","type":"integer"},{"name":"personal_essay","type":"string"}],"primaryKey":["index"],"pandas_version":"0.20.0"},"data":[{"index":0,"personal_essay":"]  Blump. That's the sound of a lethargic dive. First comes the immersion then comes the shock. The frigid water serves as a defibrillator shocking me to life. I inhale only to be reminded of Colorado mornings: the piercing 40 degree air. Only then am I awake enough to decipher the all too familiar surroundings. The sun still sleeps as my alarm blasts the lyrics to an old Taylor Swift song. I squint at the neon-green numbers flashing 4:55 AM. I give myself five minutes to groan and grovel before I get up to feed my inexplicable addiction. I toss my worn out duffel bag into the car and make the desolate drive to morning practice. I, among the seven other swimmers, change into our still-damp speedos and sprint into our makeshift glacial lake. My childhood and the water were inseparable. I spent my summers with my grandparents on the beach. They would watch as I ran into the waves with my oversized orange life jacket. Sometimes I would drift with the ocean; other times I would desperately swim against the waves. My love for the water only grew with each summer. So, naturally I joined my high school swim team.  But I never envisioned myself as just an athlete. I love swimming not for the aerodynamic dive or the rush of adrenaline or the split second turns, but the time to think. Even though I'm in the heart of a two hour practice, this is my time away from the multivariable linear algebra test I took that morning or the Physics lab due the next day. This is my sanctuary, my oasis of serenity away from regular life; this is the time to let my mind drift with the waves. Only then do I realize there are two whale emojis on the iPhone for a reason, and only then do I realize LA Times might not have the best traveling advice. Only then do I realize what I can do to change the world. Swimming is the next stroke, the next kick, the 25 yards that lie ahead. Swimming is the desire to compete, the thirst to win; it is the unwavering will to crash against the waves.  Swimming is embracing the pain and discovering new strengths in myself. Swimming is the understanding that a single stroke could mean the difference between victory and defeat, greatness and mediocrity. Now, a mere three years later, I understand that the triple practice days and sleep deprivation is no longer the exception but the expectation. I understand that swimming is pushing beyond the limit. I understand that the years of training all prepared me for that one dive, one turn, one race. And I understand that swimming is preparing me for the next stroke of life.  And as of now, before the sun comes up, I'd like to take advantage of the many laps that lie ahead. "},{"index":1,"personal_essay":"Adapted for multiple schools (many of the Ivys):WHEN I WAS FOURTEEN, I fell in love. It wasn't your typicaltransient love for the girl in art class, but rather theprofound love forBiology.I sulked my way through freshmanUS historyeagerly anticipating what I would learn in Biology the next day. It wasfacinating howthe minutest of enzymes can have a catastrophic effect.Take something as simple as a Carbon atom; if you switch the orientation of the Hydroxyl group on Carbon-4 in a glucose molecule, that glucose will be turned into galactose. And the difference between the DNA of a human and a monkey is a mere one percent, but that one percent gives us our bipedal stance and our amazing brains. It takes a miracle to piece the millions of proteins together perfectly to form just a single functional organism. Studying biology has not only developed my love for science but my appreciation for life. Life is a miracle, and biology is the study of its wonder.Discovering the world of biology was invigorating. I have learned that missing the minutest of enzymes can have a catastrophic effect, and changing the slightest activation site can mean the difference between a successful experiment and a failure. Take something as simple as a Carbon atom; if you switch the orientation of the Hydroxyl group on Carbon-4 in a glucose molecule, that glucose will be turned into galactose, something very different. The difference between the DNA of a human and a monkey is a mere one percent, but that one percent gives us our bipedal stance and our amazing brains. It takes a miracle to piece the millions of proteins together perfectly to form just a single functional organism. Studying biology has not only developed my love for science but my appreciation for life. Life is a miracle, and biology is the study of its wonder.For University of N. Carolina @ Chapel Hill:The Inevitable Rain (TEDtalk) It's strange how people regret all the things they can't change: the thousands of deadly diseases they can't cure, the millions of people starving in the world, and most of all the death of a loved one. I can still picture the polished white keys that produced the glorious harmony calling us to dinner, a humble approximation of Mozart's Rondo alla Turca. I still remember my grandfather coming up to me before he played his pre-dinnertime routine and led me to his most prized possession. I dutifully sat down beside him as he guided my fingers to each key; as we pressed down on key after key, a slow melody emerged. It was magical how my little, plump fingers could produce something so coherent.  It was the last summer I ever had with my grandfather. I could've stayed and learned to play that piano like my parents urged me to; instead, I mindlessly flocked to the beach. It seems silly now how tanning compares to the precious hours I could've spent with him. I remember flying back to China two years ago for the cremation. I remember sitting on the edge of that pier as we sprinkled his ashes to be carried away by the ocean. It's funny how regret works, building up like a cloud looming over you until it inevitably rains. From a game theory perspective, regret is simply a rational outcome of a poor decision, as non-threatening as words can be. But as I've learned, that single decision has the power to haunt us. That single instance will be in an infinite loop rewinding and replaying in our minds until it consumes us. The key is to not let it get there. We all need to learn not how to live without regrets, but how to live with them. Take comfort that it is only natural to have regrets. In fact, the inability of feeling regret is one of the key diagnostic components of sociopaths. Regrets represent a consciousness, a capacity for emotion, and the maturity to live with our regrets. Take comfort in the universality of bad decisions. Take comfort that half of all marriages end in divorce, and that half of you in this room had at least one person who took half your money. Take comfort that there are countless number of people that have it worse than you.  So when people ask me if I regret not learning how to play the piano, if I miss him, the answer is an astounding yes. But what is done is done. We cannot go back in time and fix our mistakes, but we can learn from them. Regret shouldn't remind you of a bad decision but rather what you can do better.For University of Colorado Boulder (adapted for many more): Sometimes the most common questions are the ones we are the least prepared for. Something as simple as 'What are your plans for the future?' could frighten the most fearless of people. I'm even willing to bet that it's the single most asked question in conversation. It is inescapable on a date, unavoidable during an interview, and it is what every single adult defaults to when they first meet you. This question is repeated over and over again, and yet, many of us are still unprepared to produce an answer. That used to me. My parents created this illusion of what they called the framework of success. It's quite simple actually: be the best\u2026at everything. Growing up in a traditional Chinese family, I was held to an impossible standard of perfection. Not to say my parents weren't human, they too had their ups and downs, but the entire Asian community seems to have this imaginary person that they push their children to be, this imaginary Number One. Their idea of success is a Harvard education, a high paying and respectable job (preferably CEO of a multi-billion dollar company), and a high class family with children. And for years, I went along with this image of perfection. But since then, I've learned that success is much more personal than just how affluent you are. I've come to terms with who I aspire to be. So when you ask how I plan to contribute to the CU community, I'll offer you the same answer I've embraced: I am a visionary. I don't mean the kind that leads the think tank for Apple. I want to make a difference with my life, to find purpose in giving back and helping others. I want to make this planet a more educated, peaceful, and loving world. That's why I created my own nonprofit: Knowledge for Humanity, an organization dedicated to increasing literacy rates around the world. I believe a great education gives us tools to think and explore, helping us understand real world problems and be part of the solution. Literacy and education are the catalyst to solving all social inequality. It doesn't take a genius to understand that inequality is wrong; it just takes a great education to broaden perspective and create change. This is what Knowledge for Humanity aspires to do: provide tools for the next generation and watch as social, gender, and racial inequalities unravel themselves. We strive to give the forgotten sixteen percent, the 775 million people abandoned by the developing world, a chance to be part of change. That is the visionary I want to be, the visionary I'm trying to be. I have learned that there is more than one definition of success. I don't need a degree from Harvard or to make an unfathomable amount of money to be successful. I just have to be me. And I hope to bring my own passion and experience to contribute and expand on CU's tradition of giving back.How does the University of Chicago, as you know it now, satisfy your desire for a particular kind of learning, community, and future? Please address with some specificity your own wishes and how they relate to UChicago.For UChicago Prompt 2: Although 'Dante forgot this level of hell,' this slogan very accurately reflects the weird, quirky, and creative people that made me fall in love with UChicago. I always wanted a Hogwarts-esque community; I wanted a second family, a family that's not just committed to each other but a community that cares about the world around them. And with the unique house culture, UChicago more than exceeded my expectations. It created the perfect environment to live, learn, and breathe. And from the moment I step on campus, I know I will have not just a house but a home. People are brought together under this house family where everyone spends their time, together. From weekly excursions exploring the mysteries of Chicago to doing homework together in the family room to hiking excursions to the Indiana Dunes, this family can be found nowhere else.  But the creativity of these brilliant people is not solely used for clever slogans. It is devoted towards improving the communities outside UChicago. With each house having a budget solely for community service, each student at UChicago can be personally engaged with sustainable development and improving racial relations. Take Tufts House for example; instead of the typical horror movie nights that led up to Halloween, they organized a trick-or-treating event for children in the surrounding neighborhoods stricken by poverty. With peace gardens around Chicago, Tufts House is planning to open a grocery store that provides fresh food for communities that cannot afford it. And with the university's initiative for civic engagement, it is very evident that the institute's heart is in the right place. UChicago would be the perfect place to cultivate the nonprofit I founded: Knowledge for Humanity. It is an organization for promoting literacy built on the faith in humanity that injustice will unravel in the face of education. A great education gives us tools to think and explore. That is what we aspire to do: provide tools and watch as social, gender, and racial inequalities unravel themselves. And I know I can rely on the people at UChicago to cultivate this, together. The university works incredibly hard to build a community of ambitious, talented, and innovative people and puts their intelligence to good use. And this is the community I want to be a part of. However, the university's commitment to exposure of different ideas for discussion and discourse is just as impressive. I wanted a university that's truly passionate about and engages the material they are teaching, a university that has an unquenchable thirst for knowledge and a strong support for undergraduate research, and that perfectly describes the University of Chicago. With the core curriculum and the hyper-liberalized philosophy, students are pushed to explore a variety of subjects and a wide variety of ideas. The students at UChicago are truly getting the best of the liberal arts education; most classes are small and discussion-based where you can engage and develop a deep understanding for the material. It creates an environment where you are pushed to ask and answer some of the most difficult questions that can transform the world we live in. In addition, except for labs on Fridays, having the same class every other day encourages students to take the material outside the discussion table; students are encouraged to do problem sets or discuss their readings with their house family or their classmates. And this creative take to the traditional learning experiences gives the students at UChicago an upper edge in critical analysis and a love for learning that carries a lifetime.  With the extensive opportunities for undergraduate research, UChicago is a perfect place to further develop my love for biology. I spent the past three years in a research lab discovering how miraculous it was to piece the millions of proteins perfectly to form just a single functional organism. And it was the same miraculous pieces that lead to our breakthrough with Cyp11a1 cytochrome. Our experiment showed that Cyp11a1 has been identified as a key regulator of allergic inflammation. This breakthrough offers a viable treatment for peanut allergy and is also pivotal to the study of development of allergic diseases. The true miracle of biology is transforming our knowledge to advance the world of science and medicine. Researching has not only brought biology to life from diagrams in a textbook but also developed my love for science and appreciation for life. The microbiology department at UChicago is very focused on bacterial infections; I would love the opportunity to work with Dr.Olaf Schneewind on the mechanism of such inflections. Given my background, I will be useful in his research. I very much look forward to learning from these experts as well as showcasing my own. Life is a miracle, and biology is the study of its wonder.And the future? Well that's simple. I want a school that can not only prepare me for medical school, but to excel. It is very rare for a university to have their medical school on their main campus and have it accessible to undergrads. UChicago is one of the few select places where all the resources are ready and available, and the career advising department is there to make sure you are successful in not only getting into medical school, but preparing you to excel there. A liberal arts education from UChicago prepares you for not just careers and graduate programs but teaches a mode of thought that gives you the tools to be successful in life. Can be used as Common App Essay: It was the blue swirls of the night sky and bright orange crescent of the moon; it was the mysterious wind patterns that haunted the night and the raging hills that tower over the land. There was neither special inscription made out to me nor any dog ears of touching words, but this was no ordinary book cover; this was no ordinary book. The cover was Van Gogh's Starry Night, and the book was my art history textbook. This twenty pound behemoth was as good as any novel.  I'd grown up hearing my parents discuss Impressionist painters like they were friends, and when they 'discovered' Frida Khalo for the first time, they were in love. But I wasn't like them; I never had a taste for the art or the culture they romanticized. I always thought that art was frivolous, and unnecessary. Rather than pining over a blank canvas, these artists could work on something 'real' like a cure for cancer or the thousands of other deadly diseases out there.  The resentment began in middle school, where my art teacher refused to grade a self portrait I made from a collection of geometric shapes. I argued for creativity while he unyieldingly claimed it wasn't what he had asked for. My spite for art and art teachers snowballed into high school. I constantly lied about how it was a 'dark time in my life' hoping my friends would ignore my frustrating lack of artistic talent.  Then came junior year. I took art history to fulfill the rest of my fine art graduation requirement; a full year of fine art credit seemed extraordinarily appealing for someone who can neither paint nor draw. The name art history was quite deceptive; I had hoped that only 50% would be art like the name suggests. I was wrong. I purposely took as long as I could 'finding' the classroom the first day. I took three laps around the halls before I stopped at East 200 and faced my fate. I was late, perfectly late; I was late enough to show my contempt for the subject and not enough to be ridiculed for getting lost. Only instants after I opened the door, I heard a warm 'welcome' from the back of the room. I turned to search for the voice expecting an old lady smothered with wrinkles. To my disappointment, I found   someone in her mid-thirties. The room was disturbingly dark, and the only source of light was the projector showing a PowerPoint titled 'Welcome to Art History'. Thus, I sat down ready to resent the full 50 minutes of it. The class started with a simple contract: artists painted their story and I listened. It took a gradual shift, taking me almost a full semester to realize the hidden appreciation I had. It was a transcendent moment when I stared into the crimson sky and the gentle port in Monet's Impression, Sunrise; I realized I'd come a long way from the person who would see art at face value. I was wrong. Art has a different kind of value, and that class changed everything I believed in. When I sat down that first day, I was ready to become literate. I was ready to learn the language of pictures. I learned what art truly meant that year. It's not about the still lifes or scenic landscapes, but the beauty of how every stroke can evoke an emotion. It's about the simplicity of transferring emotions to something undeniably real. It's about the complexity of human creativity in physical form. It's about learning another language, a language of human greatness. And that I believe is truly beautiful. Though art will never be able to cure cancer, it will always have a special place in society. It represents my family. It represents the hopes and dream of humanity.For UChicago Optional:A little insight to my life outside academia\u2026Welcome to my top 5 lists of my top 5 favorite 'things'. Some might be explicit. Some might be vague. Some might be for you to interpret. Some might be for me to share\u2026if you choose to accept me Taylor Swiftisms:1. All Too Well2. Starlight3. Never Grow Up4. Love Story5. A Place In This WorldThe Good in Deforestation: 1. The Namesake (Jhumpa Lahiri)2. Freakonomics (Stephen J. Dubner and Steven Levitt)3. Art Through the Ages (Helen Gardner)4. Divine Comedy (Dante Alighieri) ...Inferno is by far the best one though5. Where You Go Is Not Who You'll Be: an Antidote to the College Admissions Mania (Frank Bruni) \u2026though not exactly appropriate for UChicago, regardless, it was very enlighteningPen on Paper\u2026by yours truly:1. The Truth About Apples & Oranges (yes this is UChicago essay #1)2. Which Whale Are You? 3. The Michigan Letter (not what you think it is)4. TedGret5. The Imaginary Number OneWhat I Wear to School, Parties, Especially Dates, and everywhere else:1. 'The Level of Hell Dante Forgot'2. 'Where the squirrels are cuter than the girls'3. 'If I Wanted an A, I would've Gone to Harvard'4. 'Where fun comes to die'5. 'Harvard: the University of Chicago of the East'Stroke\u2026the swimming kind:1. Corkscrew2. Corkscrew3. Breastroke4. Corkscrew5. oh and did I mention CorkscrewExample of Adapted UChicago prompt 1 fro Williams College:The other student wouldn't be Elon Musk or a reincarnated Leonhard Euler. It wouldn't be any of the recognizable names we read about or see on television \u2013 not even Taylor Swift. It would be someone people outside my neighborhood never met; it would be my best friend: Vishnu Kodicherla. You see, after seven years of friendship, there still never a dull conversation, where even the most typical of subjects will turn into an intriguing discussion. Take the century old idiom of apples and oranges. Something as trivial as two fruits led to one of the most fascinating debates I've ever had. I found them them rather easy to compare. One is red. One is orange. They simply exhibit different frequencies of light \u2013 a difference of 60nm. But let's put that into context: that difference is less than ten trillionths of one percent of the difference between radio waves and gamma rays. In addition, apples and oranges are both made of the same polymers of glucose. Structurally, they are almost identical. If you have any doubts, you can grind them up and put them in your handy-dandy mass spectrometer. But like NASA's Scott Sandford, you, too, will find that they are, at the core, very similar. But he had a rather philosophical argument that we cannot compare something so inherently different. A discussion about different personalities might turn into an in-depth analysis of the implications of each whale emoji on your trusty iPhone. Or a discussion about the terrible coffee at our school might lead to an economic model of how we could make our fortunes selling coffee. This is why I would choose Vishnu. And I know this is what I will find at Williams.For Harvard:Dear future roommate,Hi!I guess I should tell you a little about myself seeing as we will spend the next eightmonths cramped together. But let me start out with a question: which whale are you? Now, I know what you're thinking, but that wasn't a typo. There are two emoticons of whales in your iPhone for a reason. So which one are you?Oh, the dilemma. Oh, the injustice. There are not only one but two whales. There can be only one conclusion to this outcry. Apple loves whales. Maybe. Or maybe each whale represents a different personality.Let me start with the humpback. Because of its sheer size, this type of whale is virtually impossible to ignore. Therefore, this is the popular whale always at the center of attention, always the center at every party, and most likely the king or queen of the cafeteria.Then there's the baby blue whale. This whale is not only bubbly in size but also in personality. The baby blue whale will never be as loved as the humpback, but they can be downright adorable. Though the baby blue whale seems more traditional and quiet at first, they can get obnoxiously loud to close friends and family.So which whale am I?I'm the baby blue whale. That about sums up my life. I'm the quirky guy that stutters when asked to read out loud. I'm the lover of art, music, and nature. I'm the hopeless romantic who falls in love with someone's personality. I'm the dummy who forgets to sleep when reading a good book. I'm the guy who is severely allergic to life, and my proudest achievement so far is mastering the art of sarcasm.So be warned. If you come home to bags of junk food, know that it is my annual binge movie weekend.Oh, before I forget, I call dibs on the window side. So which whale are you?To the next 8 months, Your roommate, JerryHow are apples and oranges supposed to be compared? Possible answers involve, but are not limited to, statistics, chemistry, physics, linguistics, and philosophy.\u2014Inspired by Florence Chan, Class of 2015.For UChicago prompt 1:Apples and oranges. Though they seem very different, they're deceptively similar at the core. Comparing them is as easy as comparing theorems and wedding rings. A theorem. A theorem is something magical, something that permeates the beauty of mathematics. It is something that expresses the simplicity of the intricate world we live in, something that is omnipotent, governing nature itself. Though they symbolize the greatest collective effort of human history, the most beautiful thing about theorems is that they are eternal. Permanent. The Euler\u2013Lagrange equations still hold true even though the two French-Italian mathematicians are very dead. I assure you, when civilization collapses, general relativity will still apply. When the next ice age destroys mankind, the fundamental theorems of calculus will be as true as always. Theorems are like ideas, something that cannot be destroyed; they don't change with the passage of time. Only the problems do. But theorems are flexible; they can adapt to new problems and new applications. And because of their flexibility, they can transcend time itself.  And when you think of permanence, you might think of death or taxes. Or love. Nothing symbolizes eternal love more than a wedding ring. It is said to be as eternal as a material possession can be. Symbolically, the ring itself has neither beginning nor end, representing one's everlasting love. Physically, if a proton can last a hundred thousand yottayears (10^29 years) before ever decaying - a timescale far longer than the age of the universe - then we can safely say we will never outlive our wedding rings. But love transforms over time; from the gallant courtships of medieval knights to the love letters of the Renaissance to even our world today, love is current, always changing, always permanent. To adapt with the changing love, wedding rings too must change. They have adapted from the woven plants along the Nile to forged gold rings of the Middle Ages to the sparkling diamond rings that bond the sacred vows of matrimony today. And thus the wedding ring has made it through history, transforming with the transformation of love.  Wedding rings and theorems, like apples and oranges, are not as different as we think them to be; they are, in fact, deceptively similar. At first glance, they present the beauty of love and the world. Their flexibility and adaptability allows them to be eternal. Comparing apples and oranges is just as simple. One is red. One is orange. They simply exhibit different frequencies of light \u2013  a difference of 60nm. But let's put that into context: that difference is less than ten trillionths of one percent of the difference between radio waves and gamma rays, a difference that's statistically negligible. In addition, apples and oranges are both made of the same polymers of glucose. Both their skins, though different in texture, are made of cellulose built up from the same beta-glucose molecules. And inside, though all of us will claim that they taste different, both fruits are made from sucrose built up from the same alpha-glucose and fructose molecules. Structurally, they are almost identical. If you have any doubts, you can grind them up and put them in your handy-dandy mass spectrometer. Like NASA's Scott Sandford, you, too, will find that they are, at the core, very similar. You see, comparing apples and oranges is simple: you compare them like theorems and wedding rings. And just like theorems and wedding rings, you break down their components, and you will discover that they have a lot more in common than just what meets the eye. So when I get married, I won't need a wedding ring. I'll give her something just as great: a theorem. "}]}