{"schema":{"fields":[{"name":"index","type":"integer"},{"name":"personal_essay","type":"string"}],"primaryKey":["index"],"pandas_version":"0.20.0"},"data":[{"index":0,"personal_essay":"]        I was only four when I learned the importance of Nelson Mandela's quote, 'If you talk to a man in a language he understands, that goes to his head. If you talk to him in his language, that goes to his heart.' I grew up under the watchful gaze of my Russian grandparents. It was during this formative period that I developed the values I hold to this day, among which is the importance of multiculturalism and multilingualism.  Up until my first day of school I neither heard nor spoke a word of English. I was not oblivious of the language's existence, but I was never allowed to investigate it. This parenting decision was justified by my grandmother's fear of the onset of 'Rusglish' \u2013 a dreadful blend of improper cases and declensions, as well as English words shoved into Russian sentences at random. With her old-fashioned manipulation, she instilled in me a very genuine fear of all things English.  Due to a clerical error, I was placed into a regular, non-ESL kindergarten class. Those first few miserable weeks are still vivid in my memory, although I never participated in anything. I was determined to put an end to the perpetual loneliness, and helplessness that I was feeling, so I came up with a plan to teach myself English. While my grandmother was doing several households' worth of chores, I was watching the BBC \u2013 the only English channel available with her $11.99 a month cable package \u2013 with closed captions, staring at the words as they crawled along the screen and matching them to the audio. I admit that this was not the most efficient method for learning a language, but it got me to the point where I could read. This initiated a whole new phase of my life: while my classmates were finger-painting or presenting their rock collections during show-and-tell, I was sitting in a corner devouring every book within reach.  I was well aware that I was being laughed at and ostracized by my peers; however, I remained focused on that one day in the future when I would miraculously be able to speak to them. I began staying up late simulating conversations in my head and constructing appropriate responses to hypothetical questions (imagining a social life proved to be a much appreciated skill later on). Eventually, my class began our very first chapter book \u2013 something about a mouse named Geronimo Stilton. The prospect of uninterrupted text without pictures was quite daunting; when the teacher asked for volunteers to read, no one was willing. Except me. It was a colossal surprise to my teacher, who proceeded to stare at my raised hand for quite some time. She finally nodded, and I began to read in my authentic, BBC-trained, cut-glass English accent.  Although my faux-British rendition of Geronimo's big adventure did not yield the social awakening I had imagined, I was incredibly proud to have gained entry into this foreign world. I was overwhelmed by the second set of literature, film, art, music, and history to which I had just gained access. That excitement lasted several years, but it was eventually replaced by an interest in learning French, then Italian, and recently, Spanish.  The importance of speaking many languages was clear to me at a very young age; today, my goal is to speak to as many people as possible in their native languages in order to truly reach their hearts, as Mr. Mandela suggests. I am incredibly grateful to my family for giving me the invaluable albeit accidental opportunity to coexist in two cultures at once. Many first-generation Americans see their heritage as an obstacle that towers between them and the life they want to live. To me, my heritage is not a nuisance that hinders everything I do, it is a tremendous force, without which I would never do what I do or be who I am. "},{"index":1,"personal_essay":"FOR UCHICAGO:ESSAY PROMPT: Choose a word, tell us what it means, and then explain why it cannot (or should not) be translated from its original language.Raising the issue of translatable versus untranslatable words is futile; new words should enter a language because of a cultural need to express a specific idea, not just because they can be translated from other languages. Terminology is always a function of development: when a new concept \u2013 be it tangible or intangible \u2013 enters a society, the language evolves and adapts so that its speakers can discuss the new topic.  The verb phrase, '\u0432\u044b\u044f\u0441\u043d\u044f\u0442\u044c \u043e\u0442\u043d\u043e\u0448\u0435\u043d\u0438\u044f,' exists in the Russian language. It literally means, 'to clarify the relationship.' However, it is much more nuanced than this rather clumsy translation. 'To argue' is too negatively charged to fit the original, and 'to discuss' is too neutral and vague. 'B\u044b\u044f\u0441\u043d\u044f\u0442\u044c \u043e\u0442\u043d\u043e\u0448\u0435\u043d\u0438\u044f' could refer to a deliberation of the boundaries that have or have not yet been set, or to a reflection upon the various principles, merits, and traits of any sort of relationship. It involves a usually serious conversation between the two (or more) parties involved, but it is not as severe as a fight and more specific than a talk. Clearly, the definition of '\u0432\u044b\u044f\u0441\u043d\u044f\u0442\u044c \u043e\u0442\u043d\u043e\u0448\u0435\u043d\u0438\u044f' is suspended in linguistic limbo and any further elaboration is fruitless as we attempt a concise translation. The term, however, describes a process that is incredibly useful to the progress of a relationship, be it familial, platonic, or romantic. That said, I do not believe that it ought to be translated into English because there is not yet a need for it in this society. Growing up in an immigrant family has given me the opportunity to learn about the tendencies of both the Russian and American cultures. I have noticed that Americans tend to be significantly more emotional, expressive, and passionate than Russians, who are generally aloof, reserved, and cold. I have experienced this first hand by watching my family work through problems. Whether the issue at hand is dinner or divorce, my parents have always come to a logical consensus without shouting or crying. However, they give up the opportunity to share what they are feeling in favor of a quiet resolution. From what I have seen, a process as grave as divorce can be severely traumatizing for the couple and their children in an American family. Americans tend to sacrifice tranquility to relieve their pent up emotions. Neither mindset is better than the other; however, it is not wise to ignore their differences and introduce '\u0432\u044b\u044f\u0441\u043d\u044f\u0442\u044c \u043e\u0442\u043d\u043e\u0448\u0435\u043d\u0438\u044f' into the English language. If, as English speakers, we decide that there truly is a hole in our relationship vocabulary, we should allow it to be filled organically through natural linguistic evolution. Plucking a word out of a foreign language simply because its meaning resembles one that we could use will not enhance, but rather hinder our communication.FOR NYU: New York University provides its students with access to an international community that is unparalleled among institutions of higher education in the United States. When I visited earlier this year, I was astounded by the scope of the NYU study abroad programs \u2013 I look forward to the opportunity to take NYU courses at one of the eleven overseas campuses. That said, the New York campus \u2013 a microcosm of global culture and thought in and of itself \u2013 boasts a student body of over 40,000 members, with a sizeable percentage of them being international. With such diversity, it is easy to learn about and find a place in the global community. NYU's Gallatin School of Individualized Study provides a course of study that blends perfectly with this mindset; if accepted, I am confident that I would thrive in an environment that is conducive to creativity, exploration of various fields, and acquisition of a base of general knowledge.   I believe I can contribute to the New York University community from an academic standpoint as well as an extracurricular one. My intellectual curiosity drives me to learn as much as possible and to make connections between seemingly unrelated pieces of information. I do not see education as a means to an end, but rather as an important process of continuous personal development; therefore, I will pursue my studies with vigor. Outside of the classroom, I have a broad range of interests that are joined by my passion for collaboration. I enjoy assembling a company of people who can each bring new and interesting thoughts to the discussion at hand, and I would make an effort to do this at New York University. FOR CARNEGIE MELLON:For someone who does not get out of bed before reading the headlines of four carefully selected news networks, it is impossible not to come into contact with economic matters or foreign affairs. The 24-hour news cycle makes it possible to learn about these issues as they unfold. Having been so engrossed in current events for many years, I have a genuine passion for the disciplines of economics and international relations, and I look forward to studying them in a university setting.Economics is an enigmatic discipline for many Americans; ironically, I am attracted to it for its elusiveness. Journalists throw around jargon in newscasts and articles, rendering them incomprehensible to the lay audience. However, once one puts in the effort required to understand the economic concepts in question, the story becomes clear.  Economics have influenced and will continue to influence so many issues in our world \u2013 from commerce, to war, to elections \u2013 that being ignorant is not an option. If, indeed, I were to pursue economics, I would dedicate myself to improving the fiscal literacy of the American population. On the other hand, my interest in foreign affairs stems from a more personal background. Being a first-generation American born into a Russian family has given me the opportunity to learn about and appreciate both cultures. Unfortunately, the United States and Russia have not had tension-free relations for decades and for understandable reasons. From my perspective, I am able to see past Russia's terrible regime and through to the millions of humans residing under it. I do not believe that they ought to be condemned to suffering because of the incompatibility of their government with the rest of the world. If given the opportunity, I would study international relations with the admittedly unrealistic goal of easing this strained relationship.  I am confident that Carnegie Mellon's Dietrich College of Humanities and Social Sciences will give me the necessary instruction to achieve my professional and intellectual goals. The Economics department at Carnegie Mellon provides its students with the option of obtaining a Bachelor of Arts or a Bachelor of Science in economics \u2013 I look forward to choosing a theoretical or mathematical approach as I advance my studies within the discipline. At the same time, Dietrich is still a liberal arts institution where, if accepted, I would be able to take courses in diverse fields and thereby acquire a well-rounded base of knowledge. For instance, I am very interested in pursuing a minor in a foreign language to facilitate my goal of a career in foreign affairs. If I were to be accepted, I know that Carnegie Mellon would help me develop into a successful professional. FOR EMERSON COLLEGE HONORS PROGRAM:I grew up in a family that constantly watched the news. Essentially, it was the only form of entertainment I knew \u2013 and that was the issue. It was entertainment. Many years went by until I realized that what I was watching was actually happening somewhere. I remember an afternoon in 2008 when I was watching CNN footage of the immediate aftermath of an attack in the Gaza Strip and I was overcome by what I saw. The little boy struggling to get up was someone's son, and the building reduced to rubble was someone's home. Suddenly, the political intricacies of the conflict became irrelevant \u2013 I just wanted to get the atrocious image out of my mind. Coming to terms with the reality of events taking place overseas spurred my interest in current events. I started reading, watching, and listening to the news whenever I could. I knew that I could not effect any change on the situation at hand, but I could at least educate myself to the best of my ability and then spread awareness to those around me. My passion for news has shaped the way I learn: I always seek to place information into its proper context, to draw parallels between disparate things, to avoid bias, and to present information in a clear, concise manner. These skills have helped me and will continue to help me in my academic pursuits - for this, I am grateful. But perhaps more importantly, the news taught me never to take peace, freedom, prosperity, or stability for granted.  War-torn places and their desperate citizens became my 'others' that afternoon. Their situation moved and continues to move me unlike anything else. Being aware of this far-away world and the struggles its people face made me more self-aware because it highlighted the disparity between what I am blessed with but what others do not have. Gradually, I discovered the world outside my suburban, middle-class bubble and what I saw frightened me. I knew, at that point, that my future profession would have to contribute somehow to spreading awareness of human rights abuses, or directly resolving these conflicts. News media allows me to connect on as human a level as possible with people who are suffering. Such is my relationship with humanity; however, I hope that in the future, I will be able to base that relationship on something more positive than war, poverty, and devastation.  FOR TUFTS:Tufts gives its students phenomenal opportunities in the field of economics \u2013 one of my prospective majors. At Tufts, I would be able to choose between a major in economics and a major in quantitative economics From where I stand now, I am not sure if I want to pursue the theoretical side of economics or the mathematical one; if I were accepted to Tufts, I would have the opportunity to explore both before deciding. Tufts also has an exceptional music program in which I can participate even as a non-major. FOR TUFTS:Great Neck, NY is a small town devoid of any small town charm. We pride ourselves on our clear and rigid socioeconomic divisions as well as our nonexistent sense of community. That said, I am grateful to Great Neck for all that it has brought to my attention.   Essentially no one attends public school concerts, games, or events, and those that do venture out spend the time that their child is not on stage or on the field staring at their laptop, stepping out to make phone calls, or just sleeping. When I look out into the audience and see fewer people than there are in my jazz sextet, it makes me appreciate each one of them. I meet them after the concert to thank them for their interest in the local performing arts community, and we often keep in touch.  When surrounded by people who are disdainful of each other for trivial reasons and who cannot come together to support their town, one is made aware of the few people who are different. I have had the pleasure of meeting fellow Great Neck residents who genuinely care about the welfare of the town. Despite the negativity, I am grateful because I now know a little bit more about the type of community in which I want to settle later on in life. FOR TUFTS:Our society has unfortunately never succeeded in adequately protecting human rights. It would make me infinitely happy to see Russia pass gay rights legislation, or Syria end its oppression of women, or China grant its people freedom of speech. Unfortunately, it is virtually impossible for me to cause real change in the world. I can participate in these journeys only passively, being nothing more than an advocate and far from an activist. This reality frustrates me, but ultimately, it is the prospect of happiness for millions of people that will make me happy.  Perhaps one day, I will be able to effect change in the way people are treated around the world but until then, I rely on my passion for music to make me happy. The happiness that I derive from making music takes time to manifest. Despite the inevitable frustration of learning a difficult piece, the process is an extremely gratifying one. I have to opportunity to bring to life a brilliantly written opus, first in my mind, then alone on a piano, then with the rest of the ensemble, and finally, in front of an audience. The classical genre allows artists to recreate a work that has successfully made a mark on our culture for centuries \u2013 an honor which I take quite seriously. It makes me happy to be able to explore the manuscript that the composer has left for us and to present it to people for the very reason that it is an objective to which I need to progress. FOR UCHICAGO:The University of Chicago's educational philosophy is contingent upon the Core curriculum \u2013 a collection of required courses that provides students with a well-rounded education. I am enticed by the prospect of leaving UChicago having received world-class instruction not only in my major of choice but also across universal disciplines. I am confident that this could make me a more valuable asset to society and a more capable professional. From an academic perspective, the Core works to unite disparate fields of study. In order to successfully connect the humanities, the arts, the social sciences, foreign language, and the natural sciences, the students must develop a flexible thought process. Such a mindset is essential to becoming an innovative contributor to whatever profession I end up choosing, be it economics, international relations, or journalism. Despite my apprehensions about taking demanding courses in unfamiliar fields, I am eager to learn and push my intellectual boundaries in the environment of UChicago's Core curriculum. If I were accepted, the University of Chicago's quarter system would allow me to complete far more coursework than I would be able to within other institutions' semester equivalents. I would greatly appreciate this schedule because I am not committed to my intended major. In order to determine what field of study I genuinely want to pursue I would need as much time and experience as possible. From an extracurricular perspective, UChicago boasts a phenomenal music program in which I would be eager to participate. The piano program under Dr. Svetlana Belsky consistently offers its students amazing opportunities ranging from master classes to performances. While I do not intend to pursue a major or minor in music, knowing that I have access to facilities, instructors, and events would facilitate my transition into UChicago. I am confident that the University of Chicago is an educational environment in which I would be challenged and guided as I make my way into the professional world.FOR WILLIAMS COLLEGE:I would love to participate in a tutorial alongside the esteemed journalist, Anderson Cooper. He is the epitome of today's foreign correspondent, having traveled to and reported on everything from the Bosnian conflict of the nineties, to the famine in Somalia, to the Ukrainian civil war. While broadcast journalism is not necessarily the field I intend to pursue, Mr. Cooper is incredibly knowledgeable in the field of international relations \u2013 one of my prospective majors. I am apprehensive about entering this profession because I fear that I may unintentionally say something biased or ignorant. In a field that demands discretion and tact, this would be unacceptable. Mr. Cooper boasts a phenomenal record of handling difficult situations, be they political or personal tensions, with the utmost finesse. One interview stands out: Mr. Cooper was speaking with school board official who had posted a shockingly homophobic statement on social media. I assume that for Mr. Cooper \u2013 a gay man \u2013 the official's words instantly became a personal assault. Despite being hurt, he conducted the interview as he would any other. I was envious of his serene state because I know that if I were insulted in such a way, I would not be able to divorce myself from my anger. I would be very grateful if one day, I were able to acquire a skill set consisting of such eloquence, diplomacy, and poise. An Oxford-style tutorial would be the perfect setting in which to learn about foreign affairs or journalism in general alongside Mr. Cooper. Him being a student would allow me to learn not only from the work he would produce for the tutorial but also from his thought process. In addition, this setup would provide the opportunity for a two-sided dialogue that is often hard to find in a teacher-student exchange. "}]}