{"schema":{"fields":[{"name":"index","type":"integer"},{"name":"personal_essay","type":"string"}],"primaryKey":["index"],"pandas_version":"0.20.0"},"data":[{"index":0,"personal_essay":"] From the day I first laid my eyes on a computer screen, I have been absolutely fascinated with technology. I can still remember sitting in my father's lap as a toddler peering into his old laptop and trying to grab the delicious-looking red trackball in the middle of the keyboard. Yes, at the age of two I had an eye for technology. In kindergarten, when I returned home from school, I would enthusiastically run to the now ancient computer and discover something new on PowerPoint 2000. There was nothing more absolutely thrilling to me than technology, an interest that exactly none of my peers shared with me. My friends had even fashioned the nickname 'tech support' for me, a name which I have stayed true to.Throughout elementary and middle school I led my school's SWAT team (Students Who Aid with Technology). I traversed the school during study halls, visiting teachers who needed help with their school laptops, printers or networks. When I reached middle school, I even began generating lessons for my school's computer class. I spent my days twiddling around with MIT's Scratch, Alice and Adobe Photoshop. There was no time I felt more at home than when I was situated in front of a computer.When I entered high school, I was dismayed to discover that my school was devoid of any course that resembled an advanced computer class. Computers and technology education were covered under Business Applications, which addressed topics I had mastered by third grade. Furthermore, I still could not find anyone at school who shared my passion for technology. That was when I decided it was time my school left behind its primitive views and realized how important technology is in today's society: I decided to create a computer club. I chewed on the idea for a year before starting our computer club at the beginning of my sophomore year at Washburn Rural high school. I hoped more than anything that this club would be successful. I also dreamed that I would not only be able to bring together the closeted nerds, but generate a greater interest in technology at my school.The club started off with roughly fifteen members. It has now grown to more than forty students \u2014 enough to fill an entire classroom completely. Now, with two years of experience under my belt, I breeze through lessons as I share the subject I love with a room full of eager faces. I am responsible for running club activities, which joyfully includes teaching members about the world of technology. At this point I have formulated the perfect plan for the club \u2014 a combination of Photoshop techniques followed by a thorough look at HTML and CSS, supplemented by lectures on JavaScript, and with a finishing touch of Java and computer hardware. My club is a mixture of everything needed to get my school interested in technology.I can now speak with confidence when I say that my school is full of young computer-lovers like myself. Although they may not be as skilled as I am, they are slowly and steadily learning with as much joy as I had when I would furtively nibble on those red trackballs when my father was not watching. When I pass down my club to an able underclassman, I know for certain that my dream will stay alive at ****** High School. "},{"index":1,"personal_essay":"Every name tells a story: Tell us about your name--any name: first, middle, last, nickname--and its origin. (Dartmouth)On January 2nd of 1999, my father decided that he would name his first born child Mira Ram. Both the first and last name were of equal importance, and laced together they carried an even greater meaning. With all the greatness and power the name promised, the name also brought its owner frustration and annoyance. The recipient of this name was me.To begin with, 'Ram' is quite an unusual last name. Contrary to what most believe, 'Ram' was not my father's last or first name. It is a surname that I share with only one other member of my family \u2014 my younger brother. Others have always found it unusual that my parents chose my last name. It is a shortened version of my father's last name 'Ramamurthi', made easier for Americans to pronounce.My first name is equally peculiar. 'Mira' is the name of a 16th century great saint and Hindu mystic poet. She was a devotee of the god Krishna and is well known in Hindu religious writings. Many of my acquaintances in the Hindu community believe that this outstanding woman was the source of my first name. This, however, is not the case as my father did not have an inkling of religious blood in his body. I realized early on in my childhood when I found that many of my relatives in India were writing my forename as 'Meera' that my name was a misspelling. My father had altered my name so that it would delightfully satisfy his lucky number, seven. 'Mira Ram' is, in total, seven letters long. He had wished that his first born child would be lucky.The issue with my name's unusual spelling is that it has occasionally served a purpose opposite of what my parents had hoped. Having both attended university in the United States, they were well aware of the difficulties of having an Indian name in this country. They hoped that I would not have to suffer my entire life hearing others mispronounce my name. Unfortunately, their plan did not work out perfectly. On the first day of school, half of my teachers will incorrectly guess 'Myra.' For the first year of high school, the administrators referred to me as 'Muriel.' Elderly substitute teachers have managed to call me 'Mariah.' Spell check at least recognizes my name.I've now come to terms with my name. When I was younger, I would scowl when my relatives misspelled my name and cry when my name never appeared on gift shop keychain. However, I've now realized that my name gives me something much better than any gift shop keychain. It provides me with a sense of individuality to have a short name that carries so much meaning. It serves as a metaphor: a name that has been Americanized but is still very Indian in origin, much like the bearer of the name. Today, I cannot imagine having any other name. Yes, I suppose I can finally say that I truly am lucky to be named Mira Ram.Describe two or three of your current intellectual interests and why they are exciting to you. Why will Cornell's College of Arts and Sciences be the right environment in which to pursue your interests?Throughout my life I have been interested in both computer science and art, but have never seen a way to integrate them. Most universities see the two fields as completely separate, but at Cornell I will be able to merge their disparate natures within the College of Arts and Sciences.Technology is a passion of mine that has always been central to my career goals. Having grown up in an academic community lacking means or interest to prioritize computer science education, studying computer science was both a dream and a challenge \u2014 a dream I have spent my academic life working toward. Determined to forge my own path, I founded a computer club to address the absence of programming classes, taught myself programming, and enrolled in a Stanford CS class last summer.Art has also been a significant part of my life. I often find myself sketching different characters in my notebook during class until my notes are peppered with intricate designs or doodling with a graphic tablet for hours on end. Without realizing it, I have even built up an entire portfolio of designs I have created throughout high school. However, as passionate as I was about the arts, I had never seriously considered pursuing any artistic endeavors due to my interest in computer science. That was until I realized that my two vastly different interests could be combined and could work in tandem with each other.When I look back at my favorite activities now, it is easy for me to see the possibilities of combining the two. My creative passion enhances my technological endeavors, such as creating website designs that combine art and computer programming. Graphic design involves intimate knowledge of different software as well as artistic talent. It is these combinations which make Cornell so compelling to me. As an individual who is interested in both computer science and the arts, the fields of study contained within the College of Arts and Sciences fit into the mold of my dovetailing interests.With my strong interest in technology, a major in computer science would be a thrill. Of course, my Cornell experience would not be without creative endeavors and my major would be supplemented with a minor in Game Design. With Game Design I will be able to explore my love of computer science, specifically computer programming and software design. Nevertheless, I will still have the opportunity to expand my creative knowledge by learning about character and story development.However, there are many reasons why I would wish to attend Cornell other than its stellar Computer Science offerings. With its renowned faculty, accomplished alumni network, and numerous opportunities for entrepreneurship, leadership, and research, Cornell will provide me every opportunity to excel academically and vocationally. Due to the wide range of course offerings and small class sizes, I will be able to easily connect and communicate with my professors and peers. I am excited by the prospects of participating in Cornell Tech and being educated and energized by the mentorship and opportunities afforded by these programs. With my leadership experience and entrepreneurial drive, I know that I will be able to make a contribution to the creative technological community at Cornell.We know that colleges ask a lot of hard questions on their applications. This one is not so hard and we promise, there is no hidden agenda \u2013 just have fun! We have all heard the saying 'laughter is the best medicine.' Recount a time when something really made you laugh. (Smith)After my grandfather passed away, my grandmother started living with us. The way she would scrutinize my every behavior, I felt like I was living under a microscope. Soon, I retreated to the safety of my bedroom and locked the world out.A knock. Her friends were on Facebook, and she wanted in, but she needed help from her personal IT support. First, she wanted a profile picture of her from 10 years ago. I typed in her age as we filled out her profile, and there was an outcry. She wished to be 10 years younger. But 10 years looked too unbelievable. Perhaps 5 or 7 years. My brother, intrigued, offered to help. I should have known better. Grandma was now 100 years old \u2014 and outraged. To my horror, I discovered we were locked out of making changes due to the numerous revisions we had made. I anxiously told her that for the next 24 hours she would be a centurion. Surprisingly, she burst into laughter. Relieved, I joined in laughter that soon had me in tears. A connection had been made.24 hours later, after having restored order to the Facebook universe, I sent Grandma a friend request."}]}