{"schema":{"fields":[{"name":"index","type":"integer"},{"name":"personal_essay","type":"string"}],"primaryKey":["index"],"pandas_version":"0.20.0"},"data":[{"index":0,"personal_essay":"] Just as the different parts of the community contribute to the Duke campus, the different male role models in my life have prepared me for the future and have shaped me into the man I am today. First, my father, Ralph Brown Jr., was a unique man made of integrity, perseverance, and genuine love. Over the years, he taught me the basics - how to play baseball, tie my shoes, and ride a bike. However, the most important thing he taught me was respect. In watching him, I noticed how he treated everyone he met with such civility, even the people who did not treat him with any. He also addressed every man with the 'Mister' suffix, even when he was addressing a child. In fact, he usually called me 'Mr. Brown.' Unfortunately, he passed away when I was only eleven years old. While he won't be here to see me attend his alma mater, he'll be with me every time I treat my professors, classmates, campus workers, and others with respect.My grandfather, William Hall, has always been amicable, popular, and articulate. Having been in elected positions for many years, my grandfather has strived to make our community a better place. Through watching his interactions with other people, I learned how to be sociable and outgoing. Most of all, I learned that, as he often says, 'you're either part of the solution or part of the problem.' As such, I will use his example to contribute to Duke's overall success.My older brother, William Brown, has played a major role in the shaping of my personality despite being only two years older than me. He has taught me the importance of not just intelligence, but also dedication. Whenever we talk about college, he tells me about staying organized, developing great study skills, surrounding myself with focused people, and reaching out to get help. He always says that the first step to success is applying myself, whether I'm applying myself to education, work, or personal relationships. While he was an average student throughout high school, William has made the Dean's list at his university due to his rigorous work ethic. I plan to take his advice so that I too will excel in college.Finally, one of my greatest life lessons came from my little brother. In 2005, when my brother Isaiah had passed away at the tender age of five months, I truly learned how precious life is. I know that everyone's favorite clich\u00e9 is that 'life is short,' but Isaiah's passing taught me that you never know when your time will come. That is why you should cherish each moment, appreciate the people in your life, and make the most out of every situation. With that, Isaiah's death gave me a more mature outlook on life. I hope to use that perspective to be successful in college and to be a role model for others. "},{"index":1,"personal_essay":"The aspect that particularly attracted me to Duke University was its strong sense of community and tradition. Ironically, Duke wasthe largest campus that I visited, but also the school that seemed the closest together. After hearing about traditions like campingout in the K-Ville line, I became excited to go to a Duke-UNC game. When I visited Duke, my tour guide told us about the WestCampus freshman dorm benches which interested me the most. I started to look forward to the random conversations with strangerswho would become friends and to the burning of the benches after a UNC defeat. And while I'm also very interested in attendingcolleges for academic reasons, I desire to be somewhere that I can feel like I am a part of a strong community and that I can feel likeI belong.For me, NYU's best selling point is its obvious diversity. As a melting pot of ethnicities, nationalities, and cultures, NYU is theopportune place to have various experiences that I could not have anywhere else. NYU also has academic and extracurriculardiversity. As a hopeful undergraduate, I am glad that NYU allows me to keep my options open due to its many majors. In terms ofextracurricular activities, I am interested in NYU's fraternities, All-Square clubs, and sports clubs (especially Ultimate Frisbee club).What I can bring to NYU is my leadership, my participation, and my dedication. Last year, some of my classmates and I founded anew school student government organization called 'Patriot Council' after critiquing the lack of school events and lack of schoolenthusiasm. Our goal was to create, fund, and administrate enjoyable school events while representing all the different groups of theschool. This year, we have been able to expand our organization from a small group of seven kids to a whopping forty-eight. So farwe have been able to organize a pep rally for our first home football game, a homecoming bonfire, a powderpuff game, multipleschool fundraisers, and an ugly holiday sweater contest. All of these events, which had never before been done by our school, had afantastic student response and have officially become school traditions. What makes me proud the most is that we were able tocome together and step up in areas disregarded by others in order to benefit the school community. Through my involvement in thePatriot Council, I have learned that I prefer being a leader rather than a follower, and I am determined to express this throughout myenrollment at NYU. Due to my full participation and dedication in not just Patriot Council but also many other extracurricular activities(including Boys & Girls Club, FBLA, Model UN, and National Honor Society), NYU can rest assured that I will be a committed,dedicated leader in the NYU community.In terms of intellectual interests, I am interested in both the field of Business and the field of Psychology. Previously, I wascompletely set on becoming a business major, but once I started to learn about psychology I became drawn to both. Therefore, thereason that I applied 'Undecided' is not because I have no idea what I want to do but because I am torn between two fields that Ilove.My interest in business sprouted from growing up watching my parents perform their jobs. I witnessed my father, who was a realestate agent, manage finances, sell beautiful houses, and instruct his employees. My mother, an insurance agent, worked withclients daily, helped people purchase insurance, and led her office employees through their tasks. As I watched them work, I gainedinterest in the field of business and hoped to run my own business one day. Particularly, I was interested in the leadership andresponsibility involved. Naturally, I have always been a leader, but I had not really taken notice to this until my junior year in highschool. In 2013, some of my classmates and I founded a new school student government organization called 'Patriot Council' aftercritiquing the lack of school events and lack of school enthusiasm. Our goal was to create, fund, and administrate enjoyable schoolevents while representing all the different groups of the school. This year, we have been able to expand our organization from asmall group of seven kids to a whopping forty-eight. So far we have been able to organize a pep rally for our first home footballgame, a homecoming bonfire, a powderpuff game, multiple school fundraisers, and an ugly holiday sweater contest. All of theseevents, which had never before been done by our school, had a fantastic student response and have officially become schooltraditions. What makes me proud the most is that we were able to come together and step up in areas disregarded by others inorder to benefit the school community. Through my involvement in the Patriot Council, I have learned that I prefer being a leaderrather than a follower. Leadership is definitely a skill that I would want in my career and I am determined to express this throughoutmy enrollment at Cornell.My interest in Psychology started much later in the fall semester of my senior year. Before I had always been interested in thehuman mind and how it works, but I had not truly realized this until I took AP Psychology. In my class, we learned about howmalleable the minds of infants are and their actual necessity of love for proper development. While my classmates alwayscomplained about the 'boring' reading assignments, I always saw the informant as fascinating. One day I hope to be able to run myown psychological experiments and contribute to our knowledge about the human mind. However, as much as I like the field ofpsychology, I am not very familiar with it like I am with business and I am therefore hesitant to declare it as my major.When it comes to pursue these probable majors, Cornell's College of Arts & Sciences is the best place to attend due to its academicdiversity and resources. If I chose to pursue business, Cornell offers a graduate school education in marketing, financing, andaccounting - the three areas that I am most interested in. If I chose to purse psychology, the area of perception, cognition, anddevelopment, which embodies the psychology that I would like to research. Outside of its academic reasons, Cornell's best sellingpoint is its obvious diversity. As a melting pot of ethnicities, nationalities, and cultures, Cornell is the opportune place to have variousexperiences that I could not have anywhere else."}]}