{"schema":{"fields":[{"name":"index","type":"integer"},{"name":"personal_essay","type":"string"}],"primaryKey":["index"],"pandas_version":"0.20.0"},"data":[{"index":0,"personal_essay":"My first memories all take place in an alternate universe: Snow White's forest, Cinderella's castle, The Little Mermaid's lagoon. I play the princesses while my dad fills supporting roles, transforming from a talking teapot to an evil queen, an ally to an enemy. Acting out fairy tales at the playground was my first foray into creating a world, but it was far from my last. Long after most kids abandoned 'make-believe,' I drafted friends for re-creations of my favorite stories. When I discovered this was not an original idea but an age-old art, I was hooked; by six, I knew I wanted to spend my life making theater. Every time I watched or directed a play, I felt that thrill I'd had at the playground of being two places at once. My parents don't share my interest in theater, but my love of world-building is inherited. After we had finished playing Snow White, my dad would sneak away, creating a different kind of alternate universe. In his, he was having an affair that led to the birth of my half-brother, Max. Though the affair soon ended, he continued to see Max, a relationship he kept secret. Like me, my dad existed in two parallel worlds. But while I loved when the universes I created onstage informed my real life, he wanted desperately to keep his two worlds from colliding. Eventually they did; my mom and I discovered my dad's secret life. The day he moved out, I crouched in my bathroom, listening to the soundtrack of Fun Home, a musical about memoirist Alison Bechdel's relationship with her father, Bruce. I'd long recognized my own dad in Bruce\u2014brilliant, deceitful, simultaneously supportive and scathing\u2014but now the score became my lifeline. I leaned on Alison's strength when I had none, hoped that if she could find clarity, one day I could too. But a few months later, when I was given the opportunity to intern on the show, I was forced to fully confront what I had been avoiding: the TV onstage didn't actually work; we were in Times Square, not the Bechdels' Pennsylvania town; and 'Bruce,' though based on a real person, was not a tyrant but a gentle, goofy actor. My father's invented worlds had shattered me, and yet I was seeking solace in fabrication. I was disgusted that the musical that had saved me shared so much with the betrayal that had almost destroyed me. Even worse, I felt like my love of theater linked me to my dad, revealing that deceit was in my DNA; he was the one who had taught me to create universes out of jungle gyms. I needed an answer to Alison's opening number question: 'Dad, am I just like you?' The answer came during rehearsal, as I watched the cast perform the show. I knew every word, but this time I was struck by the scene in which Bruce, teaching 5-year-old Alison to draw, tells her that the cartoon map she has made is childish. The young Alison is heartbroken, but the older Alison, now a successful cartoonist, ignores her dad's critique and draws the map anyway, using the skills he taught her even as she differentiates herself from him. As Alison sang 'maps show you what is simple and true,' I realized that theater is my map. My dad can be both talking teapot and evil queen, my ally and my enemy; like Alison, I can take what he gave me and use it differently, inventing worlds not to lie but to find truth. I'm still angry at my father, still struggling to decipher him. So I direct a scene or read a play and I try to understand him. I use parallel universes to reach truth in the real one. I make maps. And for all he has done to hurt me, it is my father who taught me how to draw.In tenth grade, my school's Mock Trial team was composed mainly of seniors. That meant we were a strong, experienced team, capable of winning city championships. It also meant that when those seniors graduated, our team really felt their absence. As the lawyer captain for the 2016 season, it was my job to guide the team through what I knew would be a difficult year. I worked late nights and lunches, training novice lawyers while struggling with my own closing statement and cross examination. Every time I felt like giving up, I remembered how exhilarating it had felt to win and worked harder still. So when we got destroyed in our first trial, I was crushed. Worse, though, was the team's reaction. We stormed out of the courtroom, glared at each other, blamed our teammates and coaches. Win or lose, our team had always gone out afterwards for Chinese food, but now most people skipped it. As I nibbled on my dumplings, I wondered if this was my fault\u2014maybe if I hadn't been so obsessed with winning, losing wouldn't feel so bad. The next day, the witness captains and I called a meeting. I knew I needed to renew the team's confidence, but didn't know what to do besides parrot our coaches' favorite saying: 'We win as a team and lose as a team.' But when I said the words out loud, words that had always felt trite, they rang surprisingly true. As I spoke, I realized that what made winning great was that we all shared every victory. I told my teammates that Mock Trial was too hard and scary to do alone. I looked each one in the eye as I said 'we need to have each others' backs.' After the meeting, I sought out everyone who'd felt blamed for our loss and listed the best objections and arguments they'd made. I made 'we win as a team and we lose as a team' my motto. And when I found out we wouldn't advance, I arranged for us to all get Chinese food together. This time, everybody came.There are few things I love more than making gingerbread houses. I'm a master at melting butterscotch into stained-glass; I pride myself on my ice-cream cone trees, my powdered sugar snow and my lifesaver wreaths. Every year, my mom and I devote days to baking, assembling and decorating a candy winter wonderland, and every year our houses get more and more elaborate.  I like making gingerbread houses because they're cute, because they're my favorite family tradition and because there's always delicious candy involved. Most of all, though, I like making gingerbread houses because I like building worlds.  That love of world-building is also why I love directing theater; I'm happiest when I'm creating an alternate reality simply by adjusting a light or staging a moment or analyzing a line of text. When I start working on a play, all I have is a group of actors and a pile of papers, but by the end of the process, the show is a parallel universe. Directing allows me to live in two worlds at once.  Making theater, like making a gingerbread house, involves quick thinking and problem-solving. It demands attention to every detail, no matter how small. It's hard and frustrating and takes a tremendous amount of trial and error. But when I step back and see the universes I've created\u2014the gingerbread house with its butterscotch windows or the world onstage inhabited by fully alive characters\u2014I know all I want to do is begin all over again.   I have an irrational hatred of red peppers. I'm not allergic to them, and I have no problem with green or yellow peppers, but their red relatives I find completely intolerable. So a few months ago, when I was having dinner with my best friend Izzy and her family, I was dismayed to see her mom dicing red pepper. Then Izzy leaned over. 'Don't worry,' she whispered, 'I told her you didn't like them and she's going to put them on the side.' In that moment, I knew that Izzy had been listening to me and watching out for me, could tell that she was there for me no matter what. It was such a small gesture, but it made me feel so safe and so valued. Since that night at Izzy's house, I have made it my mission to learn the little things that make my friends happy. When my friend Eleanor is sad, I know to buy a bottle of sunscreen because, for some mysterious reason, applying sunscreen calms her down. Hazel, who's wildly indecisive, needs me to help her make a pros and cons list over chocolate milkshakes. Every time Adelle is stressed, we watch The Twilight Zone until she's too scared to be anxious. And if Jacob just got exciting news, I pick up my phone and get ready to scream with joy. I think I have a natural talent for knowing what people need, but only recently have I felt responsible for filling those needs. It takes almost no effort to remember someone's favorite song or least favorite movie; all I have to do is pay attention to them and remember what I notice. But I hope that by giving that attention to the people I love, I can help to make my friends and family feel as cared for and valued as I did that night at Izzy's house.The moment I walked into my math class, I could tell something was wrong. My friend Ashley, always cheerful, looked anxious. Nina, the diligent note-taker who sits in front of me, hadn't even opened her backpack. And Matthew, goofy, go-with-the-flow Matthew, had his head on his desk. After class, Ashley told me what had happened: our classmates had seen the Facebook group chat that Matthew and eight other boys had been part of. They said the chat was filled with unspeakably racist, sexist, and homophobic messages, and they had the screenshots to prove it. These boys, my friends for years, had spent months degrading and dehumanizing half of our grade. Everyone at school was stunned. My friends and I cried in class, lower-termers walked around looking horrified, and even teachers were too upset to teach. I'd never seen my classmates, many of them women, people of color and members of the LGBTQ+ community, look so defeated. That night, I looked for some comfort in the script of one of my favorite plays, Sarah DeLappe's The Wolves. The Wolves follows a high-school-girls' soccer team as they cope with crises big (a teammate's death) and small (a big zit). They tease, support and fight with each other, they win and they lose. They also never stop training. The girls on the team are paragons of physical and emotional strength, and in the wake of the chat leaks my schoolmates desperately needed to feel strong. So I asked some friends how they would feel about a school trip to see The Wolves. When they responded enthusiastically, I emailed the chair of the English department. She too loved the idea. Now, she and my principal are working to procure tickets for up to a hundred juniors and seniors. My community is nowhere close to healed, and I know this play won't solve all of our problems. But I do hope that when my classmates see the play's final scene, watch the girls scream 'we are the wolves,' some of the characters' strength will rub off on us."},{"index":1,"personal_essay":"Midway through my Swarthmore tour, our guide was asked what she does for fun. 'I go to my friends' clubs and concerts and games,' she answered. 'Fun at Swarthmore is supporting your friends' passions.' I had already fallen in love with the outdoor amphitheater, the tiny class size and the idea of the honors thesis, but it was at that moment that I knew I wanted to go to Swarthmore. My elementary school best friend and I first became close when we decided to write a book together (our friendship has survived to this day; the book, about a time-traveling John Stamos, has not). In high school, I met most of my friends in Mock Trial practices or rehearsals for shows. I know I would feel at home at Swarthmore, where students' friendships are built on who they are as artists and scholars. Everything I know about Swarthmore has suggested that it's not only students who take their classmates seriously\u2014professors and administrators also accord students respect and autonomy. Most fundamentally, I share Swarthmore's belief that challenging yourself and working hard on things you care about are the best possible uses of time. My happiest moments have been the extra hours I've spent finding just the right light for a scene or making sure my Constitutional Law paper explored every angle of the controversial Furman v. Georgia opinions. I can't imagine a better college experience than one where my whole life is made up of moments like those.Please write about why you are interested in applying to and attending Swarthmore.Right now, my mythology class is debating whether the truest myth is simply the most detailed one. In English, we're studying how creation stories impact power dynamics. My physics teacher argues that scientific theories are forms of just-so stories. And in International Relations, we wonder if the clearest visions of global politics are those that most resemble myths. As my classes have converged, everything I've learned feels more relevant and exciting. I love Brown because it's a place where seemingly unrelated ideas intersect. My tour guide, a neuroscience major on the board of Production Workshop, examines human psychology through wildly different lenses. My family friend, an aspiring political comic, does improv shows that her public policy professor attends religiously. Brown, with its open curriculum and emphasis on exploration, gives students the freedom to connect what they're interested in and to tackle a concept from every angle, and that's exactly what I want.Why Brown?To be an effective director, I have to be able to communicate with designers, actors and dramaturgs. To do that, I need to speak their languages, to understand their approaches to building theatrical worlds. Even more importantly, because I view theater as the study of why individuals and communities behave the way they do, I believe that to be a good director I need to study the people and communities I depict. More than any other place I've toured, Northwestern fills both of these needs. I'm amazed by the diversity and specificity of the theater classes, a range that rivals every conservatory I've looked at. But unlike those conservatories, Northwestern will allow me to take many of my classes outside of the theater department. I can study psychology to supplement what I'm learning in Acting I: Principles of Characterization, take American Studies classes to better understand American Theater and Drama, bring the analytical skills I learn in science courses to Text Analysis for Theatrical Production. At Northwestern, I can study both the world of theater and the world that theater is about. More than anything, though, I want to go to Northwestern because of Michael Hopkins, a family friend and a Northwestern graduate. A mathematics professor who has taught all over the country, Michael sat down with me at the beginning of my college search and assigned a word to every college he'd spent time at. For Northwestern, he chose 'excitement': professors' excitement about their subjects, students' excitement about what they were learning and how they were spending their free time and about their friends. That's the excitement I feel when I imagine picking my first-year courses or directing a show for Sit & Spin, and it's what makes me love Northwestern.In 300 words or less, help us understand what aspects of Northwestern appeal most to you, and how you'll make use of specific resources and opportunities here.I want to spend my life as a theater director, and so I want to go to a school that has both a theater major and a wealth of student-driven extracurricular theater. I first approached my college process with only this narrow goal, evaluating schools based on yes or no questions: do they offer a wide range of theater courses? Are there several established student theater groups? Do sophomores and juniors have directing opportunities? The University of Chicago was one of a very few schools that answered all three of my questions with a resounding yes. As I actually started touring colleges, however, I learned the limits of my algorithm. Doing theater often meant only doing theater; at some schools, open curriculums allowed students to take only theater and English classes, while at others, extra-curricular theater was cultish and exclusive. I believe theater is the study of why people act the way they do, and I don't understand how you can study people, who are so complex and so entangled with the world around them, without studying philosophy and psychology and history, too. So I updated my algorithm: do non-majors take theater classes and participate in extra-curricular theater? Does a college ensure that its students take diverse classes? Are there strong programs across the board? Again, the University of Chicago answered all three questions yes. February break of my junior year, I went out to stay with Quentin, one of my best friends from high school. The day I arrived, it was nine degrees and snowing and UChicago looked like a castle, intimidating and exciting. Quentin showed me Millenium Park and introduced me to his friends, pointed out his favorite spot in the library and explained the concept of Fourth Meal. And then he took me to a class. Five minutes in to Self, Culture, and Society I forgot all about my algorithms. The class had read Thomas Kuhn's The Structure of Scientific Revolutions and was debating whether or not there was such a thing as progress. The discussion was by no means easy to follow; every person had developed a unique perspective on the book, many of which contradicted each other, and the answer to every question only seemed to lead to more questions. But as the class tried to imagine what Kuhn's thesis meant for religion and debated whether or not he was dismissing modern medicine, I felt the way I understood the world shifting. Things I had taken for granted my whole life were called into question and yet Kuhn's argument made sense to me. When the class ended, I texted my friends and called my mom, tripping over my words as I tried to explain what I'd just learned. On the plane ride home, I rewrote a paper about Who's Afraid of Virginia Woolf; the fight between two characters about whether the moon was up took on a whole new meaning when I thought of Kuhn's claim that the solar system could be both geocentric and heliocentric, depending on when you asked. Last week in rehearsal for All My Sons, I spoke to an actress about her character's ability to create her own reality and realized I was talking about Kuhn's paradigms. I learned more about theater sitting in one of Quentin's core classes than I have in any theater course. I left that class exhilarated and overwhelmed, determined to apply what I'd just learned to my schoolwork, to the shows I directed, to my own understanding of my family and friends. When Quentin saw how much my experience had meant to me, he grinned. 'That was just 120 minutes,' he told me. 'My whole life here is like that.' And that's why I want to go to the University of Chicago. How does the University of Chicago, as you know it now, satisfy your desire for a particular kind of learning, community, and future? Please address with some specificity your own wishes and how they relate to UChicago.Every time Sarah DeLappe, one of my favorite playwrights, is interviewed, she talks about her Yale professors: the ideas they exposed her to, their influence on her work, the courage they gave her. I love Yale's focus on undergraduate teaching and its residential college system, but most of all I want to go to Yale because its theater program is unparalleled. I want to spend my days learning and my nights putting my knowledge to work in a Dramat show, to be exposed to new ideas, influenced and encouraged by professors that will change my life as they changed DeLappe's.What is it about Yale that has led you to apply?I never feel as powerful as I do when I'm cross-examining a witness. I've memorized the rules of evidence, practiced for hours to be ready for almost anything the other team throws at me. I've even rehearsed the smile I flash witnesses just before I hit them with my climactic question. My confidence in Mock Trial does not extend to the rest of my life; in fact, my friends make fun of me for constantly obsessing over my own mistakes. But during trials, I know it's okay to mess up, because my teammates are watching out for me. If I'm stuck on an objection or a judge's question, I reach my hand back, certain that one of them will slip me a post-It note with the rebuttal or answer I need. In that courtroom I'm part of something bigger than myself, and that's the most powerful feeling there is.Please briefly elaborate on one of your extracurricular activities or work experiences.Many times in my life, plays and books have been my closest companions; because they allow me to see inside peoples' homes and heads, to witness them at their most vulnerable and honest, I know I'm never alone. More than that, theater and literature give me the distance I need to make sense of the world. Midway through the musical Sunday in the Park with George, a fictionalized Georges Seurat describes painting as 'studying a face, stepping back to look at a face.' Just as pointillism breaks people into tiny dots, theater breaks people into their fears and desires, allowing me to understand not just fictional characters but their flesh-and-blood counterparts. That's why I view rehearsal rooms as safe battlegrounds, places to fight proxy wars with the things that confuse and upset me in real life. Sometimes, Seurat declares, taking the world apart is the 'only way to see' it.Why are you drawn to the area(s) of study you indicated earlier in this application?My mother and her sister spent their childhoods trying to appease their violent, unpredictable brother Martin. Although my cousins and I have never met our uncle, our lives have been shaped by our mothers' fears of his uncertainty. To compensate, we've become a community of predictors. One cousin is a professional poker player who excels at calling his competitors' bluffs; another is a therapist; I use theater to try to anticipate other people's actions. In different ways, we devote ourselves to sparing our moms and ourselves surprises, doing our best to ward off the chaos we inherited.We all exist within communities or groups of various sizes, origins, and purposes; pick one and tell us why it is important to you, and how it has shaped you.Although I've lived in the same house my whole life, I have moved rooms many times. As a little girl, terrified by monsters I'd imagined, I spent most nights in my parents' bedroom. When I turned eight, I vowed that I would sleep in my own bed, asserting my big-girl independence. After my dad moved out, I poured hours into decorating our attic with posters and pictures, creating a safe-haven for myself at a time when my world felt unsure. But no matter where it is, my room has stayed my anchor, a place where I'm too comfortable to be scared.Tell us where you have lived - and for how long - since you were born; whether you've always lived in the same place, or perhaps in a variety of places.Daniel Naumov has soft, blonde curls that orbit his head like a halo. He weighs, at most, ninety pounds and dresses like he's on Father Knows Best. He's got bright eyes, rosy cheeks, and an angelic smile. He's twelve years old. And he's pure, unadulterated evil. I first met him last year, when he had just started 7th grade and I had just started 11th. I was working in my school's Writing Center, helping my schoolmates with their homework and editing their essays. So far, the experience had been easy and satisfying\u2014every kid who'd come in had been receptive to my suggestions and together we'd clarified their theses or cleaned up their body paragraphs. So when Daniel knocked on the Writing Center's door, I smiled and invited him in. He explained that he was supposed to write a short story centered around a single metaphor, and handed me his first draft. 'The peasants will always vanquish the kings,' it began. 'The light will always conquer the dark.' I read it through twice but still couldn't tell if Daniel was writing about class warfare or bullying or the perils of democracy. At one point, the peasants staged a revolution, successfully deposed the corrupt king, and then themselves fell to corruption; another paragraph focused, inexplicably, on a flock of hungry sheep. I couldn't discern a coherent idea, much less find a central metaphor. But this was the ultimate challenge for a new Writing Center mentor, and I was certain I was up to the task. 'So there's some good stuff here,' I said, turning to Daniel, 'but it's also a little bit hard to follow. Do you maybe want to explain to me exactly what you were trying to communicate?' Daniel smiled sweetly and informed me that his story was about the battle between good and evil. We talked about focusing in on the peasant\/king dichotomy, about clarifying that the peasant was associated with kindness and simplicity while the king symbolized greed and hubris. By that point, another kid had come in looking for help, so I sent Daniel off with my edits and told him I'd check back in in a few minutes. But ten minutes later, when Daniel showed me an edited version of his piece, it was even more convoluted than it had been before. He'd added a paragraph about a secret peasant alliance, had devoted multiple sentences to describing the king's outfits. At first, I was frustrated that he hadn't taken my edits. But on closer inspection, I realized he had done what I'd said but not what I meant. This disastrous revision was on me. I tried again. This time, I advocated for shorter sentences and a more straightforward ending. But these edits also backfired\u2014Daniel's next draft sounded robotic and choppy. I suggested edits for the next thirty minutes, he nodded and grinned and went to work, and every draft was more difficult to read than the last. Finally, the teacher in charge of the writing center pulled me aside. 'Sometimes, you just have to accept that you can't help,' she told me. 'Your shift's over. Go enjoy your lunch.' I left the Writing Center but found myself still shaken by my struggle with Daniel. Was he going to get a bad grade and blame me for it? Why hadn't he understood me? And why did it bother me so much that he hadn't? It hit me a few days later: my inability to make my suggestions clear to Daniel stood contrary to everything I want to be. I'm an explainer\u2014when I direct a show, when I deliver a closing statement in a Mock Trial competition, even when I'm just hanging out with my friends, I'm always trying to articulate why things are the way they are. Explaining out loud, trying out theories and seeing which one sounds the best, is how I make sense of the world. In just forty minutes, a middle-schooler in need of some homework help had undermined what I believed to be my greatest strength. My Achilles Heel is the proud owner of a wheely backpack and I am very, very scared. So maybe Daniel Naumov isn't pure, unadulterated evil. Ours is not a battle between good and bad, between the peasant and the king. Instead, he taunts me with his ability to misconstrue me, to turn my ideas on their heads. I know I should forget my experience, now a year in the past, but I'm worried that if I can't make sense to Daniel, then I can't make sense to myself. And then I remember\u2014wars between arch-nemeses don't end after the first skirmish. I'm working in the Writing Center this year, too, and the next time Daniel needs someone to edit an assignment, I'll be ready to try again. The light will always conquer the dark, the peasants will always vanquish the kings, and someday, Daniel Naumov, I will explain something to you.'A man cannot be too careful in the choice of his enemies.' \u2013Oscar Wilde. Othello and Iago. Dorothy and the Wicked Witch. Autobots and Decepticons. History and art are full of heroes and their enemies. Tell us about the relationship between you and your arch-nemesis (either real or imagined).I've never been athletic. Other than a stint on my middle school's basketball team, I've avoided playing sports, and watching them is even worse. Yet when I think about who my hero is, the first person that comes to mind is an athlete. That athlete is fencer Galen Cadley, my classmate and the strongest person I have ever met. Her accomplishments alone are impressive: she racks up metals and has college recruiters fighting over her. But it wasn't until I befriended Galen in tenth grade that I understood how truly remarkable she is. When Galen was fourteen, her mom died, and her dad left her to fend for herself. But instead of collapsing or losing control, Galen fenced. She started training for hours each day, working for her coach to pay for lessons. Fencing gave her life structure, and the fencing community became her home away from home. Most of all, however, when she fenced she felt indestructible. In the pictures I've seen of Galen at fencing tournaments, she's grinning, not because of the medal around her neck but because of the muscles in her legs. Galen is my hero because she works for the joy of working, of proving her own fortitude to herself. Every time I feel weak or defeated, I think of her and am reminded to push myself as far as I can. I aspire to Galen's strength and, as she has taught me, the only way to get stronger is to work at it.Tell us a story that helps us better understand a person, place, or thing you find inspiring.I have an irrational hatred of red peppers. I'm not allergic to them, and I have no problem with green or yellow peppers, but their red relatives I find completely intolerable. So a few months ago, when I was having dinner with my best friend Izzy and her family, I was dismayed to see her mom dicing red pepper. Then Izzy leaned over. 'Don't worry,' she whispered, 'I told her you didn't like them and she's going to put them on the side.' In that moment, I knew Izzy was listening to me and watching out for me, could tell that she had my back no matter what. It was such a small gesture, but it made me feel so safe and so comfortable. My goal over the next ten months is to learn the least favorite foods of all the people I care about. Admittedly, that's a very small goal; all I have to do is listen to them and remember what they tell me. But I hope that by paying close attention to what the people I love say, I can help to make my friends and family feel as cared for and valued as I did that night at Izzy's house.Tell us about a small goal you hope to achieve, whether in the next 10 days, 10 months, or 10 years."}]}