{"schema":{"fields":[{"name":"index","type":"integer"},{"name":"personal_essay","type":"string"}],"primaryKey":["index"],"pandas_version":"0.20.0"},"data":[{"index":0,"personal_essay":"] I've been practicing martial arts for over half of my life. Because of that, I still have trouble wrapping my head around the fact that most people retreat to a happy place where no one is yelling at the top of their lungs, the smell of sweat doesn't hang in the air, and there's not even the slightest chance of getting punched in the face. But that's probably just because I grew up with it. My career in martial arts began shortly after I requested taekwondo lessons for my seventh birthday. Much to my dismay, I learned at my very first class that taekwondo, despite sounding like cookie dough, had nothing to do with desserts. This distress vanished when I learned that taekwondo did involve a seven-year-old's second greatest interest: becoming a ninja. After about a year of working towards this aspiration, life got in the way; the summer after second grade, my family moved from sunny Southern California to the even-sunnier desert of Arizona. With no taekwondo studio in the area, I was convinced that my training had come to an end. But after a few months of shopping around, a different type of studio caught our interest: DePalma's Team USA Martial Arts, which taught a style of karate known as American Kenpo. And this is where my training truly began. Over the next nine years, I continued taking classes five, sometimes even six days a week with no off-season. It was here that a large part of my transformation from an awkward and clumsy third-grader to an outgoing and slightly less clumsy high school senior took place. I've never been an exceptional athlete, but as I climbed through the belt system in the karate studio, I finally felt what it was like to improve at a sport, to trust in my ability to perform despite whatever pressure threated to weigh me down. Whether it was sparring at a local tournament, testing for my next belt or even just practicing my form in front of the other students, I knew I could count on my apprehension being washed away by a surge of confidence when I reflected on how much I had already accomplished. But even though I carry this confidence with me wherever I go, I still feel it strongest in my home away from home. Midway through my freshman year of high school, this self-assurance allowed me to take up a new challenge: getting my first job. Over the course of my training at the karate studio, I had seen a number of instructors come and go. Shortly after yet another vacancy opened up, the head instructor of the studio sat me down and asked if I'd be interested in assisting with classes. Given the opportunity to spend even more time training, let alone get a paycheck for it, I didn't even have to think about my answer. But that night, as I sat awake in bed thinking over the day's events, I realized that I had gotten in over my head. Even though I'd always enjoyed working with kids, especially my nine younger cousins whom I'd frequently been tasked with babysitting over the years, I didn't know the first thing about actually teaching kids in any kind of structured environment. Yet when I went into work the next day, my misgivings melted away. I knew that learning the ropes wouldn't be easy, and it would be a long time before I was half as good as the instructors I had grown up admiring, but standing in the middle of that noisy, sweaty, and occasionally painful place where I had learned time and time again that I was capable of putting in the work necessary to grow and improve, I couldn't help but be optimistic.It's been three years since I was hired, and while I can confidently say that I now stand as a much more knowledgeable instructor, it certainly continues to be a learning experience every day. I've found that I enjoy working with kids even more than I expected, which helped to reaffirm my decision to go into pediatrics, a field where hating children is kind of a deal breaker. And I've discovered that tackling challenges that I've never begun to prepare for isn't always as difficult as it seems; I'm just glad I was able to do it in the safety of my home away from home.  "},{"index":1,"personal_essay":"Over the past few months, I have been told time and time again that my college experience will be shaped just as much by how I pursue my interests outside the classroom as by what I do in the traditional learning environment. As soon as I learned that my success in college would depend on taking advantage of educational opportunities beyond my required coursework, I began looking for universities that would provide not only a stellar education, but valuable outside resources as well. Between majors designed for prospective medical students like myself and abundant research opportunities at the two nearby hospitals, the College of Arts and Sciences at the University of Pennsylvania seems like the perfect place for me.   I've wanted to be a pediatrician for as long as I can remember, so I've always viewed college as just another step in my educational career that would culminate in medical school. Because of this, one of my primary concerns in choosing a college has been the availability of majors that are designed from the ground up to aid students in their ambition to be healthcare professionals. The Health and Societies major offered through the College of Arts and Sciences goes above and beyond this by providing an inter-disciplinary education in medicine that encompasses historical and sociological perspectives on healthcare. Supplemented by additional classes in the hard sciences of biology and chemistry, which are also offered through the College of Arts and Sciences, the Health and Societies major seems like a phenomenal option for aspiring medical professionals. Programs like the Health and Societies major show that the College of Arts and Sciences is clearly up to the task of preparing students like myself for both the academic rigor of medical school and the challenges of actually working in the field of healthcare that require knowledge of more than just the science of medicine to adequately address. I'm optimistic that taking advantage of this holistic educational opportunity will help me to one day be the best doctor that I can be. But the resources available to pre-med students attending the University of Pennsylvania aren't limited to academic majors.   Both the Children's Hospital of Philadelphia and the Hospital of the University of Pennsylvania are located within a mile of UPenn's campus. For future medical students, these conveniently located facilities are invaluable resources that provide exposure to the world of healthcare. I look forward to taking advantage of the programs offered at these hospitals, including the College Volunteer Program at The Hospital of the University of Pennsylvania. While I have been able to get some experience seeing what it's like to work in a clinical setting before, the opportunity to work in such a prestigious hospital would be an even more intriguing experience. And while the College Volunteer Program doesn't constitute a formal internship, that opportunity is still readily available at the nearby Children's Hospital of Philadelphia. The CHOP Research Institute Summer Scholars Program is admittedly a highly competitive and selective internship. But I know that I'll be applying anyway, because my driving passion in medicine would never let me pass up the chance to work in a facility that's so praised for its quality of pediatric care. The Children's Hospital of Philadelphia also offers internships at The Center for Injury Research and Prevention, which is yet another opportunity that I would be enthusiastic to take advantage of. I'm hopeful that the healthcare-oriented education that I'll be receiving at the College of Arts and Sciences will not only assist me in securing at least one of these competitive internships during my tenure at the University of Pennsylvania, but will make these experiences even more valuable by allowing me to witness the abstract concepts I'm learning in class being utilized in a real-world healthcare facility. Together, I hope that these opportunities will provide me with the best undergraduate education possible in preparation for medical school."}]}