{"schema":{"fields":[{"name":"index","type":"integer"},{"name":"personal_essay","type":"string"}],"primaryKey":["index"],"pandas_version":"0.20.0"},"data":[{"index":0,"personal_essay":"Egg yolks, olive oil, yogurt and a tablespoon of honey. Light filtered in through the kitchen curtains, skeining my hands silver as I stirred these ingredients together, humming along to the rhythm of my whisk looping around the bowl. Water from my freshly washed hair dripped onto the linoleum tiles, punctuating the quietness of the early morning. Such a moment of peace, unfortunately, did not last long. When mixed thoroughly, the concoction shimmered a rich translucent gold. This was my grandmother's hair treatment recipe, which she insisted was integral to maintaining her sleek dark locks. Although the idea of smearing yellowish slime all over my head sounded suspect, I ultimately decided to try out her recipe after much agonizing. In my early teenage years, my desire for healthy hair had been paramount. I dipped both palms into the cool consistency before combing the sticky mixture over my scalp, massaging it briskly through the damp strands. After a few minutes of waiting, I rested my elbows on the blue Formica countertop and turned on the hot water in the sink to rinse off the mask. The warmth felt incredibly good pouring down my head. Pale steam drifted upwards in thin plumes, its scent pervading the winter air. It was a delicious aroma that, I realized with a growing horror as I prodded a solidifying wad of sizzling something in my hair, smelled suspiciously like scrambled eggs. Releasing an unearthly screech, I skidded across the floor and bolted upstairs to the nearest bathroom mirror. I was mortified! My cat took one look at me and fled with his tail fluffed in the air, hissing, while my sister cackled and lunged for the camera. I wailed again when I saw the yellowish mass stubbornly clinging to my ten inches of long black hair and clawed at it frantically. 'What am I going to do?' It was surreal\u2014I had cooked an egg in my hair. Two snapped combs, multiple Google searches ('how to get cooked egg out of hair,' and later 'how to get broken comb out of hair'), and lots of tearful scraping later, I eventually succeeded in removing most of the egginess with a metal fork. Because of incidents like this, I have come to appreciate and even welcome the mishaps that occur when I try out new activities. My initial batch of tomato plants was massacred when I left them under the wrath of a full summer sun. In my kitchen, I mistake salt for sugar, vinegar for soy sauce, flour for baking powder. Most people stress and fret over making such mistakes, and often grow discouraged or give up altogether. But for me, messing up is the most effective and memorable way to learn what not to do, and brings me one step closer to doing things correctly. Knowing this propels me to persevere and try again. I am in a constant state of beginning. Even as I progress into adulthood, I will always be in the midst of another unfamiliarity, whether it be writing contemporary magic realism or conducting a principal component analysis with MATLAB. When my grandmother heard about my unfortunate 'egg-cident,' as my sister later termed it, she wheezed with laughter over the phone: 'You had to rinse your hair with cold water!' Even I had to concede that the moment was hilarious in hindsight. Setbacks will inevitably happen, and sometimes I will fail and fall. But unlike that egg stuck in my hair, I always try to land sunny-side up."},{"index":1,"personal_essay":"It was raining when I toured Yale and I had no umbrella. A student approached me with a smile and offered the extra plastic poncho she carried. Her kindness reinforced my initial impression of Yale\u2014though the residential colleges may function as microcosms of its community, the university itself is a small-scale model of my ideal world. Additionally, with its emphasis on interdisciplinary collaboration, the Franke Program in Science and the Humanities is the perfect opportunity to synthesize my interests in computer science and writing, since there is as much an artistic infusion to coding as there is a rational progression to poetry. And through colorful classes such as 'The Genre of the Sentence' and 'Blue,' I'm excited to challenge the full spectrum of my curiosities.What is it about Yale that has led you to apply? (125 words or less)I write magical realist stories: sunflowers dripping lemon oil, summer scraping its whiskers against bare legs, prayers spiraling out of churches as rose-lit smoke. Although this genre is as otherworldly and vibrant as blue gardens or poetry, it's nevertheless conceptualized in hard reality. Which is why, as a Mitra Scholar, I'm researching the historical genesis of magical realism in Latin America. Last summer I've database-dived for seminal works, interviewed cultural experts, and linguistically interpreted the glitzy prose of Isabel Allende. I've discovered that magical realism wasn't a passive invention, but rather a means of literary resistance. Because history is oftentimes a story sold as truth, this genre presents a subversive version of a timeline distorted by colonial control. It's illuminating to analyze this topic through cultural, historical, and literary prisms\u2014in essence, magical realism is transformative because it transcends categorization. It drives me to write stories. And what else is more dimensional, more compelling, and more real than a story?Please briefly elaborate on one of your extracurricular activities or work experiences that was particularly meaningful to you. (About 150 words)On the first day of my internship, I spent hours on the microscope taking pictures of quantum dots, blissfully unaware that I was in fact peering at a particularly fluorescent patch of dust. Though such a mistake was the first of many, I make sure to never make the same one twice. I would like to indefinitely continue scientific research because it's an exciting process of venturing into the unknown. This summer, I learned MATLAB to develop bioimaging software. I created an algorithm that can 're-connect' quantum dot trajectories to improve single particle tracking, and was used to better elucidate the internal porosity of collagen, an important parameter in synthetic tissue engineering. The code was a spontaneous development\u2014originally a quick means to grab more data\u2014but building it undoubtedly reinforced my desire to continue pursuing research, which, despite its unexpected setbacks, can be extremely invaluable and rewarding.If you could only do one of the activities you have listed in the Activities section of your Common Application, which one would you keep doing? Why? (Required for all applicants.)- Steve Jobs (Steve Jobs) - When Jobs talked about how a calligraphy course he took inspired the typography that was later carefully built into the Mac, I realized the full extent to which technology depends on non-scientific endeavors such as art, English, and philosophy to truly flourish.- The Goldfinch (Donna Tartt)- The Girls (Emma Cline)- Fault Lines (Nancy Huston)- War of the Foxes (Richard Siken)- Cien a\u00f1os de soledad (Gabriel Garc\u00eda M\u00e0rquez)- Como agua para chocolate (Laura Esquivel)- Home (Toni Morrison)- The Soul of a New Machine (Tracy Kidder)- Magical Realism: Theory, History, Community (Wendy Faris et al.)- Lighthead (Terrance Hayes)- The Brief Wondrous Life of Oscar Wao (Junot D\u00edaz)- iWoz: From Computer Geek to Cult Icon: How I Invented the Personal Computer, Co-Founded Apple, and Had Fun Doing It (Steve Wozniak)- Night Sky with Exit Wounds (Ocean Vuong)- Incarnadine (Mary Szybist)- A Gram of Mars (Becky Hagenston)- Flowers for Algernon (Daniel Keyes)- The Pushcart Prize XLI: Best of the Small Presses 2017 Edition (Bill Henderson et. al)<br \/><br \/><br \/><br \/><br \/><br \/><br \/><br \/><br \/><br \/>List the books (if any) you've read this year for pleasure. Choose one and in a sentence describe its impact on you.The domestic cat, Felis catus, sparked my interest in English. In literature, I've noticed a clear link between felines and mortality. For instance: why do cats have nine lives? Why is the archetypal 'cat lady' an elderly spinster? And why is Schr\u00f6dinger's cat both alive and dead? Through my silly obsession with the house cat's literary significance, I grew to love English for its intricacies and idiosyncrasies. Literature is a bridge across generational and geographic boundaries; its lessons remain relevant despite place and time. You encounter the glitzy, oftentimes contradictory perspectives of America's welfare queens, starving artists, walking stereotypes, churchgoers and left-behinds. Their stories promote empathy and understanding. At Brown, I'm eager to contribute to the cross-disciplinary Clerestory Journal, engage the analytical side of English by exploring the intersection of history and literature through Postcolonialism and Globalism, and indulge my creative muse by fictionalizing human-machine relations in Into the Machine.Why are you drawn to the area(s) of study you indicated earlier in this application? If you are 'undecided' or not sure which Brown concentrations match your interests, consider describing more generally the academic topics or modes of thought that engage you currently. (150 word limit)My summers are divided into periods of writing and non-writing. I pursued my love for magical realism by creating an interdisciplinary portfolio of poetry, fiction, and humanities research that evaluates the socio-historical impact of this literary genre and its global contribution to literature. I also face-planted into beach sand after a disastrous handspring attempt, got hopelessly lost in Iowa's clean-smelling corn fields, and learned how to write terza rima sonnets. I judged for the Venus Magazine Poetry Competition and studied fiction during the Adroit Journal Mentorship. I also imaged sparkling quantum dots under the microscope, ate way too many goldfish crackers, traded angry frog memes with my writing mentees, and coded a haiku-generator in MATLAB for fun. Inspired by Princeton's Collegiate Gothic architecture, I wrote a poem about cathedrals that was later published in my favorite online journal, Radar Poetry.Please tell us how you have spent the last two summers (or vacations between school years), including any jobs you have held. (About 150 words)As an engineering intern at Boston University under From the Science & Engineering Library to the 3D printers in the Singh Imagineering Lab, BU's School of Engineering offers a wealth of resources to broaden and deepen my passion for computer engineering. One course I'd like to take is the Introduction to Stochastic Processes, and I plan to pursue a concentration in Nanotechnology, a modern field that synthesizes multiple engineering fields at the minute level. I can pursue my interests by writing for Synapse, BU's undergraduate scientific magazine, or creating coding projects at BostonHacks.Most importantly, I'm excited about the cosmopolitan avenues of learning that the Global Programs would offer. It would be an immersive experience to apply my BU education to real world initiatives, since as an engineer and writer, I love to create. And I believe that whatever we make, whether it be algorithms or stories, should convey something meaningful to society at large.What about being a student at Boston University most excites you?Two Junes ago, I read Amy Tan's The Joy Luck Club in some used bookstore that flaunted vintage Marilyn prints, gold-laced lamps, plum vinyl armchairs and the lingering residue of spilled soda. The novel I found was priced to some near-insignificant sum, the red half-off sticker partially obscuring its lotus-shaped title. Still, I spent a good three hours flicking through the pages, immersed in the sixteen interlocked narratives of four Chinese mothers and four Chinese daughters.Reading felt like remembering the remnants of a dream. In this novel, the families' weekly mahjong sessions were resplendent with good food, good talk, and good times. They brought to mind my own grandparents' annual New Year's potlucks, evoking the sizzling aroma of peanut oil, pork-and-chive dumplings tumbling in the pot, and mandarin oranges peeled and passed around. I remember awkwardly spearing noodles with a pair of chopsticks. I remember practicing the piano in the same manner as Jing-mei Woo\u2014first with naive gusto, then, after the thirtieth repetition of the same song, with a pounding resentment. Despite my mother's insistence that I keep playing, I often begged to quit. In some ways, Jing-mei's experience mirrors mine: I did not understand the joy and pride my mother invested into my musical education until it was too late.When von Goethe wrote poetry, he framed his justification as 'one cannot escape the world more certainly than through art,' and I knew what he meant, to crave a different dimension of reality. To seek, perhaps irrationally, some space poles apart from my quiet suburb with its red poppies and glossed doors. Fiction thus exists in that gap of escapist want, and blurs the distinction between truth and lies. It's an experience that is both temporary and satisfactory. You read about imaginary characters and made-up events to further distance yourself from reality, with the interval between truth and fiction scaled to your preference.In the instance of The Joy Luck Club, Tan keeps the gap small. The real is near-indistinguishable from the unreal. Although immortalized in words, Jing-mei is practically a character fleshed to life: tangible, meandering, and flawed. Like any real person, she works half-heartedly as a copywriter for a small ad agency, practiced fancy curtsies as a child, and was gifted a jade pendant on a gold chain from her mother. Experiencing her fictional world, which takes place in 20th-century San Francisco and is drastically different from mine, nevertheless made me nostalgic for my own. Her life is rendered similar precisely because I found it relatable. Perhaps Tan wrote this novel as a lesson in self-awareness. Though The Joy Luck Club is a fictionalized narrative of a transnational mother-daughter experience, the memories and feelings that it evokes are authentically contextualized. By noting that 'one cannot bind oneself to After I finished reading The Joy Luck Club, I kept savoring the texture of the text, from the wide-open endings to the prose, as clean and beautiful as the shine of glass. The joy in reading is that it lingers long and hard. As von Goethe illustrates, over time, the stories become an integral part of our memories and realities.The German poet Johann Wolfgang von Goethe wrote: 'One cannot escape the world more certainly than through art, and one cannot bind oneself to it more certainly than through art.' With extended reference to one novel, poem, play, piece of music, or work of art, please discuss what you believe this sentence to mean.The Bruno Bear statue stands tall, indomitable, its bright bronze gaze forever fixated on the great unknown. Its attitude mirrors Brown's relentless pursuit of the frontier of knowledge. With the Open Curriculum, I can bridge the societally-perceived divide between writers and programmers by supplementing a creative humanities concentration with logic-based electives in coding. In the meantime, I'll fall in love by experimenting with bizarre classes like 'Cult Archeology' or 'Meditation'\u2014the possibilities are limitless. Furthermore, English students at Brown have told me about the close-knit support between students and faculty, which is especially compelling as I learn best through intellectual collaboration.Why Brown, and why the Brown Curriculum?Morristown, New Jersey defined the formative years of my life, and what shapes home in my memory is the constant tension between socioeconomic classes. Morristown's public schools were newly-polished and well-funded, but the town's crime rate far surpassed the state average. My immigrant parents lived in foliaged, red-bricked apartment complexes, squeezed next to homeless shelters and sheltered homes. Growing up, Morristown colored my perception of privilege when we later moved to San Jose, California. Silicon Valley is a massive cultural shock: glitzy, affluent, yet unapologetically insular. Income groups live clumped in clusters, with the rich polarized from the poor.Tell us where you have lived - and for how long - since you were born; whether you've always lived in the same place, or perhaps in a variety of places. (100 word limit)Bubbling with quaint historical charm. Situated in a dynamic city. Foundational liberal arts curriculum backed by extensive research opportunities. Innovative. Quirky Tree Lighting and Yule Log traditions\u2014who doesn't love winter? A vibrant mix of backgrounds and ideologies. Always busy: something to do, to see, to be. Mysterious tunneling systems. An inclusive, supportive student body. Well-read. Interdisciplinary seminars. Bustling, populous, exciting\u2014as the Chinese idiom goes, people mountain people sea. Opportunities in the literary arts. Supportive student advising. Challenging the boundaries of conventional thought. An academic balance of extensive depth and explorative breadth. Renaissance focus. Career support. Offers delicious cold-brewed coffee. Encapsulates the beauty of an orderly chaos.List a few words or phrases that describe your ideal college community.(150 words or less)- The Bluest Eye (Toni Morrison) - A devastatingly gorgeous narrative. When I read about Pecola's attempts to satisfy the Western beauty standards by praying for blue eyes, I remembered my mother sticking on double eyelid tape to look less Chinese. I definitely cried then.- The Great Gatsby (F. Scott Fitzgerald)- Compilers: Principles, Techniques, and Tools (Alfred Aho et. al)- 'Where Are You Going, Where Have You Been?' (Joyce Carol Oates)- 'The Lottery' (Shirley Jackson)- 'A Very Old Man with Enormous Wings' (Gabriel Garc\u00eda M\u00e0rquez) - Of angels, crabs and religion\u2014launched my fascination with magical realism.- Mrs. Dalloway (Virginia Woolf)- The Love Song of J. Alfred Prufrock (T. S. Eliot) - 'Do I dare \/ Disturb the universe?'- Bebop to the Boolean Boogie, Third Edition: An Unconventional Guide to Electronics (Clive Maxfield) - A brilliant overview told with enviable humor and simplicity.List the titles of the required readings from courses during the school year or summer that you enjoyed most in the past year. (150 words or less)- The Adroit Journal - Strong, eclectic aesthetic. Poems about ugly things told through pretty words, from cherry pits to phantasmic family reunions to glow-in-the-dark jellyfish.- PANK Magazine- Wired Magazine - The monthly technology update that covers both the science and the social impact of new phenomena. - The Claremont Review- The New York Times- Science Magazine- Quanta Magazine- TIME Magazine - I've looked forward to the rectangular red border in our mailbox every week since sixth grade. Contains striking yet thought-provoking photographs, paired with eloquent pieces of recent journalism.- TVTropes.org - An informal pop-culture resource with all sorts of conventional storytelling archetypes, from the Jerk with a Heart of Gold to the Butt-Monkey. - Reddit.com - A feed of useful information, from r\/debate (crucial for upcoming national tournaments) to r\/eli5 (has the best and simplest explanation behind the smell of fresh-cut grass)List the titles of the print, electronic publications and websites you read regularly. (150 words or less)- National YoungArts Week Writers' Readings and Visual Arts Exhibition - Experience of a lifetime. Coming from STEM-obsessed Silicon Valley, I've never seen such wild enthusiasm for the arts until then.- - 'Priceless Pork Belly' exhibit from the Asian Art Museum- IBM 1401 Demo Lab from the Computer History Museum- 'Kahlo and Her Circle' gallery from the Museum of Fine Arts- Saturday Night Live (1975-) - Politically incisive yet relatable! So hilarious that I indulge in it even when it's not Saturday night. - 'How Much of the Earth Can You See At Once?' - Michael Scott, 2017- 'Unveiling the Genius of Multi-touch Interface Design' - Jeff Han, 2007- 'Grit: The Power of Passion and Perseverance' - Angela Lee Duckworth, 2013 - A talk that I re-watch every once in awhile. Reminds me to stay grounded.List the titles of the films, concerts, shows, exhibits, lectures and other entertainments you enjoyed most in the past year. (150 words or less)In this modern era of of convergence, English is powerfully relevant to every part of society today, from the philosophical to the engineering sector. Ensuring an interlinked education among different fields and encouraging interdisciplinary synergy is what differentiates Columbia College from other top colleges. In no other place would I find engineers enthusiastically contemplating the ethics of programming a pseudo-humanistic intellect, nor art historians debating the usage of image analysis algorithms to digitize centuries-old paintings. In Columbia, students eagerly bridge the historical division between science and the humanities through the unique Core Curriculum. I love the intellectual creativity within prose and code, but I want to major in English. That doesn't mean I can't also investigate the unique junction of language and algorithms in Natural Language Processing, throw my free time into designing cool websites during hackNY, or indulge in weekly Topcoder matches. With the breadth of the Core, I can explore these dual interests in depth.In addition, Columbia's English department stands out for its strength in both literary criticism and creative writing. I'd love to engage my analytical side in The 1960s, which explores the activist literature produced during that tumultuous decade, and edit for the Columbia Journal of Literary Criticism. As a Mitra Scholar this year, I've engaged in humanities research to examine the genesis of magical realism, a subversive literary mode that developed during the 1960s-1970s Latin American Boom. With Columbia's commitment to undergraduate research, I can't wait to critically examine the literary globalization of magical realism under Professor Bruce Robbins. My enthusiasm for Columbia also extends to its Creative Writing Program. Catch me emulating James Joyce's stream of consciousness aesthetic in The Crisis of the 'I,' or waxing poetic over fresh-brewed coffee at the Poetry Reading Series, or contributing M\u00e0rquez-inspired stories to the Quarto Magazine.Please tell us what you value most about Columbia and why. (300 words or less)Under the microscope, quantum dots are quite the vision. Picture a picture: sparkling red and green nanocrystals swirling busily across a dark glycerol square. At my research internship, I had the privilege to examine the diffusive movement of these glittery motes within collagen to computationally model its internal microarchitecture. Though my project drew from diverse scientific disciplines, from mechanical engineering to biology to physics, it was mainly predicated upon a foundation of computer science. Using MATLAB, I coded an algorithm that predicts particle trajectories based on image sequences and makes single particle tracking more accessible as a research tool. Building code to garner useful data reinforced my desire to pursue computer science, specifically in its application towards image analysis.Computer science also enables the unconventional freedom of design. I first taught myself how to code in middle school through Tumblr, a blogging platform that allows for extensive webpage theme customization. Using markup and stylesheet languages, I created more visually appealing websites, with decorative details such as tiny crosshatch cursors, embedded music players, calendar pages or even falling 'snow.' These early attempts at website customization catalyzed my role as a web designer for multiple online literary organizations. In this aspect, computer science is able to transcend the techie-fuzzy divide: it seamlessly merges my interest in the sciences and the humanities. English is another current intellectual obsession. This field is incredibly humanizing, as reading and connecting with the narratives of diverse individuals is a lesson in kindness. You learn to understand the dazzling and oft-contradictory perspectives of America's welfare queens, starving artists, walking stereotypes, churchgoers and left-behinds. You learn to emphasize. Creative writing particularly appeals to me because it's where the reciprocity of written language is at its most gorgeous and insatiable. I'm especially interested in writing about and studying magical realism, a pervasively Latin American literary mode that blends supernatural phenomena into everyday life. Through analyzing its historical genesis in my Near Mitra humanities research paper, I was able to observe how magical realist literature closely mirrors the Latin American socio-political and economic realities of the 1960s.As a programmer and a writer, I love to create. There is as much an artistic infusion to coding as there is a rational progression to poetry, and the Cornell College of Arts of Sciences is the perfect place for me to pursue and synthesize these two diverse interests. Cornell's Computer Science department appeals to me for two reasons: its commitment to undergraduate research and its specialized curriculum. Cornell's computer science research is truly unique in that it bears strong connections to other disciplines. Of particular interest to me is the Vision and Image Analysis Group, which applies algorithmic models to various biological systems. I'm especially interested in computationally analyzing imaged neurons in 3D under Dr. Anthony Reeves. Additionally, by offering specialized vectors of CS electives, I can't wait to pursue the Human-Language Technologies Track and further the convergence of computer science and English in a personally meaningful way. Outside of the CS department, I'm eager to analyze stories about transformation in 'Expository Writing: Modern Metamorphoses' or study my favorite author, Toni Morrison, in 'The Great American Cornell Novel.' I plan to edit for Rainy Day, Cornell's undergraduate literary magazine, and attend Books Sandwiched In and the Zalaznick Reading Series hosted by the English department. Last but not least, the Milstein Program in Technology and Humanity appeals to me for its multidisciplinary synergy among the liberal arts and technology. It would be a privilege to join this new initiative.Describe two or three of your current intellectual interests and why they are exciting to you. Why will Cornell's College of Arts and Sciences be the right environment in which to pursue your interests? (Please limit your response to 650 words.)As a programmer and a poet, I love to create. The Institute for Cross-Disciplinary Engagement is thus the perfect opportunity to synthesize my interests in English and computer science. Additionally, with the uniquely flexible D-Plan and the College's substantial undergraduate focus, I can't wait to closely research the transnationalism of magical realist literature under Professor Sam Moodie. Dartmouth's English Department stands out for its strength in both literary criticism and creative writing\u2014I can engage my analytical side by interpreting the subversiveness of Beloved in ENGL 53.02 Toni Morrison, and artistically explore English by reinventing history in ENGL 87.04 Imaginary Countries.While arguing a Dartmouth-related case before the U.S. Supreme Court in 1818, Daniel Webster, Class of 1801, uttered this memorable line: ''It is, Sir\u2026a small college. And yet, there are those who love it!'' As you seek admission to the Class of 2022, what aspects of the College's program, community, or campus environment attract your interest?From wiring red-green-blue LED logic circuits on breadboards to implementing Pascal language scanners, computer science facilitates my obsession with building, designing, and improving the world around me. The Pratt School of Engineering thus appeals to me for two main reasons: its commitment to undergraduate research and its extensive CS curriculum. Image analysis research plays an integral role in my decision to pursue computer science, and is something I want to continue indefinitely. Through Bass Connections, I'd be able to apply my theoretical training to solve real-world problems in multidisciplinary group efforts such as Image Processing Algorithms for Art Conservation under Professor Ingrid Daubechies. Additionally, I'm eager to take in-depth courses such as Digital Image and Multidimensional Processing that place a creative emphasis on hands-on learning. I can tinker with side projects during DukeHacks, and through the unique 4+1 BSE+Master's Degree program, I can pursue accelerated graduate-level coursework as an undergraduate.If you are applying to the Pratt School of Engineering as a first year applicant, please discuss why you want to study engineering and why you would like to study at Duke. (Please limit your response to no more than 150 words.)As an engineer and a writer, I love to create. There is as much an artistic infusion to coding as there is a rational progression to poetry, which is why the USC Sidney Harman Academy for Polymathic Study, with its focus on cross-disciplinary connections, draws me in. Combined with Engineering+, USC truly emphasizes the renaissance value of exploring the full academic spectrum. I'm eager to delve into fascinating classes such as Video Game Design at the Viterbi School of Engineering, while simultaneously taking the Creative Narrative Workshop at the Department of English or editing for Adsum, the student-run literary magazine. I can't wait to learn about job opportunities in the engineering industry through the Viterbi Career Conference, and thanks to the progressive degree program, I would have the unique opportunity to take graduate-level courses as an undergraduate. USC also appeals to me for its substantial facilitation of student research. Research has been an integral component of my decision to pursue computer engineering further, and is something I want to indefinitely continue. I love research because it's incredibly diffusive. The single particle tracking research project I've conducted was predicated upon fields ranging from biology to physics to computer science, and it's illuminating to work with different individuals from various backgrounds. At USC, one interdisciplinary research area I'm especially interested in is the Natural Language Dialogue group led by Dr. David Traum, which seeks to computationally model human communication and bridges the gap between engineering and English in an engineering-oriented way.Describe how you plan to pursue your academic interests at USC. Please feel free to address your first- and second-choice major selections. (250 word limit)Last summer I spent hours on the widefield microscope watch sparkling red quantum dots shift inside translucent collagen fibers. My purpose was to better understand the porosity of collagen, an integral parameter in synthetic tissue engineering. To capture single particle tracking data more easily, I created an algorithm in Matlab that can computationally analyze the confined trajectory motion of intermittently fluorescing particles, thus helping scientists gather more accurate information in less time.In this respect, I believe that engineering the tools of scientific discovery is the most important modern challenge. This goal is multidisciplinary and all-encompassing: engineering spreads into all of the Grand Challenges in some way. One cannot probe the cellular interactions in the human brain without a microscope, nor handle big data within the medical field without powerful data structures. And I wouldn't be able to efficiently investigate the internal microarchitecture of biological fibers without the code I built. Scientific fields depend on crucial engineering applications to expand and improve.The scientific devices that we engineer presents positive externalities to society. To some capacity, their uses are also generalizable to multiple areas of investigation. For instance, my own program improves general microscopy image processing and is applicable to the quantitative analysis of internal characteristics within biological substances such as neurons, fibronectin, or agarose hydrogel. Improving the tools that are ubiquitous in many research fields\u2014like the multi-paradigm Matlab computing environment, for example\u2014would simultaneously accelerate different avenues of discovery. In short, the impact of engineering proves manifold.While the world as a whole may be more technologically advanced than ever before, the National Academy of Engineering (NAE) has outlined 14 Grand Challenges that engineers should focus on to improve life on the planet. Learn about the Grand Challenges at www.engineeringchallenges.org and tell us which challenge is most important, and why. (250 word limit)Computer science is an artistic variation on problem solving, and I especially embrace the freedom in crafting code. There is a clean elegance in the theoretical basis of this field, yet computer science is also a vibrant mosaic of so many diverse disciplines, and I find comfort in this constant process of learning.In juxtaposition, I love English because it humanizes me. Analyzing generational works is a lesson in empathy and understanding. Creative writing is particularly appealing because it's where my words hold their own weight, and where the reciprocity of written language is at its most gorgeous and insatiable.Students at Yale have plenty of time to explore their academic interests before committing to one or more major fields of study. Many students either modify their original academic direction or change their minds entirely. As of this moment, what academic areas seem to fit your interests or goals most comfortably?There's a potted catnip on my desk that I obsessively guard from my cat, who's forever intent on chewing up the leaves. The plant's mangled and mottled but the fact that it's still alive is inspiring.What inspires you?For writer Ning Ken: To what extent did your personal life contribute to your creation of chaohuan, or 'ultra-unreal,' the literary genre that explores the absurdity of modern Chinese life?Yale's residential colleges regularly host intimate conversations with guests representing a wide range of experiences and accomplishments. What person, past or present, would you invite to speak? What question would you ask?print('Hello, Writers' World!'): Analyzing Language in Modern Prose and CodeYou are teaching a Yale course. What is it called?I'm the compulsive home decorator armed with succulents, fairy lights, and inspirational wall art who'll remodel and optimize your living space each month. I also write love sonnets upon request.Most first year Yale students live in suites of four to six students. What would you contribute to the dynamic of your suite?Dabbling in creative writing the summer before junior year reoriented the trajectory of my life. Coming from a STEM-driven high school, I've never expected creative writing to be such a humanizing experience. It was a paradigm shift: learning to write instilled in me a love for gorgeous and insatiable narratives, as well as a drive to encapsulate what I find personally meaningful into words.Although I only started creative writing halfway through high school, I have achieved a great deal over the past two years. Through national competitions, my writing has been recognized by the YoungArts Foundation, Alliance for Young Artists & Writers, John Hopkins University, and Princeton University, among others, and was nominated for the Pushcart Prize and Bettering American Poetry. In addition, I was published in the Claremont Review, as well as literary journals such as Radar Poetry, Gigantic Sequins, and Hermeneutic Chaos. I was invited to judge for the annual Venus Magazine Poetry Contest and later served as a poetry reader for the Glass Kite Anthology. Yet what I gain most from creative writing is not the recognition that it brings, but rather the opportunity to give back to others. My goal is to make writing more accessible not just at home, but also globally across the high school writing community. Last summer, I mentored for the Sonorous Summer Writing Workshop, a free online mentorship that strives to elevate the oft-marginalized voices of women of color and foster diversity in poetry. During this four-week course, I created a tailored syllabus for my mentees, led reading discussions, and provided feedback for drafts. But what began as a mentorship soon evolved into a close friendship -- we swapped novel-length emails, unedited poems, and even cookie recipes. Writing is meant to be a collaborative process, and through such endeavors, I hope that this activity could reshape and revitalize lives the way it did for mine.What would you say is your greatest talent or skill? How have you developed and demonstrated that talent over time?I view debate as a rapid-fire and intellectually engaging challenge. Ever since I first joined the team in freshman year, I've been giving rebuttal speeches, diving into research databases, and participating in tournaments that soon dissolved my fear of public speaking. However, I wasn't naturally talented at extemporaneous argumentation, and while debate is the love of my life, it's also a constant lesson in humility. In rounds, I'd wind up speaking overtime. I'd pilot an argument that's superficially dazzling, yet deflates miserably after a few strategic refutations. It wasn't surprising that in freshman year, my win-loss record heavily skewed towards defeat. Fortunately, I was able to slowly improve by practicing arguments again and again after losing and relying on advice from my coach and teammates. Eventually, I managed to advance to late elimination rounds at national-circuit tournaments, and even qualify to the Tournament of Champions. I was named Varsity Captain of the public forum debate team by junior year. As a captain, I help the high school team by judging practice rounds, writing evidence cards, preparing refutations, providing speech drills, and running the annual school debate invitational. Yet my new responsibilities also extended to the slowly-dwindling middle school team as well, and I would often help out after school. I soon realized that these kids were true beginners -- they didn't know understand the fundamentals of public speaking, much less how to write a proper debate case. Although some students were natural speakers or adept researchers, most of them faced the same discouraging problems I've struggled with as a beginner. As such, I've been working persistently with the middle school team to address such issues. There is no one-size-fits-all training approach; instead, I often tailored my mentoring to each student's strengths and weaknesses. I've taught my team how to speak assertively, construct blocks, and cite evidence. Most importantly, I've instilled in them the value of perseverance. When it comes to debate, hard work always yields progress.Describe how you have taken advantage of a significant educational opportunity or worked to overcome an educational barrier you have faced.Computer science intrigues me as both a vibrant mosaic of knowledge and a programming-oriented approach to design. I first began coding in middle school through Tumblr, a social blogging platform that allows for extensive webpage theme customization. Using languages such as HTML, CSS, and Javascript, I was able to create more visually aesthetic websites, with decorative details such as tiny cursors, embedded music players, calendar pages or even falling 'snow.' Although most individuals primarily value computer science for its problem-solving aspect, I appreciate how this field also enables the unconventional freedom to design. In high school, I took numerous college-level honors computer science topics, including Data Structures, Computer Architecture, and Compilers & Interpreters. From wiring up logic circuits and basic processors on breadboards to coding my own language scanners, I was able to comprehend both the hardware and software elements of computer science to varying degrees of abstraction. These courses are primarily Java-based, but I've managed to pick up languages such as Python, C++, Mathematica, Xcode, and Matlab. In my spare time, I tinker with complicated algorithms in the USA Computing Olympiad training portal, or build interdisciplinary projects like binary-tree simulations for my story maps. As a web developer for As a dynamic subject with so much creation potential, computer science is notable for its practical applicability to almost every other field, from the language arts to bioimaging. My interest in this multifaceted area sparked from my obsession with building, designing, and improving the things around me, from websites to microprocessors to narratives. In short, I love to create.Think about an academic subject that inspires you. Describe how you have furthered this interest inside and\/or outside of the classroom.I conducted an independent research project last summer at Boston University. My original goal was to better elucidate the internal porosity of collagen, a biological fiber that's important to synthetic tissue engineering. By designing the experiment myself, with occasional input from my lab, I soon came to realize that scientific research is an open-ended process that, in some ways, resembles an art form more than a science. During the internship, I spun collagen fibers with fluorescent quantum dots and took image sequences of its internal structures under the microscope. To calculate data, I used a microscopy technique called single fluorescent particle tracking, which localizes a single dot and follows its trajectory movement across a series of image frames. Although my experimental plan was relatively straightforward, unexpected hindrances frequently came up. I spent hours on my first day taking pictures of the dots, blissfully unaware that I was actually peering at a fluorescent patch of dust on my microscope lens, which I later cleaned carefully. And when the new glass slides that arrived proved too small to fit inside the microscope slide-holder, I rummaged around the lab and eventually settled for plastic coverslips. I've began to embrace making mistakes along the way. After all, I learned something new everyday. And despite the frequent mishaps, I make sure to never make the same mistake twice. Research is inherently unpredictable because it explores and challenges the unknown. I've learned to relax when not everything goes according to plan. For instance, I discovered that one common limitation in single particle tracking is intermittent fluorescence. Quantum dots randomly light 'on' and 'off,' making them difficult to track through image sequences. This restriction motivated me to build code that solves for this problem by computationally reconnecting the trajectories, thus allowing scientists to gather more quantitative data. This novel algorithm will be presented at the International Quantitative Bioimaging Conference in 2018. This spontaneous creation taught me that the course of research almost never happens as intended. Yet research is nevertheless an extremely rewarding activity, and one I hope to indefinitely continue.Beyond what has already been shared in your application, what do you believe makes you stand out as a strong candidate for admissions to the University of California?Your favorite book and its author:Home, Toni MorrisonYour favorite movie:Spirited Away (2001)Your favorite website:http:\/\/emergencycompliment.comTwo adjectives your friends would use to describe you:Hilarious, honestYour favorite recording:'He Paints Because He Likes It' - KaffertorskYour favorite keepsake or memento:A jar of caramelized banana jam that is the right shade of burnt amber.Your favorite source of inspiration:A potted catnip on my desk that I obsessively guard from my cat, who's forever intent on chewing up the leaves. The plant's mangled and mottled but fortunately still alive.Your favorite word:MezclaYour favorite line from a movie or book and its title:'How sweet. That rain. How something that lives only to fall can be nothing but sweet.' - Night Sky with Exit Wounds, Ocean VuongPrinceton University Short-Takes:My short stories are infused with magical realism: scraggly sunflowers dripping lemon nectar, summer heat scraping its whiskers against bare legs like a cat, and prayers spiraling out of church spires as rose-lit smoke. I'm curious about this literary mode because it is so gorgeous yet so provocatively honest. Though it is as otherworldly and vibrant as blue gardens or poetry, in some ways, it's conceptualized in reality. Which is why, as a Mitra Scholar, I'm researching the genesis of magical realism during the 1960s Latin American Boom.Over this year, I database-dived for seminal works, interviewed cultural experts, translated Spanish primary sources, and linguistically interpreted the glitzy, clear-cut prose of Gabriel Garc\u00eda M\u00e0rquez. I have realized that magical realism was not a passive creation, but rather catalyzed by writers as an active form of resistance against post-colonial oppression. This genre serves to preserve indigenous folklore in times of rapid globalization and to define a collective cultural identity. Most importantly, because history is oftentimes a story sold as truth, this genre presents an alternative yet subversive version of a timeline distorted by centuries of outside control. It is exciting to analyze my research through a multifaceted perspective that draws from cultural, historical, and literary prisms, as due to its interdisciplinary nature, my topic lies in the space between all three. Learning about magical realism is transformative because it transcends categorization. It drives me to write stories. And what else is more faceted, more compelling, and more real than a story?I would like to further my investigation of magical realism as a Woodrow Wilson Research Fellow by analyzing its subversive impact in Eastern Asia. Magical realism, disseminated through works such as Laura Esquivel's Like Water for Chocolate or Isabel Allende's The House of the Spirits, has garnered immense popularity among Chinese netizens. Nobel Prize-winning novelist Mo Yan drew significant inspiration from the hallucinatory prose and cutting social critique of Gabriel Garc\u00eda M\u00e0rquez. And Beijing-based novelist Ning Ken has created a pseudo-magical realist literary style called chao-huan, which translates to the 'ultra-unreal' and depicts the fantastical occurrence and hyper-surreal nature of modernized Chinese life. Given the Chinese government's notorious propensity for political censorship, it is perhaps no surprise that its citizens would find themselves so entranced with magical realism, which as a literary mode often questions the values and assumptions of the dominant society that it depicts. Ning Ken's 2015 novel, Sange Sanchongzou (Three Trios), reflects upon the launch of a national anti-corruption campaign from three years earlier. By adopting a fantastical, fictionalized tone imbued with layers of wordplay, Ning Ken was able to mount an oblique criticism of the Chinese government. And at the tail end of 2017, a Shanghai-based internet poll went viral for its question, 'What magic realism event of the year is beyond your understanding?' Though the poll was quickly censored, citizens brought up controversial societal issues ranging from the mass eviction of Beijing migrants to child-abuse scandals to digital violations of privacy. These issues are so under-discussed as to seem near-fantastical, yet their impacts remain tangible, heavy, and increasingly relevant today. The political climate of contemporary China is as oppressive as that of Latin American countries in the 1960s, if not more so. I'm excited to probe the role of magical realism in modern Chinese censorship and its parallel in other countries without free speech. Why did political author Xiaobo, who openly denounced the Chinese government, anger officials upon winning the Nobel Prize in 2010, whereas author Mo Yan, who concealed his socio-political critiques under the mythological veneer of small-town bullies and mystical devils and received the Nobel in 2012, was celebrated by the government as a national hero? This issue straddles the space between the past and present, the written word and words unsaid. The Woodrow Wilson Undergraduate Research Fellowship Program, with its emphasis on interdisciplinary synthesis, would be the perfect opportunity for me to pursue this investigative topic. Being a Woodrow Wilson Research Fellow would give me the chance to travel to China and interview modern authors, to dive into dazzling seminars on Asian government policies, and to grow both as a scholar and as an individual.Johns Hopkins University - Woodrow Wilson Research Fellow Program Application Essay"}]}