{"schema":{"fields":[{"name":"index","type":"integer"},{"name":"personal_essay","type":"string"}],"primaryKey":["index"],"pandas_version":"0.20.0"},"data":[{"index":0,"personal_essay":"I sat by the door of the auditorium. A guy was on-stage, the subject escaped me. Big red letters on the screen read TEDx. I was calm. I had done this dozen of times and speaking before audiences was no big deal.His speech was over. I heard applause. I sat on the front row and waited while they set the stage, the projector, the microphone.I thought back to a year earlier on the Boston T-line. The train stopped. A girl sat beside me and we started talking. She told me of a program called DACA, through which she was managing the local Starbuck's marketing. I figured programs like this helped maintain Uncle Sam's entrepreneurial culture. According to Schumpeter's definition, entrepreneurship is directly bound to a country's development. I had to bring this to Brazil.The MC cleared his throat. '...so now I call to the stage our entrepreneur of the evening, Felipe Meneses!' Applause. When I got to the microphone, the bright light of the projector blinded me and I forgot my lines.Five seconds. Maybe six. What was my theme? Three more seconds\u2026 eternity... A little anguish. Little by little my memory trickled back. Breathe in, breathe out. I should have been proud. At the time, LIGA was operating in three states in Brazil, developing its own materials on entrepreneurial education, and had just partnered with the biggest basic education company in the country.I stared at my shoes, coughed. I founded this nonprofit due to my will to make a positive change in society. LIGA is focused on instigating an entrepreneurial culture in Brazil and empowering the youth to make the change they want to see in the world. At first, we promoted talks by relevant businessmen and local leaderships. Then came the events featuring entrepreneurial dynamics such as the Marshmallow Challenge. LIGA is now 6 months old, inspiring hundreds of teenagers to action, from the creation of a happier environment to a business.Through LIGA, I discovered that many people had a passion and just didn't trust their potential. There is hope, though, because when they perceived it was possible, they were eager to learn. Furthermore, in the right environment, everything happens much faster. After engaging in our events, some participants started NGOs and businesses. We ended up conceiving a course called Metamorphosis to help them develop and improve their institutions!That is why I was onstage. All you need is a spark in the eye. I had to share it with the audience. LIGA started as a Minimum Viable Project in my school with about 40 participants - not an ambitious initiative at first. If we could change two people, it would be extraordinary. If each of them did the same for two more and this cycle was repeated 33 times with different individuals, we would have changed the Earth. To my surprise, the project has grown exponentially. Perhaps we are underway.In search of new materials, I went to the Brazilian Leadership Bootcamp, where I met some of the best young social entrepreneurs in Brazil. I shared with them our vision and all the change that has been reported in people's lives. Some of them have since partnered with me and, together, we are striving to expand LIGA throughout the country. The objective now is to disseminate our message throughout the 26 Brazilian states and establish a network of young entrepreneurs determined to forge a positive impact in society, hence taking the country to a better future.I breathed in, I breathed out, smiled and told my story.Black holes are among the most intricate and baffling objects in outer space. Some are powerful enough to gather whole galaxies around them. They sit there, parsimonious, not understood, alone. Yet, when two black holes encounter, they come closer and closer orbiting each other until they merge, creating a breathtaking spectacle. A black hole is formed when a star's gravitational pull overcomes its inner forces, making it collapse into itself. Passionate people are just like black holes. Most of them are misinterpreted at first. Yet, they change their surroundings and inspire others. Given the opportunity to work with people who share their passion, they perform wonderful feats. Of course, black holes are scattered through the universe and there are still many stars able to turn into these beautiful objects. In earthling terms, picture a place that could catalyze change. Imagine the power it might gather. With that vision, I created LIGA, a non-profit with the purpose of promoting an entrepreneurial culture in Brazil and empowering the youth to make the change they want to see in the world. After a little over 6 months, LIGA is operating in three states, inspiring hundreds of teenagers. They approach everything from the creation of a happier community to a business plan. Through LIGA I discovered that many people have a passion and just don't see themselves able to make it come true. They're like stars. When they perceive it is possible, they get eager to learn. There is hope. Also, I found out that everything you need is a spark in the eye. LIGA started as an MVP in my school with about 40 participants. Later, in the Brazilian Leadership Bootcamp, I met some of the most amazing people \u2013 supermassive black holes. I didn't feel alone there, I felt excited, for we understood each other in so many ways. I told them LIGA's vision and all the change that has been reported in people's lives. Some of these bootcamp fellows felt inspired and joined LIGA as well. And black holes started orbiting each other. After two weeks, we were partnering with one of the major educational institutions in the country, expanded to two more states and had a bunch of new ideas. As a black hole merger, we are willing to send ripples throughout space.I hold the basket upon my head as he hands me fruits the size of golf balls. The face worn off by life, he still takes pleasure in time spent with me, the orchard, the sweet smell all around us. Summer has just begun. Mangaba season. Nonexistent anywhere else in the world, mangabas are a symbol of my hometown, my home state. Spherical, chartreuse in color, infused by a strong carmine whose dispersion on yellow seems like the distribution of heat on the cosmic microwave background. Aracaju is where I live, capital of Sergipe, in Brazil. Tupi for little macaw or cashew, it should have been named after mangaba. Now we share the handles of the basket, grandpa and I. He tells me of nothing really, yet it all so meaningful. In the farm kitchen, grandma joins us around the spoils of our battle. And she makes mangaba juice, jam, preserve while she shares stories of her own childhood.As I sip the whitish juice, I can feel the unique fusion of the sweet and sour in my mouth forming something magical, I can feel the connection to my heritage, my home. But as Hamlet put it, 'I could be bounded in a nutshell and count myself the king of infinite space\u2026'. Well, I was bounded in my mangaba tree, but there was a bigger world to explore.My parents were always proactive in face of my five-year-old questions. But when such doubts became more complex, answers became scarce. The more I studied, the more doubts arose. Inquired, adults now told me not to worry because they would be answered in high school. High school, the promised land, was described as perfect for someone yearning for knowledge. However, when I got there, I was told that my questions would be addressed later, in college. Honestly, it seemed like nobody cared. But I could not wait any longer. So I did what my teachers told me.I went to college. I became part of Future Mathematician Project, a respected center for math prodigies in Brazil. There, I was taught fundamental structures such as Linear Algebra and Real Analysis. I grasped the theories of Weierstrass and Riemman and was dazzled by the writings of great professors such as Kenneth Hoffman and Richard Courant, but most importantly, I wasn't alone. In my vigorous pursuit of knowledge, I was accompanied by likewise curious people. We'd spend hours debating the intricacies of mathematical theories. That setting was embedded in knowledge, and so was I. It was a moment of sudden epiphany. From that chair where I sat, 18-year-old PhDs were born and so were people whose capacity of understanding I could not dream to bear. Inspiration came from everywhere. After so many years, I had answers, and from those answers, many more questions arose. In that environment, I truly felt intellectually alive. A free mind to explore the universe, cracking the nutshell."},{"index":1,"personal_essay":"I was five when my father caught me with his black tie on and a portfolio of cars in his old suitcase.'What are you doing?''Practicing.''For what?'My lungs filled with pride, I ceremoniously told him about Powerhorse - the next ginormous supercar manufacturer. Don't laugh, I didn't know much English at the time.'We are going to be better than Ferrari! I am the CEO, have my card' I said.I always wanted to be a leader. Not for the power of it, though. I wanted to inspire others. I wanted to be someone who would instigate people to be their best selves. As I grew up, I studied business in the spirit of pursuing my path. That's when I discovered the impact that entrepreneurship as a trait of society can have. So I created LIGA, a non-profit for generating an entrepreneurial culture in Brazil and empowering the youth to make the change they want to see in the world. At first, we promoted talks by relevant businessmen and local leaderships. Then came the events featuring entrepreneurial dynamics such as the Marshmallow Challenge. LIGA is now 6 months old, operating in three states and inspiring hundreds of teenagers to action, from the creation of a happier community to starting their own business. Through LIGA, I discovered that many people have a passion and just don't trust their potential. There is hope, though, because when they perceive possible routes, they become eager to learn. In an encouraging environment, everything happens much faster. Engaged in our initiatives, some participants have started NGOs and businesses. We are currently working on actions that will help them develop as individuals and perpetuate their enterprises.Oh, little Felipe, looks like you were right after all.If you could have any career, what would it be? Why? Describe any activities you are involved in, life experiences you've had, or even classes you've taken that have helped you identify this professional path.Most definitely not. Transcripts and test scores only quantify our level of competence in certain fields, and tests acknowledge the information collected and some ability in connecting dots. Indeed, grades were good and all. However, high school years were a time of experiencing to me, far beyond the classroom. What enthralled me does not show in academic records. It has been almost four years of being challenged by my own will.Curiosity, my lifelong companion and instigator, had now learned the concept of aim. Study became purposeful, engaged. It all started with a boundless need to learn. And I studied. Economics classics. Linear algebra, graph theory, combinatorics, probability, real analysis, projective, analytical, and Euclidean geometry. Fundamentals of physics, relativity, quantum mechanics. And music! Guitar, violin, piano. Ah, Russian too.I was the leader of the school's karate team, earning three gold medals, two silver, and a bronze on national level competitions. I was awarded a bronze medal at OBMEP (Brazilian Mathematics Olympiad for public and private schools), a competition with over eighteen million contenders.I helped structure a system of classroom presidencies, founded the first MUN club in my state and brought LIGA to my school. You see, I believe in improving whatever environment I come across. The grade system is a poor model of reality, as it does not account for the student's efforts or anything else that he\/she brings to the game. Looking back, I wish there would be other means in school to evaluate someone. I am very proud of who I am becoming, willing to gather more knowledge and spread a perspective of a better life in my country and abroad.Do you believe your academic record (transcript information and test scores) provide an accurate representation of you as a student? Why or why not? <br \/>A forklift. No. Its pieces. Motor, controllers, accelerators. Everything I could get my hands on. I was the incredible Hulk tearing apart that tall electrical device. You might be wondering why a rascal would murder such a kind machine. But believe me, it was worth it.Let's rewind a little. Watching Formula 1 races with dad had triggered my passion for cars. This encouraged me to build an electric kart \u2013 not for fun, not for racing, but to inspire change. A go-kart, a prototype for my electric motoring startup. I was determined to evoke a generational change, lure youth to spread a love for electric cars. However, this initiative revealed how little I knew. With my dexterity in mathematics, I managed to perform complicated integrals and all, but couldn't make sense of them even in the making of a plebeian go-kart!Having read books on mechanics and car-manufacturing, I invited the local university to join me in building the go-kart. The motor was the trouble, nowhere to be found in the country! Then it dawned on me \u2013 a forklift's motor. Now, the HG662 can speed down the track.While other countries race to make the best electric vehicle, Brazil has remained devoted to fossil fuels. Something must be done. At UT Austin, I will be among some of the most brilliant minds on Earth. Together, we can push a more attractive and cost-effective electric vehicle technology. Furthermore, by becoming an engineer I can develop a more systematic approach to problems, which will yield better decision-making abilities, crucial for every entrepreneur. Finally, I wish to craft the best car on the planet, and I want it to be electric. If I am to lead a team that will make something better than the Hennessey Venom F5, Austin is the place to be.How do you show leadership in your life? How do you see yourself being a leader at UT Austin?A forklift. No. Its pieces. Motor, controllers, accelerators. Everything I could get my hands on. I was the incredible Hulk tearing apart that tall electrical device.You might be wondering why a rascal like me would murder such a kind machine. But believe me, it was worth it.Let's rewind a little. Watching Formula 1 races every Sunday with dad had triggered my passion for cars. This encouraged me to build an electric kart \u2013 not for fun, not for racing, but to inspire change. A go-kart, a prototype for my electric motoring startup, evoking a generational change, luring youth to spread a love for electric cars. However, this initiative revealed how little I knew. I mean, with my dexterity in mathematics, I could perform complicated integrals and all, but didn't possess the knowledge to make sense of them even in the making of a plebeian go-kart! Having read books on mechanics and car-manufacturing, I pitched my idea to the local university and they helped me build the go-kart. The motor was the trouble, nowhere to be found in the whole country! Then it dawned on me \u2013 a forklift's motor. Now, the HG662 can speed down the track. While other countries race to make the best electric vehicle, Brazil has remained devoted to fossil fuels. Something must be done. Studying mechanical engineering at University of Illinois at Urbana-Champaign, I will be surrounded by some of the most brilliant minds on Earth. Together, we can push further electric vehicle technology turning it more attractive and cost-effective. Furthermore, I will develop the skills and tools necessary to better understand the intricacies of car manufacturing. Also, by becoming an engineer I can develop a more systematic approach to problems, which will yield me better decision-making abilities, crucial for every entrepreneur. Finally, I wish to craft the best car on the planet, I want it to be electrical. If I am to lead a team that will make something better than the Hennessey Venom F5 and Bugatti Chiron, I know I should go to Illinois.Explain your interest in the major you selected and describe how you have recently explored or developed this interest inside and\/or outside the classroom.A forklift. No. Its pieces. Motor, controllers, accelerators. Everything I could get my hands on. I was the incredible Hulk tearing apart that tall electrical device. You might be wondering why a rascal like me would murder such a kind machine. But believe me, it was worth it.Let's rewind a little. Watching Formula 1 races every Sunday with my father had triggered my passion for cars. This encouraged me to build an electric kart \u2013 not for fun, not for racing, but to inspire change. A go-kart, a prototype for my electric motoring startup, evoking a generational change, luring youth to spread a love for electric cars. However, this initiative revealed how little I knew. I mean, with my dexterity in mathematics, I could perform complicated integrals and all, but didn't possess the knowledge to make sense of them even in the making of a plebeian go-kart! Having read books on mechanics and car-manufacturing, I pitched my idea to the local university and they helped me build the go-kart. The motor was the trouble, nowhere to be found in the whole country! Then it dawned on me \u2013 a forklift's motor. Now, the HG662 can speed down the track. While other countries race to make the best electric vehicle, Brazil has remained devoted to fossil fuels. Something must be done. At Stanford, I can develop skills and connections that will help change things down here. Maybe I'll even manage to create that Brazilian EV industry after all.The Stanford community is deeply curious and driven to learn in and out of the classroom. Reflect on an idea or experience that makes you genuinely excited about learning.Hey, RoomieI'm Felipe, a seventeen-year-old from Brazil. They say college is where you meet best friends for life, so, hey, future bestie. I'm curious about your dreams, ambitions, values or anything that defines you. I love meeting humans! (nothing against aliens)People tell me I say whatever pops into my mind, like how soothing Van Gogh's Cypresses is; whether The Hitchhikers Guide to the Galaxy is better than Ender's Game; or how we can harness a black hole's energy to go interstellar. Fine debates are to come!I'm a Buddhist, which means I'm calm and present. I'll spend 20 minutes a day sitting steady (just a heads-up because it creeps some people out). Also, it means I almost never panic. If I do, you have options: either give me a pen and a notebook and poetry will spill out, or propose a clever math problem for me to crack. Anything from G.Polya's The Stanford Mathematics Problem Book will do the trick.Speaking of tricks, at times I'll bring you some close-up magic. You know the type. Pick a card!I may also be preparing some grilled chicken, gobbling a whole chocolate cake or chewing plain ice. Be advised I eat. A lot. Nothing that calls for a lock on the refrigerator, though.By the way, you should try my refreshing tropical smoothie (behavioral economists say it tastes better with that name). Milk, banana, papaya, honey, eggs and whey everyday keep the doctor away. You'll get addicted.Best,FelipeVirtually all of Stanford's undergraduates live on campus. Write a note to your future roommate that reveals something about you or that will help your roommate -- and us -- know you better.Tantric Buddhism does not differentiate sacred from profane. There is only a continuum in which both are extremes of the same phenomenon, the same energy.In India, there are two tantric temples in the cities of Khajuraho and Konarak, whose outer walls are decorated with figures in multiple sexual positions. As you get in, sexual images are replaced with amity and love. In the temple core (gharba), all figures disappear into a state of enlightenment.Living in Brazil, I cannot visit these temples often, but there is a place with similar meaning to me \u2013 the sea. 'It is a way I have of driving off the spleen and regulating the circulation'. I am a kiteboarder, which means I sail the wind. So, on a given windy Sunday, I go down to the beach and ceremoniously take the pump and fill the kite with air, untangle the strings and attach them to the kite.As I head for the ocean, foamy waves surround my feet with their nurturing energy. I smell the salty breeze and feel the wind mess up my hair. I get on the board, pull the bar to the left and sail. The sea grows rougher. Waves get taller and stronger. The power of nature is ubiquitous. Then everything pauses. Undulations. I sail peacefully. Time for experiencing superconscience. The sea, the kite, and I are all but one. A boundless mind amid silence. I am nature now. So I sail further, as the wind of freedom blows.Tell us about something that is meaningful to you and why.'I'm going to make you study so hard you're going to puke blood.'That was professor Valdenberg Silva's 'commencement address' when we first met at his Future Mathematicians Project. Nearly a prophecy. A curse. Not that I ever actually puked, but he did add weekly tasks to my routine: devouring books on various math theories and writing and delivering seminars to younger students. I would spring out of bed at 6AM and crawl back at 3, still with some graph theory book as a pillow. One of the most prominent centers for math prodigies in Brazil, FMP has formed a 17-year-old PhD and some highly-regarded theorists, many of whom later head for the best math institute in Latin America - IMPA. It has sure helped shape my work ethic. Beyond that, the beauty in numbers has nurtured my intellectual vitality and dragged me into a vigorous pursuit of knowledge.Briefly elaborate on one of your extracurricular activities or work experiences.Because of our aversion to change, humans get stuck with old, sick habits. With regard to climate change, we head for stronger storms and fiercer droughts. Yet, some call it a Chinese hoax and keep their fossil-fuel engines and bloody meat. Change demands courage and initiative, strong-willed leadership.What is the most significant challenge that society faces today?Because of a surgery, I spent three-fourths of my last summer vacation stranded in bed. Yet, I was able to attend the Brazil Leadership Bootcamp, a 1-week program focused on social entrepreneurship.I had spent my previous vacation studying Linear Algebra and also auditing Real Analysis classes at IMPA.How did you spend your last two summers?The discovery of Relativity. That is when the whole physics paradigm was changed for good; a moment of intellectual blossom. It would be exhilarating to watch Albert Einstein as he conducted his thought experiments and opposed Newton's laws with the Maxwell equations. That would have been something worth watching.What historical moment or event do you wish you could have witnessed?Nerdy, analytical, intense, irreverent, clumsyWhat five words best describe you?I enjoy reading books on business\/economics such as Predictably Irrational. Also fiction classics as Dune or Frankenstein. I like political satire on TV - Last Week Tonight - and comedic series - Rick and Morty.Concerning my music taste, I can't live without Aoki, Vivaldi, Eminem or Jack Johnson.When the choice is yours, what do you read, listen to, or watch?When I envisioned Quanta Racing, I wanted to power go-karts with high-end supercapacitors. During my research, Stanford Professor Yi Cui's article on Flexible and Stretchable Energy Storage astounded me. Although supercapacitors were not cost-effective, Professor Cui had a strong effect on me and I hope to research alongside him.Name one thing you are looking forward to experiencing at Stanford.Reflect. My schedule is tightly packed so I can handle everything in 24x7. That leaves little time for me to reflect on what the next big thing is. I can't conceive how productive this 60-minutes could be. Yet, I'm sure an extra timespan for that would be more than welcome.Imagine you had an extra hour in the day \u2014 how would you spend that time?According to the Hitchhiker's Guide to the Galaxy, 'The Answer to the Great Question... of Life, the Universe and Everything... Is... Forty-two' Would this be x? Before we solve for answers, we must have questions. Those I had plenty as a kid. Here's the story.I hold the basket upon my head as he hands me fruit the size of golf balls.The face worn off by life, he still takes pleasure in time spent with me, the orchard, the sweet smell all around us. Summer has just begun. Mangaba season.Nonexistent anywhere else in the world, mangabas are a symbol of my hometown, my home state. Spherical, chartreuse in color, infused by a strong carmine whose dispersion on yellow seems like the distribution of heat on the cosmic microwave background. Aracaju is where I live, capital of Sergipe, in Brazil. Tupi for little macaw or cashew, it should have been named after mangaba.Now we share the handles of the basket, grandpa and I. He tells me of nothing really, yet it all so meaningful. In the farm kitchen, grandma joins us around the spoils of our battle. And she makes mangaba juice, jam, preserve, while she shares stories of her own childhood.As I sip the whitish juice, the unique fusion of sweet and sour in my mouth forges something magical, I can feel the connection to my heritage, my home. But as Hamlet put it, 'I could be bounded in a nutshell and count myself the king of infinite space\u2026'. Although I was 'bounded in' my mangaba tree, there was a bigger world to explore.My parents were always proactive in face of my five-year-old questions. But when such doubts became more complex, answers became scarce. The more I studied, the more doubts arose. Inquired, adults now told me not to worry because they would be answered in high school.High school, the promised land, was described as perfect for someone yearning for knowledge. However, when I got there, I was told my questions would be addressed later, in college. Honestly, it seemed like nobody cared. But I could not wait any longer.So I did according to my teachers directions.I went to college.I became part of Future Mathematician Project, a respected center for math prodigies in Brazil. There, I was taught fundamental structures such as Linear Algebra and Real Analysis. I grasped the theories of Weierstrass and Riemman and was dazzled by the writings of great professors such as Kenneth Hoffman and Richard Courant, but most importantly, I wasn't alone. In my vigorous pursuit of knowledge, I was accompanied by likewise curious people. We'd spend hours debating the intricacies of mathematical theories. That setting was embedded in knowledge, and so was I. It was a moment of sudden epiphany. From that chair where I sat, 18-year-old PhDs were born. Inspiration came from everywhere. After so many years, I had answers, and from those answers, many more questions arose. In that environment, I felt intellectually alive at last. A free mind to explore the universe, just cracking the nutshell.Find x.I was five when my father caught me wearing his black tie with a portfolio of cars in his old suitcase.'What are you doing?''Practicing.''For what?'My chest swollen with pride, I ceremoniously told him about Powerhorse \u2013 the next ginormous supercar manufacturer. Don't laugh, I didn't know much English at the time.'We are going to be better than Ferrari! I am the CEO, here's my card' I said.I always wanted to be a leader. I wanted to inspire others. I wanted to be someone who would instigate people to be their best selves. To do that, I would study business.That's why I want to go to UChicago. It embodies everything I value in an institution. It is a place where knowledge meets ideas, and different areas merge to form an unparalleled environment. There, I can study behavioral economics to help devise more efficient strategies to create a paradigm in which climate change and food waste are real issues, and develop better business models that account for human irrationality. At the Trott Business Program I can supplement this knowledge acquired with quantitative, persuasive, and collaborative skills. Concomitantly, the one-on-one advising from experienced professionals and the entrepreneurial competitions offered by the Polsky Center for Entrepreneurship will yield me valuable insights on the real world. Certainly, after such extensive preparation I'll be a more complete entrepreneur. Next time my father catches me with a suitcase it won't be child's play.With such resources, faculty, and students, it is easy to say that UChicago is my best shot if I want to make this real.How does the University of Chicago, as you know it now, satisfy your desire for a particular kind of learning, community, and future? Please address with some specificity your own wishes and how they relate to UChicago.A forklift. No. Its pieces. Motor, controllers, accelerators. Everything I could get my hands on. I was the incredible Hulk tearing apart that tall electrical device.You might be wondering why a rascal like me would murder such a kind machine. But believe me, it was worth it.Let's rewind a little. Watching Formula 1 races every Sunday with my father had triggered my passion for cars. This encouraged me to build an electric kart \u2013 not for fun, not for racing, but to inspire change. A go-kart, a prototype for my electric motoring startup, evoking a generational change, luring youth to spread a love for electric cars. However, this initiative revealed how little I knew. I mean, with my dexterity in mathematics, I could perform complicated integrals and all, but didn't possess the knowledge to make sense of them even in the making of a plebeian go-kart!Having read books on mechanics and car-manufacturing, I pitched my idea to the local university and they helped me build the go-kart. The motor was the trouble, nowhere to be found in the whole country! Then it dawned on me \u2013 a forklift's motor. Now, the HG662 can speed down the track.While other countries race to make the best electric vehicle, Brazil has remained devoted to fossil fuels. Something must be done. At Williams, I can develop skills and connections that will help change things down here. Maybe I'll even manage to create that Brazilian EV industry after all.Each Sunday night, in a tradition called Storytime, students, faculty and staff gather to hear a fellow community member relate a brief story from their life (and to munch on the storyteller's favorite homemade cookies). What story would you share? What lessons have you drawn from that story, and how would those lessons inform your time at Williams?Tantric Buddhism does not differentiate sacred from profane. There is only a continuum in which both are extremes of the same phenomenon, the same energy.In India, there are two tantric temples in the cities of Khajuraho and Konarak, whose outer walls are decorated with figures in multiple sexual positions. As you get in, sexual images are replaced with amity and love. In the temple core (gharba), all figures disappear into a state of enlightenment.Living in Brazil, it is very difficult to visit these temples, but there is a place with similar meaning to me \u2013 the sea. 'It is a way I have of driving off the spleen and regulating the circulation'. I am a kiteboarder, which means I sail the wind. So, on a given windy Sunday, I go down to the beach and ceremoniously take the pump, fill the kite with air, untangle the strings and attach them to the kite.As I head for the ocean, foamy waves surround my feet with their nurturing energy. I smell the salty breeze and feel the wind mess up my hair. I get on the board, pull the bar to the left and sail. The sea grows rougher. Waves get taller and stronger. The power of nature is ubiquitous. Then everything pauses. Undulations. I sail peacefully. Time for experiencing superconsciousness. The sea, the kite, and I are all but one. A boundless mind amid silence. I am nature now.If you'd like to share a perspective you bring or experiences you've had to help us understand you better-perhaps related to a community you belong to, your sexual orientation or gender identity, or your family or cultural background-we encourage you to do so.An odd book, with a half-orange half-blue cover that read 'Predictably Irrational' which made me consider a whole new world. The intricacies of the human mind. Before the fifth chapter, I had decided what I wanted to study at college - Behavioral Economics. This book was written by the James B. Duke Professor of Psychology and Behavioral Economics, Dan Ariely, which sparked my urge to explore the nature of human behavior and impulses, and how they affect Economics. I figured that, hence, there is no better place for me to be than Duke. As a Blue Devil I can help devise more efficient strategies to propose the adaptation of human behavior to a paradigm in which climate change and food waste are real issues and develop better business models that account for human irrationality, thus yielding superior results and a stronger impact.If you are applying to the Trinity College of Arts & Sciences as either a first-year or transfer applicant, please discuss why you consider Duke a good match for you. Is there something particular about Duke that attracts you?I was five when my father caught me wearing his black tie with a portfolio of cars in his old suitcase.'What are you doing?''Practicing.''For what?'My chest swollen with pride, I ceremoniously told him about Powerhorse \u2013 the next ginormous supercar manufacturer. Don't laugh, I didn't know much English at the time.'We are going to be better than Ferrari! I am the CEO, here's my card' I said.I always wanted to be a leader. I wanted to inspire others. I wanted to be someone who would instigate people to be their best selves. To do that, I would study business.As I grew up though, my teachers were disappointed that a student with my performance had such volition. In my hometown, Aracaju, much like in the rest of Brazil, high-achieving students are expected to attend medical school. I don't blame them, since it is the local culture that physicians are more successful. However, I wanted to cause an enormous impact. I wanted to change the world. For me, business was the most efficient way to do that.That's why I want to go to Wharton.I am eager to join the Behavioral Economics Program, where I will learn to devise more efficient strategies to create a paradigm in which climate change and food waste are real issues, and develop better business models that account for human irrationality. Grasping how people actually process information and make decisions, I'll sure become a better businessman. On a more personal note, understanding the deviations from the optimal solution in the decision process will give me deeper awareness of my own mistakes and enable me to correct them.Furthermore, I'm familiar with Wharton's focus on hands-on problem solving, and consider it to be the most effective way to learn and teach. At LIGA, we also use case studies, group work, and simulations so that our students feel that they are engaging with real-world problems. This, with U's flexible curriculum, makes the perfect recipe for higher learning, since I can pursue other passions, such as physics, mathematics and psychology and be sure to be as prepared as possible to face life.But wait! There is more!UPenn has been a source of inspiration for me for a long time. The first book that I ever read on investing was Benjamin Graham's 'The Intelligent Investor', which yielded me the best way I know to make money. It has worked for Warren Buffett. Guess whom I've learned that from? Also, as every earthling and some martians in the near future, I draw inspiration from Elon Musk as he makes my childhood dream come true. (The new Roadster has just beaten Ferrari) Buffett and Musk only attest to UPenn's prominence in forming people who excel in their fields.Next time my father catches me with a suitcase, it won't be child's play.Penn is my best shot if I want to make this real.How will you explore your intellectual and academic interests at the University of Pennsylvania?A forklift. No. Its pieces. Motor, controllers, accelerators. Everything I could get my hands on. I was the incredible Hulk tearing apart that tall electrical device. You might be wondering why a rascal like me would murder such a kind machine. But believe me, it was worth it.Let's rewind a little. Watching Formula 1 races every Sunday with dad had triggered my passion for cars. This encouraged me to build an electric kart \u2013 not for fun, not for racing, but to inspire change. A go-kart, a prototype for Quanta Racing, my electric motoring startup, evoking a generational change, luring youth to spread a love for electric cars. However, this initiative revealed how little I knew. I mean, with my dexterity in mathematics, I could perform complicated integrals and all, but didn't possess the knowledge to make sense of them even in the making of a plebeian go-kart!Having read books on mechanics and car-manufacturing, I pitched my idea to the local university and they helped me build the go-kart. The motor was the trouble, nowhere to be found in the whole country! Then it dawned on me \u2013 a forklift's motor. Now, the HG662 can speed down the track, but that was not enough. To have a real impact, we needed to go further. Genius without education is like silver in the mine \u2013 thank you, Ben, for that.Quanta unveiled how little I knew. I mean, with my passion for mathematics, I could perform complicated integrals and so forth, but didn't possess the knowledge to make sense of them even in the making of a measly go-kart! With M&T I can merge my passion for science and entrepreneurship in a way no other program can provide. Innovation happens at the intersection. Business and Engineering offer different perspectives to the same problem, which is liable to leverage amazing solutions. Furthermore, community is key for a thriving entrepreneurial setting, and M&T seeks out passionate and driven students with that in mind. These are the type of people to have by your side when starting a company. After all, everything you need to change the world is that sparkle in the eye. They have it. Together in the program, it will be much easier for us to connect and build long-lasting relationships.As a wannabe tech entrepreneur, I know M&T has one of the most fertile soils for my technological ventures. The opportunity to link courses such as Technological Innovation and Entrepreneurship & Management of Technology just pushes the game a step further. At Weiss Tech House, I'll be in an environment that instigates creativity based on real-life situations. Also, I'll engage in a tech-centric community and be with people who are like me.M&T is the place for me. Some of the world's most brilliant minds are there and I want to work with them, so I can make a major positive impact on society. I believe that because of its multiple focuses, that is where I can better develop myself academically and socially, and maybe even make that Brazilian electric vehicle industry after all.Explain how you will use this program to explore your interest in business, engineering, and the intersection of the two. It is helpful to identify potential engineering and business paths available at Penn.<br \/>Four bright young leaders around a table planning a structure \u2013 a strong, tall one. All silent and focused as they drew, calculated, scratched heads.They peered at the surrounding tables. Theirs should be the tallest.Pasta, string, tape and marshmallow before them: the Marshmallow Challenge, a dare famous for stumping CEOs as they perform worse than children.18 minutes.I gather noodles and fasten them with tape, demonstrating how our group should proceed. I look up to see each working in their own projects. It is almost comedic how all of us assumed the others would follow our lead. 'Guys, let's share our ideas.'15 minutes.Tension spreads around our table. 'The base must be triangular!' One screams. 'No, square.' Should our noodles form a trunk or a twig? Is flipping the table legal? No time left.Instead of taking sides, I highlight the strong details of each proposal and forge a new strategy. Their faces change from crimson to consenting. They were heard.'Now, you join noodles for a stronger structure.You cut tape.You and I assemble the tower.'10 minutes.Pedro whispers. 'Group 4's is taller than ours! Let's grow!'I agree. Sweet mistake.3 minutes.Group 4's obelisk collapses. Crap.'Hurry for the marshmallow!'Our 60-centimeter tower starts curling inwards. Damn gravity. We haphazardly tie the string to the marshmallow, to the table, to...10 seconds leftAn indignant 15-centimeter tall structure endures.We may have failed, but we are a team now.Please describe a time in which you displayed leadership.<br \/>I was five when my father caught me with his black tie on and a portfolio of cars in his old suitcase.'What are you doing?''Practicing.''For what?'My lungs filled with pride, I ceremoniously told him about Powerhorse - the next ginormous supercar manufacturer. Don't laugh, I didn't know much English at the time.'We are going to be better than Ferrari! I am the CEO, have my card' I said.I always wanted to be a leader. Not for the power of it, though. I wanted to inspire others. I wanted to be someone who would instigate people to be their best selves and push the edge of technology. To do that, I would study business and engineering.That's why I want to go to Northwestern. It embodies everything I value in an institution. The 'and' factor. A place where knowledge meets ideas, and different areas merge to form an unparalleled environment. Hell, innovation happens at the intersection! There, I can major in organizational behavior to help devise more efficient strategies, proposing the adaptation of human behavior to a paradigm in which climate change and food waste are real issues, and developing better business models that account for human irrationality. Studying Mechanical Engineering at McCormick, I can learn how to think systematically and how to innovate. Later I can merge those areas to craft something unique, thus yielding improved results and a stronger impact. As a future technology entrepreneur, I'll need both competences to thrive. This fall, I want to take a Northwestern direction.<br \/>Other parts of your application give us a sense for how you might contribute to Northwestern. But we also want to consider how Northwestern will contribute to your interests and goals. In 300 words or less, help us understand what aspects of Northwestern appeal most to you, and how you'll make use of specific resources and opportunities here.A go-kart, a prototype for my electric motoring startup, evoking a generational change, luring youth to spread a love for electric cars. A propeller in my search for knowledge. The greatest spin-off of my utter curiosity.If choosing an activity is inevitable, I stick to Quanta Racing. There, I am a businessman, an engineer, a mechanic, and all else is expected of me. There I perform calculations seeking sheer perfection while still able to deal with people and manage the company. That is what I want for my future, so that is what I would keep doing now.If you could only do one of the activities you have listed in the Activities section of your Common Application, which one would you keep doing? Why?Imagine you live in a room with a window. You are locked in. Outside you can see the universe; stars, atoms, particles altogether. They are intangible and you will never understand them. That is where I lived as a kid. I would spend whole nights queering myself about how the world worked. Adults told me not to worry because my questions would be answered in high school. serThere, however, I was told that they would be addressed later in college. I could not wait any longer. So I did what my teachers told me: I went to college. I became part of Future Mathematician Project, a respected center for math prodigies in Brazil. There, I was taught fundamental structures such as Linear Algebra and Real Analysis. I grasped the theories of Weierstrass and Riemman and was dazzled by the writings of great scholars such as Kenneth Hoffman and Richard Courant, but most importantly, I wasn't alone. In my vigorous pursuit of knowledge, I was accompanied by likewise curious people. We'd spend hours debating the intricacies of mathematical theories in a setting embedded in knowledge. It was a moment of sudden epiphany for me. From that chair where I sat, 18-year-old PhDs had emerged and also people whose understanding capacity I could not dream to bear. Inspiration came from everywhere. After so many years, I had answers, and from those answers, many more questions arose. In that environment, I felt intellectually alive. Knowledge was limitless and thus, the window was broken.Everyone belongs to many different communities and\/or groups defined by (among other things) shared geography, religion, ethnicity, income, cuisine, interest, race, ideology, or intellectual heritage. Choose one of the communities to which you belong, and describe that community and your place within it.I was five when my father caught me wearing his black tie with a portfolio of cars in his old suitcase.'What are you doing?''Practicing.''For what?'My chest swollen with pride, I ceremoniously told him about Powerhorse \u2013 the next ginormous supercar manufacturer. Don't laugh, I didn't know much English at the time.'We are going to be better than Ferrari! I am the CEO, here's my card' I said.I always wanted to be a leader. I wanted to inspire others. I wanted to be someone who would instigate people to be their best selves. To do that, I would study business.As I grew up though, my teachers were disappointed that a student with my performance had such volition. In my hometown, Aracaju, much like in the rest of Brazil, high-achieving students are expected to attend medical school. I don't blame them, since it is the local culture that physicians are more successful. However, I wanted to cause an enormous impact. I wanted to change the world. For me, business was the most efficient way to do that.That's why I want to go to the University of Michigan. It is all about collecting perspectives. What drives me to pursue a BBA at Ross is its focus on hands-on problem solving, which I consider to be the most effective way to learn and to teach as well. At LIGA, we also use case studies, group work, and simulations so that our students are confronted with real-world challenges. This, together with the MERGE curriculum, makes the perfect recipe for higher learning, since it allows me to pursue other passions, such as physics, mathematics and cognitive science, and gets me all set to tackle contemporary problems. This freedom to assimilate different ideas will provide me with a more holistic view of the world, which will come in handy when analyzing an issue.Merging business and psychology, for instance, I can devise more efficient strategies to confront issues such as climate change and food waste, and develop better business models that account for human irrationality. Grasping how people actually process information and make decisions, I'll sure become a better businessman. On a more personal note, understanding the deviations from the optimal solution in the decision process will give me deeper awareness of my own mistakes and enable me to correct them.Next time my father catches me with a suitcase, it won't be child's play.The University of Michigan is my best shot if I want to make this real.Describe the unique qualities that attract you to the specific undergraduate College or School (including preferred admission and dual degree programs) to which you are applying at the University of Michigan. How would that curriculum support your interests?<br \/>Imagine you live in a room with a window. You are locked in it. Through that window, you can see the universe; stars, atoms, particles altogether. Conversely, they are not tangible and you will never understand them. That is where I lived when I was a kid.I would spend whole nights queering myself about how the world worked. I had many doubts, and the more I studied, the more doubts aroused. Adults told me not to worry about them because they would be answered in high school. In high school, however, I was told that my questions would be addressed later in college. I could not wait any longer. So I did what my teachers told me: I went to college.I became part of Future Mathematician Project, a respected center for math prodigies in Brazil. There, I was taught fundamental structures such as Linear Algebra and Real Analysis. I grasped the theories of Weierstrass and Riemman and was dazzled by the writings of great professors such as Kenneth Hoffman and Richard Courant, but most importantly, I wasn't alone. In my vigorous pursuit of knowledge, I was accompanied by likewise curious people. We'd spend hours debating the intricacies of mathematical theories. That setting was embedded in knowledge, and so was I.  It was a moment of sudden epiphany. From that chair I sat, 18-year-old PhDs were born and people whose capacity of understanding I could not dream to bear. Inspiration came from everywhere. After so many years, I had answers, and from those answers, many questions arose. In that environment, I truly felt intellectually alive. Knowledge was limitless and thus, the window was broken.Our families and communities often define us and our individual worlds.  Community might refer to your cultural group, extended family, religious group, neighborhood or school, sports team or club, co-workers, etc.  Describe the world you come from and how you, as a product of it, might add to the diversity of the University of Washington."}]}