{"schema":{"fields":[{"name":"index","type":"integer"},{"name":"personal_essay","type":"string"}],"primaryKey":["index"],"pandas_version":"0.20.0"},"data":[{"index":0,"personal_essay":"] Growing up, I was forced to work in groups in every single class, and as much as I loved laughing along with my friends while finishing my work, I would have much rather done it all on my own. This isn't because I am someone who loathes socializing, but because I am an introvert.    Although there is some negative stigma towards introversion, it has helped shape the person I am today. This has greatly contributed to the strong work ethic and analytical ability I currently possess. Instead of sitting and discussing the work, I chose to sit back, listen, and analyze every intricate detail involved until the answer was perfectly done. I took it upon myself to stay completely focused on my work, leading those around me by example to do the same. In a more recent case, the strong organizational skills and patience I have allow me to be successful both as captain of the Science Olympiad team and as a babysitter. I may not be the most vocal leader in the world, yet I'm still working diligently to make sure everything is a complete success. Furthermore, this has also allowed me to become a Senior Editor for the Aspects Literary Magazine. My thoroughness allows me to double check to make sure the magazine is perfectly laid out to everyone's liking, and be an active member in this publication.    The effect of introversion wasn't limited to my academic life, however. At home, I refilled my drained energy from socializing all day and motivated myself to get tasks done without much outside encouragement. Additionally, my introverted father and I would socialize in a completely different way than I would with my mother. Together, we would simply enjoy one another's company in silence while we did other activities on our own. As antisocial as this may seem, this is what allowed us to be closely knit together. Sure, the three of us would have casual conversations like any other family, but the silence and solitude allowed us to be energized.    Although this may make me appear to be a quiet little kid who didn't really talk to his friends, that wasn't true. In fact, being introverted allowed me to develop strong bonds with a variety of people. Since my usual silence allowed me to be a great listener, I was able to remember even the smallest moments and anniversaries. I was also able to give my friends advice based on what they had told me in that moment and the days prior.    Moreover, being an introvert has allowed me to find my niche in running on the cross country and track teams. Since both sports are fairly individual, I am able to gain energy from being on my own while still being a part of a second family. As a senior now, I have found new responsibilities and leadership roles that I can't find anywhere else as well. Whether it's helping plan a breakfast after practice, or helping the captains along the way by leading the others by example, I can still be an active member without being so vocal.    Living as an introvert may have its problems, but at the same time, I don't think I would be the same person as an extrovert. They say a third of the population is an introvert, and I'm glad I'm in that minority. "},{"index":1,"personal_essay":"  I have always tried to challenge myself in as many subjects as I could. The core curriculum at Columbia College would allow me to continue this, as I explore the Masterpieces of Western Art and delve deep into University Writing: Readings in Gender and Sexuality. Additionally, the low student-to-faculty ratio and small class size allows me to create close relationships with students and professors alike. I recall one morning where my Science teacher and I were so engaged in engrossed conversation about the Bill Nye debate on evolution that I was almost late to class. I can do that at Columbia.    Since the school is right in the middle in the city, there is no doubt that I will be able to find ample internship and research opportunities wherever I step. The SURF program will allow me to work independently in the laboratory, a new and exciting setting I plan to spend most of my time in. Additionally, the study abroad programs offered will allow me to study in Barcelona, only a few miles away from my eldest sibling.    My bisexuality has allowed me to connect with other LGBTQ youth both in and out of school, including those of color who share similar experiences. The Proud Colors organization would enable me to continue helping others while spreading awareness. In addition, joining Project Sunshine, the Organization of Latin American Students, as well as other tutoring programs around NYC, would give me the chance to continue the work I have done tutoring underprivileged Hispanic children. Lastly, the native garden I helped amend while participating in Eco Club motivates me to spread awareness by joining the Columbia Barnard Earth Coalition. Overall, Columbia gives me the opportunity to do whatever interests me, with only schoolwork and sleep holding me back.For applicants to Columbia College, please tell us what from your current and past experiences (either academic or personal) attracts you specifically to the field or fields of study that you noted in the Member Questions section. If you are currently undecided, please write about any field or fields in which you may have an interest at this time. (300 words or less)  Working in the laboratory has kept me driven to do work and research in both the Biological and Psychological fields. The dissections I performed while growing up, and the one on a fetal pig in freshman year, stimulated my interest in learning how every organism works together. My interest for pursuing a medical career began when I was very young, and even my parents are pleasantly surprised that I have wanted to be a surgeon for the past ten years. Doing lab work in school pushed me to do extra work over to summer to become the only junior in AP Biology last year. It kept me motivated enough to stay up long nights learning about how the agouti mouse is vital to our current knowledge of Biology. The volunteering I have done at the American Red Cross also impels me to pursue the Biological path and become a successful surgeon. Although I have not been taught the subject for a long period of time, my AP Psychology class has piqued my curiosity in so little time that I plan to pursue the subject in college. The reading I have done for the class, as well as my love for the laboratory, has caused my attraction for the field of study.    Additionally, since I am unable to have an extremely close relationship with my family due to the fact that it mainly resides in Central America, I have a poor connection with my roots. Thus, Latin American studies would allow me to learn more about the culture I come from. Also, the short stories I have read in AP Spanish Literature so far have given me a strong desire to explore the language even further. The Spanish language is beautiful, and deserves to be explored as much as it can.Describe the world you come from \u2014 for example, your family, community or school \u2014 and tell us how your world has shaped your dreams and aspirations. The purpose of art is to create an emotional response in the person that is exposed to that art. For me, the idea of taking the ceramics course started off as a simple way to fulfill my graduation requirement. However, throughout the past four years, it became a lot more. Although it may be something I have not pictured myself continuing years ago, it has became a central part of my entire world. It gives me a community, as minute as it may be, to rely on, one to trust unconditionally. It has become a family that will always be part of who I am. Sitting at the potter's wheel allows me to remove myself from everything else and drain the stress from my whole body. It is the only square meter in the world that smells like dirt, is flooded with murky water, and sounds like Queen. When I throw, I authorize the music notes to fill up my mind, while staying focused on the clay in front of me. While you could always hear the laughter and constant chatter produced, there is no doubt that we are all focused on the vessel.  While I throw, my muscles, whether they are in my arms or even in my legs, concentrate on the simple task of centering, pulling, and choking. I must put all of my energy towards centering the clay first, for if it is even slightly out of place, the gorgeous vase could be turned into a desperate attempt of a plate. As independent as this sounds, the two friends at my sides always give me some extra inspiration to create something never seen nor done before. I have my strengths but I work on my weaknesses, I am optimistic when the clay begins to fold onto itself, and I must use my observational skills to fix the tiniest mistakes. This environment is not common in my world, and now I constantly crave it like a persisting addiction.  Additionally, listening to some of my friends' conversations has heightened my ability to empathize and focus on the wellbeing of the other individual. The love and support within those walls is something I try to emulate wherever I go, and my friends' positivity and comedic outlook on life is something I look for when joining new communities. Working in front of wheel has become a main part of who I am. I have the desire to recreate these types of communities, and continue forming emotional responses wherever I may be. Johns Hopkins University was founded in 1876 on a spirit of exploration and discovery. As a result, students can pursue a multi-dimensional undergraduate experience both in and outside of the classroom. Given the opportunities at Hopkins, please discuss your current interests\u2014academic or extracurricular pursuits, personal passions, summer experiences, etc.\u2014and how you will build upon them here. (350 words or less) Biology and Spanish are the two courses that nourish my mind while keeping me motivated to continue learning more. The passion I have for Spanish pushes me towards the study abroad program at Johns Hopkins, where I hope to study in Madrid. However, I would also love to take the Oxford full-year pre-medical program by my junior year. Also, my love for science has pushed me to become an active member of the Science Olympiad Team, where I collaborate with other students and prepare for an annual competition in Southern California. This is half the reason why I want to work with the Charm City Science League and assist other high school students who have similar interests. Since I have tutored underprivileged children in both Mathematics and English, I think that this will aid me as I challenge high school students around Baltimore. Additionally, being a member of the Eco Club at my school has allowed me to disseminate information about the current state of the environment other people and help me understand more as well. This will give me an advantage as I help the Barclay Environmental Justice continue spreading information to other students at Barclay Elementary\/Middle School. Furthermore, my bisexuality has allowed me to understand myself a lot more, and to understand the current social and political stances on both sexuality and gender. Moreover, it has allowed me to connect with other LGBTQ youth both in and out of school and help them through their problems as well. For instance, I've recently helped a close friend through some confusing and emotionally harmful places as she figures out her sexual orientation. I hope to continue helping LGBTQ youth and spread more information about the community as a whole at Hopkins as well. Overall, I believe Johns Hopkins will not only offer a safe and comfortable environment where I can continue my passions, but a challenging one were I can continue to build upon them. It will help me develop as a scholar and as a person through the four most important years of my life."}]}