{"schema":{"fields":[{"name":"index","type":"integer"},{"name":"personal_essay","type":"string"}],"primaryKey":["index"],"pandas_version":"0.20.0"},"data":[{"index":0,"personal_essay":"On September 20, 2014, a friend told me a secret that had haunted her since she was in the seventh grade. We first met in physics class earlier that month, and developed an immediate connection. As we spent more time together, we became close friends much faster than I had anticipated. I can still vividly remember the moment when she pulled over her car and turned to me unleashing out of nowhere, 'Winnie, I have an eating disorder.'Hearing those words, I immediately froze. My entire body locked up; I had never been this speechless in my life before. She looked worried, and I felt my heart racing as I searched desperately for even a single word in reply. The simple 'Oh\u2026' I responded was far from eloquent.My uncomfortable response accurately demonstrates how I acted for the entire first week after our conversation. As I struggled to find words to comfort her, I worried that she might think I didn't want to be her friend anymore, but that was in no way the case. I was surprised at how she was able to expose this painful illness to me, since we were friends for a few short weeks. By sharing, she showed that she had complete trust in me, and that level of trust was unexpected for such a nascent friendship.Nobody had ever opened up to me about a problem that carried the same weight as my friend's eating disorder. I had no experience dealing with this kind of issue, but I truly believed it was my moral obligation to conquer my uneasiness and step up to the challenge of helping her recover.I was crushed knowing that she sensed my hesitation. I decided it was time to overcome my fear that was slowly eroding our friendship by assuring her, 'We are going to get you through this together, and I am here to support you whenever you need.' These were basic words of encouragement I should have said from the very beginning. Hearing myself say those words, I felt a new sense of responsibility resting on my shoulders and recognized that I had the capacity to make a true difference in her life. I held the power to help her change and gain back control over her life.At my insistence, she agreed to check herself into a residential program at an eating recovery center nearby, and I made time to visit her on weeknights even when I was busy with sports and homework. She was never light on saying 'thank you', even for the smallest of acts. She always appreciated me, but she struggled with appreciating herself.As I became fully invested in supporting her, I realized that she cherished my devotion and that I was becoming a force of influence on her. She listened to me, respected me, and looked up to me. The process toward recovery has been long -- she relapsed three times and had to leave college after being there for only three weeks. When she arrived home from an extremely intensive recovery center in Colorado earlier this year, I finally saw a mental change, which was as welcomed as her return to a healthy weight. She eventually began to accept herself for who she is and regained trust in her choices.My role in my friend's recovery has fundamentally changed my perspective on how to live my life. It forced me to grow up quickly, as it showed me how fragile life can be. I now appreciate more deeply the impact of my actions; with newfound purpose, I am more deliberate in my daily efforts. I also see more clearly the positive effect of these resolute actions on the many responsibilities I have and will face. My experience taught me how to communicate my compassion for others, and committed me to using that skill to effectively impact their lives."},{"index":1,"personal_essay":"I am drawn to BEO because the concentration offers a unique opportunity for undergraduates to learn essential skills in business with leeway to individualize their studies. I jump at this opportunity because I want to gain a fundamental knowledge of business, but I also desire the freedom to explore the diverse course offerings. BEO will give me a strong background that will prepare me to immerse myself in the real business world. I've always wanted to start my own company, so I can be both the creator and executor of my ideas. When success is created from the ground up, it is in its truest, most valuable form. Learning entrepreneurial skills in addition to a foundational knowledge of business is just the beginning in the process toward building that success. Once I've acquired the skills to wet my feet in the ever-changing corporate world, the possibilities are endless.Why are you drawn to the area(s) of study you indicated earlier in this application? If you are 'undecided' or not sure which Brown concentrations match your interests, consider describing more generally the academic topics or modes of thought that engage you currently.When I first stepped foot on campus, I could sense the level of appreciation that the students at Brown have for the opportunities the university provides them. After learning more about life at Brown and talking to students on campus, I felt that both the students and the university value the individuality that each person brings to Brown. The acceptance of differences at Brown fosters growth in individuals and in the community as a whole. I learned that students willingly collaborate to tackle challenges they face, and do not hesitate to help one another. The close community built by these relationships among Brown's students has created an atmosphere that is ideal for students to explore their intellectual curiosity without limits. Brown brings students together from different backgrounds that all have the desire to delve into their academic interests in a place that is both welcoming and unique.Why Brown? (150 word limit)I have lived in two different towns in Massachusetts since I was born. Though seemingly similar, each place I have lived has had a profound impact on my life. My first residence was in Needham in a suburban neighborhood, and I lived there until I was 10 years old. I spent most of my childhood in Needham alongside neighbors of similar ages developing many friendships. In 5th grade, I moved to Dover, the rural town adjacent to Needham, where I still live. Dover has given me a comfortable place to mature in and grow into myself as a young adult.Tell us where you have lived - and for how long - since you were born; whether you've always lived in the same place, or perhaps in a variety of places. (100 word limit)"}]}