{"schema":{"fields":[{"name":"index","type":"integer"},{"name":"personal_essay","type":"string"}],"primaryKey":["index"],"pandas_version":"0.20.0"},"data":[{"index":0,"personal_essay":"Since the time I could understand it, I've had an interest in childbirth. This inherent interest led me to discover the practice of midwifery, a type of maternity care that stresses natural births led by midwives, and I soon became passionate learning more about its differences with traditional hospital maternity care, which is led by obstetricians, physicians trained in childbirth. Through articles, documentaries and books I came to understand the advantages and positive outcomes of midwife-led births, and conversely, how hospital births could negatively impact women by providing too many medical interventions. At the same time, not only did I want to pursue something I was passionate about, but also challenge myself to do better than my parents. My parents believe I can do better than them and with all respect, I believe I can. Not because I believe I am more gifted or that they were not as determined, but because they started from the ground up and laid the foundation, giving me the opportunities that they did not have. I knew studying medicine and becoming a physician - a career I could be passionate about - was a way I could accomplish my hopes of building upon my parent'sachievements. Midwifery, while a respectable career, wasn't exactly what either I or my parents had envisioned. With time ticking, and knowing I didn't want to enter college undecided, I thought I had two choices: midwifery or medicine. Both allowed me to engage with a passion of mine, but I couldn't be an obstetrician and a midwife. That's not how it worked.Then, one day it came to me all of sudden: Why do I have to submit to established options? Why do I have to choose one or the other? Why can't I be a changemaker in maternity care in America?By challenging the belief that I had to make a choice based on established options, I became someone inspired to make change. No longer was I bound to the predetermined path. By simply deciding mentally not to conform to established options - midwife or obstetrician - I opened a door of initiative, creativity and vision. Now I hope that one day, as someone trained both as a physician and midwife, I can bridge the gap between hospital and midwifery maternity care. I want women to have the safety of a hospital birth and the independence of a midwifery birth. If we hope for our nation's maternity system to improve and for maternity death rates to decrease, we need both. There's no joint program to become both a midwife and a physician, but that doesn't mean I can't do it - it simply means I have to take the initiative to complete both trainings separately. As for changing America's maternity care to provide safer births for women, there's no easy twelve step solution -creativity and vision are vital to drawing out and accomplishing goals. What's established does not dictate what can be done, and I hope that by shattering the idea that I have to choose medicine over midwifery or vice versa, I can not only prosper as an individual, but make an impactful change.Now that I fully grasp the magnitude of this concept, I can never envision my career, let alone my life, as a series of predetermined paths. I reject that. Progress can't be made from the vision that how things are is how they'll always be; rather, it is through envisioning a better future you can help create, that progress is made. I never thought I was someone with a mission to change, but by challenging the belief that I had to choose one path, I became someone with the vision and mentality to do so.Through the International Baccalaureate (IB) program, students are required to write an extended essay of up to 4000 words on a topic that interests them. As an IB student, I chose to write a historical argument essay examining the role of religion in the development of Vegetarianism in mid-1800s America. The required extended research and writing gave me the opportunity to dig deep into subject matter, develop my research and argumentative writing skills, and enjoy the rich learning process. In gathering sources to support my argument, I had to be creative. Finding sources can be incredibly frustrating and time consuming; I couldn't simply use a search engine online - I had to search through online archives, and find books on my topic and other sources citing primary evidence. Relying on my creative energies was imperative to uncovering relevant sources. When I'd find them, the joy of discovering the next puzzle piece propelled me to continue investigating. While exhausting, analyzing these unique sources in the process of crafting my argument was paradoxically exhilarating. The task of dissecting sources to extrapolate meaning and visualizing sources converging to support one of my claims was exciting; a common thread of reason was weaving its way through all of my sources, and I was anxious to begin writing down my thoughts. Grasping the central argument for my essay for the first time after the diligence and determination I had put into finding and analyzing sources was a invigorating moment.Pulling everything together into a 4000 word essay was one of the most gratifying academic moments of my life. It was enriching. Arranging the argument to my liking was enriching. Adding my personal thoughts on an excerpt was enriching. Raising questions about the implications of my argument was enriching. The IB program gave me an opportunity I wouldn't have received in a traditional academic program; although anyone can resolve to write an essay on their own, IB requiring the extended essay pushed me to hone skills that otherwise would have remained stagnant. Furthermore, the extended essay process instilled in me a passion for inquisition and argumentative writing.During my freshman and sophomore year, I played for my high school's soccer team; but, overwhelmed with the time commitment the team demanded and the workload of academics, I decided not to try out my junior year. The lack of sleep and constant practices and games left me worn out. By the end of the season my sophomore year, I knew I couldn't do it anymore. Nevertheless, breaking my commitment to the team bothered me for months. Although I never regretted my decision, at times I felt ashamed for giving up.However, in the year I took off from soccer, I learned to how to better manage my time with a heavy workload, accomplish tasks effectively, and most importantly, how to handle stress and break down anxious thoughts. Over the course of the year, I saw myself change from the anxiety-ridden freshman and sophomore to the stronger, cognizant junior who was capable of handling challenges. That year I was the most reflective and introspective, and as a result, I came to understand how my thoughts could be a stumbling block to my success and happiness in whatever I pursued, whether on the field or in the classroom. In late spring of my junior year, I realized I was ready to come back. I was in a good place. The personal growth I had experienced my junior year had prepared me to handle the challenges of high school soccer and I felt confident I could enjoy the game this time. The importance of this story is that my departure from the team after my sophomore year was not taken easily or without thought. Commitment is something I value deeply and want to exemplify in all my actions. Still, the personal growth I experienced my junior year in taking the time to develop my resiliency shaped me into the individual I am today. Taking time away from the sport, while difficult, gave me the space to become the person I want to be on the field, in the classroom and in my personal life.I wouldn't say English if asked what my favorite subject was. I would likely say math; after all, it's the subject at which I most excel. But with some thought (and honesty), English, actually, is my favorite subject. For all the fascination I get from math and its concreteness, the nuances and flavor of English excite me more. It is through English that I have been able to express my thoughts, articulate the precision of my view, shape words to my voice and explore the world. For example, in my junior year, we spent a semester focusing on the use of rhetoric in advertising and marketing. The topic was stimulating and gave me an opportunity to apply the fundamentals of rhetoric to the world by looking at advertising in contexts like commerce. At the end of the semester, I wrote and sent a letter to Unilever Inc., discussing the empowerment marketing techniques they use in advertising for Dove. English provides the opportunity to combine my writing skills and knowledge on current topics to engage with the world.On a personal level, English has helped me unravel memories and feelings that otherwise would've been left tangled. My English classes have always given me freedom to choose what I want to write about, which, while daunting at first, has given me the opportunity to write about topics that hit home. In my freshman year, I wrote an essay describing the feelings of isolation I experienced from my culture because I couldn't speak Spanish fluently. In my junior year, I wrote a memoir about my grandmother's death. In both pieces, I picked apart and expressed the situation in ways I couldn't do in my head. Now on paper, these feelings are not forgotten or blurred - they are fresh and preserved by the written word. The emotion I put into my memoir gave me the confidence to submit it to the Scholastic Arts and Writing Awards - and I received a Silver Key Award! English, while certainly not my easiest subject, has been the most rewarding subject both in my academic and personal life.In the daily bustle of school and responsibilities it's easy to forget the greater meaning of an education. After all, the main focus emphasized throughout our school careers, and especially in high school, is grades and tests; the amount of time and energy devoted to exploration greatly dwindles after elementary school. And I miss it. I miss the fieldtrips we used to take to the art museum or the caverns or the county fair. I miss getting out of the classroom and experiencing things firsthand. I miss school kindling my fire to learn by interacting with the world around me.This urge to engage with my surroundings is exactly what sets me apart. My eagerness to learn for the sake of learning and understanding the world around me continues on. At the end of the day, learning is much more for me than the grades and scores - I want to learn about economics and zoology and business. I want to visit the art museums and the zoos and the company headquarters. Time and time again, I have found myself centering back on my insatiable desire to learn no matter how burnt out I have felt. The world continues to fascinate me and draw me in. Learning is so much more than what you learn in the classroom. I lose track of time researching random things on the internet like 'What is necrotizing fasciitis?' or 'What was the French Revolution?' or 'Define lackadaisical'. I love when listening to someone else's perspective changes my entire perspective on them, such as when we read our essays with partners in class or discuss a current event. National Public Radio's Ted Radio Hour has become the background music to my life and continues to feed me compelling ideas that keep me open-minded and engaged. What all this means is that learning for me happens just as much outside the classroom as inside - and that exploration plays a central role in my learning. My eagerness to learn always comes back to me and is my source of motivation to keep pushing on."},{"index":1,"personal_essay":"I've always been an avid reader, but until recently, I wasn't thirsting for classics and Shakespeare. Young adult fiction was always my go-to, and while I have learned to appreciate and even love the classics, I always come back to my favorites. If I could teach a class during Paideia it would be 'Harry Potter and Other Stories of Overcoming the Monster: Do they teach us anything and will they be important in the future?' for two reasons: (1) I love these stories and have a deep appreciation for the running themes within them and (2) I wonder what role these stories that follow the lives of teenagers, a concept that is fairly recent, will have in future literature.The concept of a 'teenager' is not old. Up until the the 1930s, there was only childhood and adulthood. There was no in-between. Consequently, no literature genre developed for this middle ground and today in schools the literature classics students read are almost entirely written from the adulthood perspective. However, today there exists a young adult or teenage literature genre which means for the future it is a possibility literature falling into this genre may be discussed in formal schooling. We can't know for now, but just the idea that the novels we read today outside of class may in the future be discussed critically in schools is something so profound it's mind boggling. What exactly will be teached and where will emphasis be placed? How will these texts be viewed in light of their context of production? What is the context of production? In other words, what events and moods of this time period will the future look to in addressing the themes, messages and impact of young adult literature? More specifically, what events of this age have influenced writers to create stories of young adults overcoming monsters, most popularly seen in the story of Harry Potter against Voldemort, written by J.K Rowling? Overwhelming? Definitely. Fascinating? Even more so. What makes this topic fascinating is trying to understand how current time will be interpreted in the future and acknowledging that we are part of history. When we are old and gray, what we considered to be new or hip or 'in' today will be old or retro or ancient to the new generations. Our grandchildren will ask us how it was 'back then' and we will be shocked to find that the current events that outlined our childhoods and adolescence are now taught in history books. And maybe - just maybe - they'll be reading and analyzing a book for school that we once read for leisure. For one week at the end of January, Reed students upend the traditional classroom hierarchy and teach classes about any topic they love, academic or otherwise. This week is known as Paideia after the Greek term signifying 'education' \u2013 the complete education of mind, body and spirit. What would you teach that would contribute to the Reed community?For a self-admitted introvert, I am surprisingly aware of how much I desperately need people in my life. I need people who will take on life with me, who will support and challenge me in my endeavors. Everyone needs these people. More than ever now, I realize I need not only supporters and challengers, but people I can relate to in aspiring to achieve more. I want to be surrounded by a student body that understands my desire to excel, challenges me to not be complacent, and inspires me to work harder. Moreover, I want to be immersed in a diverse student body where multicultural expression is celebrated. I grew up in one of the most diverse places in the United States, with people from all different ethnicities, races and beliefs. Living in a diverse community influenced my viewpoint and taught me to embrace other cultures. Today, I look out into the world and see the vibrancy and richness of different cultures, and I feel at home. A diverse community is where I feel most safe to express my ideas, learn about other groups of people, and engage in multicultural celebration. Northwestern is the place where I can find that challenging, inspiring, and diverse student body. Northwestern attracts a diverse group of intellectuals, coming from numerous different backgrounds, but all with the same fierce commitment to their studies and interests. Such a concentrated community of diverse and dedicated individuals will inspire me to continue challenging myself in my studies and provide me with the avenue to explore and engage with different cultures. I believe the Northwestern atmosphere will cultivate me into the driven, engaged, and globally-minded citizen I want to be.Other parts of your application give us a sense for how you might contribute to Northwestern. But we also want to consider how Northwestern will contribute to your interests and goals. In 300 words or less, help us understand what aspects of Northwestern appeal most to you, and how you'll make use of specific resources and opportunities here. I stumbled upon Santa Clara University in a rather un-academic way. My dad took my sister and I out to watch a professional soccer game, and it just so happened the venue was Santa Clara University's stadium. I knew nothing of the university, and my dad had only once or twice heard the university brought up in conversation. What was this random university? If we hadn't heard of it, was it any good? Now, these questions faded quickly, but when college application season rolled around, Santa Clara University sprung up as a viable option to research and consider applying to. While my first encounter with the university was certainly not intended and not at all academic, it exposed me to a hidden jewel that I could possibly call my home for the next four years. How did you learned about SCU?The aspect of Santa Clara University's strategic vision that most appeals to me and has parallels with my own vision for myself is the emphasis on educating 'leaders of competence, conscience, and compassion'. As an individual holding the responsibility to use my knowledge for good, SCU's vision to educate leaders who use their competence compassionately and mindfully hits home. When I go out into the working world, I want to see things holistically, mindful of variables, and the facets, and the perspectives of everyone. To do that it requires that I be knowledgeable; to make decisions, it requires that I act compassionately and with conscience. Furthermore, education is more than teaching facts - it is just as much about cultivating individuals who act responsibly and in accordance with what they have learned. The only thing worse than ignorance is inaction in the face of knowledge. My education is a gift that I can use to make informed decisions and make a positive impact on my community. Coming from a diverse community, I understand that there is a diverse array of perspectives; I also understand there can be a profound amount of hate for people on the 'other side'. I don't want to be someone who spews hate because someone doesn't hold the same view as me - I want to be a human being who acts with both intellect and compassion, educated both in the facts and in respect for the spectrum of human thought. SCU's commitment to educate leaders who are not only knowledgeable, but act with compassion and conscience rings as one of the most respectable missions a college can undertake in a time where ignorance and disrespect rages on.Santa Clara University's strategic vision promises to educate citizens and leaders of competence, conscience, and compassion and cultivate knowledge and faith to build a more humane, just, and sustainable world. What aspect of SCU's strategic vision appeals to you? Why?College students are at a time in their lives where they're gaining more responsibilities and getting a taste of independence. Point Loma Nazarene University's Community Living Agreement creates an environment where students can grow into full-fledged adults in a positive and God-like manner. The Community Living Agreement creates a community founded on a common set of principles. In agreeing upon these laws, the student body is connected by their shared interest in the well-being of the community. A common law allows students to get to know each other, live in full security, and grow spiritually and academically; in addition, it fosters a sense of trust between faculty and students. Most importantly, it instils in students that how we live our lives academically and otherwise is a reflection of our love and respect for God.However, with any agreement there are challenges. As students from different backgrounds join to live together, the agreement sheds light on students' room for growth and repentance. Moreover, learning to overcome obstacles that have been barriers in a student's relationship with God from before or during college can be grueling. As a college student entering into the agreement, it can be challenging to agree and remain faithful to a set of principles for the entirety of their formative years at Point Loma.Entering into the Community Living Agreement can be challenging at times within the years of college, but ultimately it provides students with an atmosphere where they can grow academically and spiritually within a God-minded community.Point Loma Nazarene University's Community Living Agreement is designed to create a community in which the university provides an atmosphere of academic excellence and spiritual growth while students commit themselves to a certain lifestyle.In 150 to 250 words, please reflect on the values and challenges of entering into this agreement as a college student. I have taken both a biology and a chemistry course my junior and senior years - I've loved both. However, I am anxious to learn about the cross section of the two. See, in both classes we've dabbled in the cross section, but I want to dig deep. I want to understand the chemistry behind the biology - how the interactions of microscopic molecules magnify into biological processes that we study in a 'bigger picture' way. I want to understand how the chemical construction of foods specifically impact the body, and how chemistry is involved in pharmacology, and how drugs can be vital\u2026.and deadly. Chemistry and biology exist in an dance with one another - a dance I want to explore and dig deep into because it excites me to learn about how the smallest principles of the natural world create the macroscopic world we see. Why are you drawn to the area(s) of study you indicated earlier in this application? If you are 'undecided' or not sure which Brown concentrations match your interests, consider describing more generally the academic topics or modes of thought that engage you currently. When I imagine the college atmosphere I want to be a part of, there are two words that sum it up: diverse and engaged. I believe Brown is just that. I want to go to Brown because I want to be surrounded by a challenging, inspiring, and diverse student body. Brown attracts a diverse group of intellectuals, coming from numerous different backgrounds, but all with the same fierce commitment to their studies and interests. Such a concentrated community of diverse and engaged individuals will inspire me to pursue the unique, personal education Brown encourages for its students, and it will provide the perfect atmosphere to participate in rich, authentic, and honest conversations that expand my perspective. I believe the Brown atmosphere will cultivate me into the driven, engaged, and open-minded citizen I want to be.Why Brown? Since I was born, I have lived in the Natomas community of Sacramento, California. Now, living in a suburb might seem normal, and not exciting, but Natomas is special. With the second most diverse school district in the U.S., Natomas has ingrained in me the importance of multicultural celebration. I grew up in classrooms where nobody was a majority or a minority, and where there was little consideration for the color of one's skin. We were taught open mindedness. For this reason, Natomas, as small as it is, has been an amazing place to grow up in. Tell us where you have lived - and for how long - since you were born; whether you've always lived in the same place, or perhaps in a variety of places.My church small group with my mentor Christena Turnbough has been a cornerstone in my personal development. I look back a year and I can't believe how much I developed in terms of character, mindfulness and resilience. Christena helped me to discuss what was going on in my mind and pinpoint what I needed to work on; the group made me accountable, but also supported and encouraged me. Although it's the smallest group I've been a part of, it's helped me to recognize the value of relationships in cultivating a life of substance and growth.We all exist within communities or groups of various sizes, origins, and purposes; pick one and tell us why it is important to you, and how it has shaped you. Every Wednesday, I head to the 'The Greenhouse'. This greenhouse however doesn't cultivate plants - it cultivates students. I volunteer at The Greenhouse tutoring second graders who live in the surrounding low-income apartments. When I first started, I was shaking in my boots. I'd never worked with school-aged children. This was something my mom was better at - Why wasn't I more like my mom? However, as I dipped my feet into the waters, I found something special. The second graders were incredibly welcoming, and week by week, I learned how to best help them. I had a mixed bag: a struggling student, an average student, an excelling student, and a student who had all her homework in Spanish. This required me to mold a unique style of teaching to each one. I've loved seeing them learn and I'm deeply indebted to The Greenhouse staff for giving me the opportunity to serve.Please briefly elaborate on one of your extracurricular activities or work experiences. "}]}