{"schema":{"fields":[{"name":"index","type":"integer"},{"name":"personal_essay","type":"string"}],"primaryKey":["index"],"pandas_version":"0.20.0"},"data":[{"index":0,"personal_essay":""},{"index":1,"personal_essay":"What motivates you to learn? Small class sizes help me excel and motivate me to learn. Since I am not distracted by the number of students in class, I can grasp concepts more easily \u2013 which is essential in any academic environment. In particular, Emory University has a student to faculty ratio of 8:1; therefore, I can develop a relationship with all of the teachers I have. Furthermore, having a hands-on approach to learning also motivates me to learn because that is the 'application' part of learning. Thus, I am applying the knowledge I gain from lectures through a hands-on approach. Leading on to that, I enjoy being taught in different learning styles, such as having class outside or learning abroad. Lastly, having a welcoming learning environment motivates me to learn because I can express my ideas freely while being able to question and learn off of different perspectives my peers have to offer.Describe your ideal college campus\/academic environment and what you hope to gain from it.As I envision my ideal college campus\/academic environment, many settings come to mind. For one, a strong focus on a major (while having the freedom to explore) is what I am enticed to. Through Emory's Dual Degree Engineering Program, I will be focused on engineering, while also having a liberal arts education. Since I want to pursue the pre-medicine track, while also obtaining a degree in computer engineering, Emory's unique 3-2 engineering program appealed to me.Through Emory's Woodruff Health Sciences Center, I will be able to conduct research on a topic of my interest. For example, I have the freedom to explore Alzheimer's disease. In high school, when I was assigned to do a lab, I usually couldn't do further research because of the time constraint or because of the limitation of materials. Hence, a college campus which has a focus on research is what I am geared to.As a student that values research opportunities, Georgia Tech captivated me. Georgia Tech's 'CREATE-X' program really piqued my curiosity because of the different courses available to transition from a developed idea, to a fully launched startup. I aspire to utilize my ideas, and apply them to the three courses branched off of 'CREATE-X.'As an African-American female interested in computer engineering and medicine, Georgia Tech appealed to me because of the number of African-American female students majoring in STEM related fields. Despite the lack of female engineers, I took part in ICT (Information and Communication Technologies) day hosted by the African Union to promote females to pursue STEM related fields. Since most of the students attending Georgia Tech share a common interest, I will gain knowledge and share my ideas with other students.I would create a class called 'Life Skills 101.' Since I am a senior who is pursuing the full IB diploma program, I would really appreciate such a class because the IB program focuses on course content. However, I feel as though I lack simple life skills. For example, although I am aware of spending money cautiously, I am unsure about how to set up my personal bank account. The majority of incoming freshman (and undergraduate students) will face these daily challenges because they haven't been exposed to these skills.The learning outcomes I would like students to achieve in this class are public speaking and communication skills, as well as a sense of independency. Through the use of teaching students how to function in the 'real world', they will gradually develop their abilities \u2013 which are relevant in the work setting as well as their day-to-day lives."}]}