{"schema":{"fields":[{"name":"index","type":"integer"},{"name":"personal_essay","type":"string"}],"primaryKey":["index"],"pandas_version":"0.20.0"},"data":[{"index":0,"personal_essay":"In the midst of the rush at the airport, I sit in a black tattered seat at the gate, people-watching. Announcements call for passengers as they race through the crowd, their rolling suitcases zigzagging behind them. Others make themselves comfortable on benches - their makeshift beds - in an attempt to survive a grueling ten-hour layover. My mind starts to wander.The airport is my favorite place in the world. Where some see a source of irritation, I see a complicated and breathtaking meshwork of lives, interwoven and unexpected. Waiting at the gate, scientists meet artists, mathematicians meet linguists, and engineers meet actors. These collisions between the sciences and humanities quench my insatiable mind and challenge my perceptions. At the airport, as in life, many separate entities contribute to one cohesive human experience.I picture the wall of my room, my thoughts running rampant on an accumulation of multicolored Post-it notes creeping towards the ceiling. My ideas fly off in different directions and land in unpredictable places and I become an overwhelmed air traffic controller trying to manage them. When I first began to collect my Post-its, I noted books I wanted to read and commentaries about movies I'd seen. But over time, they became more about how I could effect change in the world.One note read, Can combining two existing therapies improve the treatment of advanced breast cancer that has spread to the brain? Another asked, How does cancer manipulate the immune system? In the process of examining these questions at two internships, I found the true value of interconnectedness. My knowledge of the brain from one internship became crucial to understanding the immune system in the other. The once separate disciplines of neurology, immunology, and oncology became forever intertwined. I began to picture a whole human being and realized that in the end, my research would help a person - a person with feelings of fear and hope.In these moments of discovery, science and humanity became inseparable to me, one impoverished without the other. How can we fully understand the human being if not seeing both the biological and emotional sides? For instance, an anthropology class gave me insight, empathy, and a new sense of purpose to my scientific endeavors. While studying the Baining people of Papua New Guinea, I learned of their belief: when one person gives a gift, they give a piece of themselves as well as a piece of everyone who has ever given them gifts. This philosophy connects them to everyone else in the world.The Baining people changed my way of thinking; whether between people or disciplines of study, we share the human tendency of finding patterns and connections. Strangers befriend each other on the plane, my Post-its bring together two unlikely ideas, an engineer consults a psychologist to improve her prototype. We really are more interconnected than we think.Back at the airport, I sit in my black tattered seat at the gate and watch two children chase each other in circles, balloon swords waving in the air. One of the boys runs to his father. 'Daddy, I made a new friend today!' he says. I reflect on how we are wired to relate and the connections that are forged from the simplest of encounters. Will the boy remember his friend? Where will their lives go? I think about the kids I grew up with: the one who made chocolate-covered bananas with me, the one who cut old photos and scrapbook paper with me for hours, the one who looked at dirt under a microscope, or tried to make perfume, or hunted for slugs. All of these people are inherently part of me and my childhood curiosity. The more I learn from them, the more I see that the airport embodies my love for interconnectedness. No matter how large my world gets, my innate passion for learning through connections persists."},{"index":1,"personal_essay":"Describe how you plan to pursue your academic interests at USC. Please feel free to address your first- and second-choice major selections. (250 word limit)Neuroscience has the exciting potential to tell us how thoughts are created, how the brain crafts 'the mind,' and how a constant bombardment of information is processed into memories. USC's Neuroscience major would allow me to explore these aspects of the brain. In addition, the Thematic Option Honors Program would allow me to gain new viewpoints on neuroscience-related concepts like consciousness and identity from the perspectives of literature, philosophy, history, and more. This interdisciplinary approach appeals to me, especially as a pre-med student; with an academic background so diverse, I would understand my future patients from an unconventional point of view and on a deeper level. I also yearn for depth of knowledge outside the classroom. I have conducted breast cancer brain metastasis research and presented it at an international scientific conference and international high school science fair. Through a highly selective summer internship, I have also conducted immunology research and will be co-authoring a publication based on this work. USC's resources would give me the opportunity to continue scientific research with professors such as Dr. Berislav V. Zlokovic, whose research on the blood-brain barrier's role in Alzheimer's Disease holds exciting potential.The unparalleled academics at USC will allow me to pursue depth as a Neuroscience major engaging in scientific research, and breadth with an interdisciplinary education under the USC Core and Thematic Option. I look forward to learning about the fascinating world of neuroscience and understanding the organ that is so crucial in making us who we are.What is something about yourself that is essential to understanding you? (250 word limit)With two weeks remaining, I was finally approved to enter the regional science fair. I was excited to share the research I'd been working on since summer, but the idea of pulling off an entire presentation this fast felt daunting. In search of advice, I asked my best friend, parents, and even my counselor. They all told me no.Conflict rose inside me. Everyone wanted me to stay in my comfortable routine of studying and getting good grades. But I'd found something I loved: scientific research. How could I miss this opportunity to showcase my project and meet others with similar interests? That was it\u2014I decided to participate. Regardless of the outcome, I knew I'd learn something about myself and others.The next two weeks included many late nights and missed outings as I worked constantly. Many of my friends insisted that I had my priorities wrong, that I should be studying for classes like they were. But ultimately, I realized that I was doing this for myself.The day of the fair was a blur. I met adults who were personally affected by the disease I was studying and their stories taught me that my research could help real people. When I won Best of Fair, it was a surreal moment; I was jittery with excitement that my work as a researcher had promise. Now, I'm glad so many people told me no. They helped me challenge the status quo and open myself up to a lifetime of exploration.How did you first learn about Rice University, and what motivated you to apply? (250 word limit)As I was researching universities with ample opportunities for a budding scientist and physician, I learned of Rice University's impressive program in the biological sciences. I was excited to learn that Rice was one of the few highly active research institutions that allowed undergraduates to contribute to its rich scientific community. Many professors here conduct fascinating research that I want to be a part of; for example, Dr. Mary Farach-Carson's lab explores cancer metastasis, much like my own research in breast cancer brain metastasis. In addition, as an aspiring physician, I would have access to the Texas Medical Center and the interdisciplinary BioScience Research Collaborative, another opportunity that only Rice allows.I definitely see myself fitting into life at Rice, whether contributing to the undergraduate research journal, Rice Catalyst, volunteering for the DREAM program to educate high school students about STEM, or advocating for disaster preparedness through the American Red Cross club. Although I haven't set foot on campus, I already feel a strong sense of community. Rice's residential college system would allow me to meet a large and diverse group of people with whom I can collaborate, innovate, and celebrate the college's traditions. The extracurriculars would allow me to impact and learn from the larger Houston community. My labmates and I would open our minds to question and discover the wonders of the natural world. Each of these experiences will help me become a better thinker and doer. I am eager to discover this as an undergraduate at Rice.With the understanding that the choice of academic school you indicated is not binding, explain why you are applying to that particular school of study. (150 word limit)Biology has the exciting potential to tell us how the brain creates thoughts, how the immune system fends off dangerous pathogens, and how our cells work in unison to make us who we are. But our bodies aren't invincible\u2014many diseases burden our society today. While volunteering at the local hospital, I encountered people under agonizing circumstances. Whether Parkinson's, alcoholism, or multiple sclerosis, I have seen the pervasiveness of human suffering caused by disease. The Wiess School of Natural Sciences is the perfect place for me; its unparalleled academics will allow me to make a difference as early as freshman year. Inspired by my experiences, I believe that the Biochemistry and Cell Biology major will help me understand life at the cellular level while also helping those that are affected by disease. I look forward to learning and researching at Rice, in hopes that someday, I can make a difference.Please briefly elaborate on one of your extracurricular activities or work experiences. (150 word limit)The summer after junior year, I conducted immunology research on angioedema, a disease of uncontrollable swelling and the potential to cause asphyxiation and death. The cause of the type I studied was unknown and it had an unexplained correlation with lymphatic cancer; therefore, my project focused on investigating both of these. After reading articles and conducting many trials, I found a probable explanation in a multifunctional molecule called gC1qR and have gained enough insights to publish a paper next year. These findings have tremendous impact for future therapies and have improved our understanding of cancer biology.This internship was a source of career-oriented experiences but also personal growth. I arrived, fearful of failure. But in an environment where I was encouraged to explore and fail, I found myself even more inspired to research. With a newly liberated and resilient mindset, I have opened myself up to a lifetime of exploration.With two weeks remaining, I was finally approved to enter the regional science fair. I was excited to share the research I'd been working on since summer, but the idea of pulling off an entire presentation this fast felt daunting. In search of advice, I asked my best friend, parents, and even my counselor. They all told me no.Conflict rose inside me. Everyone wanted me to stay in my comfortable routine of studying and getting good grades. But I'd found something I loved: scientific research. How could I miss this opportunity to showcase my project and meet others with similar interests? That was it--I decided to participate. Regardless of the outcome, I knew I'd learn something about myself and others.The next two weeks included many late nights and missed outings as I worked constantly. Many of my friends insisted that I had my priorities wrong, that I should be studying for classes like they were. But ultimately, I realized that I was doing this for myself.The day of the fair was a blur. I met adults who were personally affected by the disease I was studying and their stories taught me that my research could help real people. When I won Best of Fair, it was a surreal moment; I was jittery with excitement that my work as a researcher had promise. Now, I'm glad so many people told me no. They helped me challenge the status quo and open myself up to a lifetime of exploration."}]}