{"schema":{"fields":[{"name":"index","type":"integer"},{"name":"personal_essay","type":"string"}],"primaryKey":["index"],"pandas_version":"0.20.0"},"data":[{"index":0,"personal_essay":"Reading was something I disliked doing as a kid. I was the type of kid who loved to play games and toys as an activity rather than reading. My reading ability remained stagnant at that point in my childhood. Throughout my early education, my reading scores were usually lower than the average student. Then middle school came and that was when the next few years became life-changing and unforgettable. At my school, the library had this program called Reading Counts! where students are engaged to read many varieties of books and earn points by taking quizzes corresponding to the bookTime management is such a huge skill that I think is very important in my life but it was something that I didn't know how to hone. My spring semester of my junior year was where I had a very busy schedule. I had AP classes and AP exams were coming up so I had to study for them. I had a college class on Mondays and Wednesdays and SAT prep on Tuesdays and Thursdays that made me stay longer until the evening, especially when I had Confirmation every Thursday right after. In some days, I had to take care of my older sister because my dad had errands to run to, usually buying groceries or picking up my mom from work in the late evening. My older sister has Down syndrome, meaning that I had to follow certain things that I can do to take care of my sister because of her condition. Taking care of my sister sometimes sacrificed the time spent on doing my academics and extracurriculars. All of this made me realize that I need to fix my time management skills. At first, I didn't know how I could keep myself academically and mentally on course without jeopardizing the next few years that could be a pivot point in my life. I stick to this one advice from a few people that had went through a similar situation causing them to struggle very much. That advice was to start with one thing at a time. It was simple advice that personally changed my everyday habits. Because of it, this challenge definitely helped me in the long run. The more I was adapted to doing things one by one, the more productive and organized I've become. Doing it on a daily basis made helped me set my priorities straight, finish things earlier than I expected to be, and I get more time to spend for myself, such as reading or finishing up my homework.In all of my years, I never realized that until now, Environmental Science has been my favorite subject. It all started when I watched this show called 'Fetch with Ruff Ruffman'. I remember every day I would get home from school and quickly go to my room, turn on the T.V., hoping that I didn't miss anything from that day's episode. The show talked about many scientific topics that I find very interesting, like physics, chemistry, and etc. As an elementary school student, this was something that I never knew about in school, until I get to watch the show. The show made me realize that science is fun, cool, and interesting to learn about. Although I enjoyed this show as a child, I never imagined actually enjoying science classes, that is, until I took AP Environmental Science this year. On the first day of school, our teacher talked about what's the biggest environmental issue we are facing today. Our assignment was to make a poster relating to the issue we picked and list what are some of the effects that is harmful to the world. Most of the class, even me, chose air pollution as the biggest issue we faced today. Although most of the people chose that topic, they didn't know much about air pollution. I knew that our assignment can't do it on its own, so I took the initiative to lead my group using my prior knowledge about air pollution. After we finished our assignment, our teacher decided to have a class discussion on the topic we have chosen. From what I learn from that activity was not only the fact that overpopulation might be the biggest problem we face. It was rather realizing how my passion brought out the best in me. From the discussion that I've participated in, seeing myself being serious on a topic that's relevant today influenced how doing something I love should be what I do as a major\/career. I felt that from that experience, it benefits what I want to pursue in the future.There were many things that I participated and supported that benefited my school. One of which was the Green Team. When I first started in the school, I felt somewhat lost because high school was a culture shock for me and my friends. Our school was more diverse, more rigorous in academics, and it had more variety in clubs. Me and my friends decided to join our campus' environmental club, the Green Team. During that year, I enjoyed my time being at the club. Not only was it an escape from school and a bonding moment with my friends and other students that were above my grade, but I was proud to contribute to something that I think is so important to my community that might affect the future.For the next few years, there was inactivity throughout the school year where our Green Team lost both its essence and popularity. When there were elections for senior year, I knew I had the opportunity to turn this club back around to the way it used to be. Now as President, I sought for a resurgence in the Green Team for the sake of not only making our club more hardworking and strenuous, but also bringing a long-lasting effect all over the world but for our campus. What I do to ensure that our club is being active is organizing and leading school and beach clean- ups, volunteering more community service focusing on the environment, fundraising for reusable water bottles created by the club, and making sure we are able to promote environmental awareness to the school through presentations. The reason I wanted to bring the club back is not because I wanted to recreate the moments that made the Green Team special that other members can look back to. I also want to display my deep passion in environmentalism that can reflect towards the members of the club, even to the students in my campus, hopefully changing their ways and ideas that can fulfill my aim of the club: making the environment a better place.Reading was something I disliked as a kid. I was the type of kid who loved to play games and toys as an activity rather than read. My reading ability remained stagnant at that point in my childhood. Throughout my early education, my reading scores were usually lower than the average student. During the 5th grade, our class had to take a reading comprehension test every time we've finished reading a story. My reading comprehension tests were so bad that my 5th-grade teacher even offered some help. However, during the process, I felt somewhat discouraged and hopeless with improving my reading ability. Although the help resulted in slightly improving my tests and quizzes, it never happens to feel like I've achieved this personal academic obstacle.Then middle school came and that was when the next few years became life-changing and unforgettable. At my school, the library had this program called 'Reading Counts!' where students are engaged to read many varieties of books and earn points by taking quizzes corresponding to the book"},{"index":1,"personal_essay":"Since the summer of freshman year of high school, being a book blogger helped me gain some insight on the publishing industry. As a book blogger, I networked with publishers, professional reviewers and book bloggers in order to promote both my blog and the book itself. My book-blogging experience influenced my dream of pursuing a major and career in the publishing industry. After doing some extensive research on the few schools that provides a major in publishing, Emerson stands out from the selection. One of the main reasons I applied to Emerson is because it offers numerous professional opportunities in the publishing industry. Because Emerson is located in the heart of Boston, I could receive a number of internships from publishers in the area such as Houghton Mifflin Harcourt, Little, Brown and Company, and Candlewick Press. Emerson also offers a variety of communications-related majors such as journalism, creative writing, and marketing communications that can support and backup my professional background in the book industry. Emerson could help me gain more knowledge and experience in the publishing industry that will never be found in other colleges.As you know, the academic programs at Emerson College are focused on communication and the arts. Please tell us what influenced you to select your major. If you're undecided about your major, what attracted you to Emerson's programs? Please be brief (100-200 words).If I were to write a book that talks about my life, I would title my story 'Indescribable.' When I've read Wild by Cheryl Strayed over a year ago, there was a particular quote that really resonated to me and it was: 'I'd find my strength again, far from everything that had made my life ridiculous.' I never connected to a book in a deep personal level as much as this book after I finished it. If I were to write my story, it should feel as cathartic and visceral and meaningful to readers like I had when I read Wild. Unlike this book, I cannot really describe my life experience in one word. Most of my life had numerous setbacks and challenges, especially those that were mentally and emotionally struggling such as my journey into finding personal freedom from the place that kept me from doing so: my family. Meanwhile, I want to portray the optimism and hope that could be shared to the people, like knowing there are more than ways to finding the solution in the most hardest challenges that is ever faced. What I want for this book to feel both inspirational and powerful to everyone.Much of the work that students do at Emerson College is a form of storytelling. If you were to write the story of your life until now, what would you title it and why? Please be brief (100-200 words).For as long as I can remember, I had an interest towards journalism. When I had the opportunity to write for the school's newspaper - both as a staff writer and online editor - during senior year, I've realized that journalism is my true passion. I began to research on many universities that offers an outstanding Journalism department and NYU is one of the few schools that brought my attention. From reviews on Niche to the nationwide recognition of being one of the top 10 schools for Journalism by USA Today, NYU had piqued my interest. I look forward to the courses offered at NYU can help me gain valuable writing skills and accumulate deeper knowledge on the types of journalism like Experimental Journalism and Photojournalism as well as taking part in Journalism Abroad program, where I could have a once-in-a-lifetime experience exploring new cultures while focusing on my education.As a prospective journalist, I want to write and contribute in the university's student-run newspaper such as NYU Local or Washington Square News and\/or in the student-run media programs like Generasian, Baedeker, and Minetta Review. While it's important that I gain insight from the courses taught by top-notch professors, I could be able to craft both journalistic writing and my voice through the school's news media. NYU offers a substantial amount of internships through the official NYU Journalism Career Services website. I could be able to receive career advisory and guidance from notable faculty of the NYU community like Sylvan Solloway and Craigh Barboza and search for numerous internships, jobs, and contributor opportunities offered by news magazines, websites, and media. It's essential that after graduating, I've already built a foundation in my professional background from a few internships that will eventually lead to working at either in The New York Times or Vox Media.New York City has been the one place where it feels like I belong there, calling my name from the distance. New York City is known for being a city full of energy, hustle and bustle, and diversity, some of the few things about its environment that I can both adapt and flourish best in. At NYU, not only will I receive in-depth experiences and knowledge from experts in the field, but the location of the university can bring an advantage towards finding new opportunities within the city that best prepare me to become a journalist.We would like to know more about your interest in NYU. We are particularly interested in knowing what motivated you to apply to NYU and more specifically, why you have applied or expressed interest in a particular campus, school, college, program, and\/or area of study? If you have applied to more than one, please tell us why you are interested in each of the campuses, schools, colleges, or programThere were many things that I participated and supported that benefitted my school. One of which was the Green Team. Me and my friends decided to join our campus' environmental club, the Green Team. During that year, I enjoyed my time being at the club. Not only was it an escape from school and a bonding moment with my friends and other students that were above my grade, but I was proud to contribute to something that I think is so important to my community that might affect the future.For the next few years, there was inactivity throughout the school year where our Green Team lost both its essence and popularity. When there were elections for senior year, I knew I had the opportunity to turn this club back around to the way it used to be. Now as President, I sought for a resurgence in the Green Team for the sake of not only making our club more hardworking and strenuous, but also bringing a long-lasting effect to my campus and community. What I do to ensure that our club is being active is organizing and leading school and beach clean-ups, volunteering more community service focusing on the environment, fundraising for reusable water bottles created by the club, and promoting environmental awareness to the school through presentations. The reason I wanted to bring the club back is not because I wanted to recreate the moments that made the Green Team special that other members can look back to. I also want to display my deep passion in environmentalism that can reflect towards the members of the club, even to the students in my campus, hopefully changing their ways and ideas that can fulfill my aim of the club: making the environment a better place.Here at USD, we believe that our campus community is an integral part of who we are as a university. What contribution have you made to your high school and\/or local community that best exemplifies your awareness and sensitivity towards promoting a diverse and inclusionary enviromnent?There are numerous contemporary problems that I want to address that I think is relevant to the people. Some people may not know how significant these issues are until they become affected by it. One of the few issues that is still currently debated is gun violence. For the past couple of years, some acts of terrorism, such as the shootings in Sandy Hook or San Bernardino or Las Vegas, had to do with gun violence. Hearing these kinds of events in major news sources and on social media not only terrifies me but it also makes me more worried of the safety of my community and of the rest of the nation. Even up to this day, it has become a polarizing subject because even though having possession can bring protection to the household, it also questions how loose these laws are that caused such tragic gun-related events. In order to achieve gun control while maintaining the safety we all need, I would be able to join and participate in organizations that advocate gun control such as Everytown for Gun Safety. Being able to be a part of organizations such as this can help share and spread awareness of gun violence to everyone. What's so important is that people should have the power to speak up on what they think is right for themselves and for everyone else. Having the majority to believe that we need our nation to enforce stronger and stricter regulations in gun ownership shows that by bringing civic engagement, social innovation, and global perspective, our community is made to bring change for the better.USD is a proud Changemaker Campus, as designated by Ashoka U. As such, the USD undergraduate experience is one that emphasizes civic engagement, social innovation and global perspective. If you had the opportunity to get involved with a project or organization that addresses a contemporary problem, what problem would you address and why?For a while, I've been interested in learning both environmental studies and feminism. I was more aware of the environmental issues surrounding my community through social media, books, and news articles. Through these resources, I've also gotten to learn about the concept of feminism. I was so fascinated with this topic that in one of the research papers I've done during my junior year of AP English Language, the topic I covered was feminism. These resources that I received had influenced who I've become. From watching the first few minutes of TEDx Talk 'We Should All Be Feminists' by African novelist Chimamanda Ngozi Adichie to reading the first few chapters of 'The Sixth Extinction' by magazine writer Elizabeth Kolbert, it had made a huge impact in my life in terms of what kind of career I want to pursue. Because books had inspired me to pursue writing, I could put my voice in environmental studies and feminism into writing. As I get to explore new ideas and beliefs on these topics during college, I can look forward to not only the courses that I never learned about but the fact that these courses can improve my writing skills and self-expression.A USF education is intensely personal and intellectually demanding, emphasizing disciplined thinking and life-changing experiences. As you think about the many academic programs offered at USF, what fields of study are you drawn to and why?For a while, I've been interested in learning both environmental studies and feminism. Even though I joined the environmental club in my campus, I was more aware of the environmental issues surrounding both the community and the world through social media, books, videos, and news articles. Through these resources, I've also gotten to learn about the concept of feminism. I was so fascinated with this topic that in one of the research papers I've done during my junior year of AP English Language, the topic I covered was feminism. These resources that I received had influenced who I've become. From watching the first few minutes of TEDx Talk 'We Should All Be Feminists' by African novelist Chimamanda Ngozi Adichie to reading the first few chapters of 'The Sixth Extinction' by magazine writer Elizabeth Kolbert, it had made a huge impact in my life in terms of what kind of career I want to pursue. Although both environmental studies and feminism aren't exactly what I want to pursue, respectively, I still wanted to find a way to portray my zeal for environmental and social justice. Because books had inspired me to pursue writing, I could put my voice in environmental studies and feminism into writing. As I get to explore new ideas and beliefs on these topics during college, I can look forward to not only the courses that I never learned about but the fact that these courses can improve my writing skills and self-expression.Describe something outside of your intended academic focus about which you are interested in learning.My first- and second-choice majors share a similar field even though they are from different departments, respectively. What I want to major in USC is either Communications in the Annenberg School or Creative Writing in the Dornsife College. I decided to apply to the university because for the past few years, I've want to pursue a career in writing, ideally a journalist or a novelist. Through extensive research on the official USC website, USC offers the courses, internships, and programs that I needed in order to fulfill my dreams of becoming a writer. USC also offers various organizations and clubs that can backup my professional background as a writer. If I get accepted into USC, I hope to become a contributing writer of the Daily Trojan and an active member of Environmental Core, an environmental activism organization. Along with receiving the resources from ASCJOBNET, USC is where I can find a great number of academic and professional opportunities that is hardly found elsewhere that makes my dream possible to achieve.Describe how you plan to pursue your academic interests at USC. Please feel free to address your first- and second-choice major selections. (250 word limit)"}]}