{"schema":{"fields":[{"name":"index","type":"integer"},{"name":"personal_essay","type":"string"}],"primaryKey":["index"],"pandas_version":"0.20.0"},"data":[{"index":0,"personal_essay":"'Come on, Tito. You have to improvise.' The words run through my mind as I race towards the obstacle. 'Okay,tense your core and pull a Double Kong vault. Wait! Not too hard!' My feet land on the ground on the oppositeside of the barrier, which happens to be my aunt's car. I breathe out.Parkour is the act of getting from point A to B as efficiently as possible, using your body as vehicle. I love it. Itrequires excellent mind-body coordination, rapid reflexes, great situational awareness and fast-paced analysis. Forme parkour is effectively the enactment of engineering in motion. This is true of other sports too, of course. Whenrunning through an opponent's defence in Rugby, complex equations of motion and momentum fly into my head,and I visualise with clarity how I must shift my centre of gravity to remain running at a certain velocity and anglewhilst gliding precariously along the field touchline without being touched, in order to score. In parkour walls, rails,and other structures are the terrain on which to play out a set of similar mathematical analyses. I've taken walls ofover 8 feet without a scratch, but I've also failed at the same walls, with scars as proof of my efforts.Parkour is beautiful though, exactly because it is not merely mechanical. Instead it reveals what the human body iscapable of doing. With constant running, climbing, vaulting, and rolling, I stretch my physical boundaries to seewhat I am capable of, and every new flip reveals a physical beauty in motion. In parkour my success ultimatelydepends on matching physical strength with flair and creativity.Parkour, in its beauty and grace as much as its call on my resilience and commitment, has bent and shaped andflipped other parts of my life too and given me the vision to move beyond boundaries. This has been particularlytrue as I found new ways to explore science and engineering. When I felt stymied by bureaucratic limitations inschool, I stepped around them and found my own walls to scale. I wanted to study more maths and electronics,and to do so looked beyond school and taught myself the courses. I absorbed college-level stress analysiswebinars, engaged intensely with an online material science course, and passionately discussed vehicle dynamicsat an international conference last year. Sometimes the barrier is the notion that learning only happens in aclassroom, and then I recover the joy of discovery by playing around with household chemicals to test fuels insome Coke cans, or teaching my brother why the OH-group in my mum's nail-polish remover (acetone) burnsbetter than his deodorant. Experimenting with my brother also reminds me that the only thing more exciting thanexploration is doing it with others, and I try to replicate that pleasure of scientific collaboration through mentorshipand the dissemination of science to younger students in the STEM club I founded. One day I switched on a motorthat I helped them build - watching their beady eyes light up on their oil-smudged cheeks induced in me a positivefeeling like no other.In parkour one's best efforts sometimes come short, as they do in life. In Year 12 all the frenetic energy of myextracurricular life and the stress of an intense course load burnt me out. I was exhausted, and my gradesdropped. But the point of parkour is not to avoid challenges but to confront them successfully - to flip over them ifyou can or to creatively negotiate your way around them. So with resilience and stamina I succeeded in Year 13 - Itake on the challenge of life, and with creativity and flexibility, I navigate it."},{"index":1,"personal_essay":"Since I first dipped into the Columbia website, the University has been a sort of figurative bug in my mind. I spentfar more time than I should watching Columbia Engineering YouTube videos and possibly even longer scrollingthrough #Butlerlibrary pictures on Instagram. I came to value Columbia's tight-knit student body and the sheerrange of classes I can take, all enhanced by its synergy with the City.My intense search for study opportunities that would take me to Morningside Heights, bore fruit when Isuccessfully applied to the Columbia Summer Immersion camp. But then heartbreak followed when I realised thatI could pay none of the subsidised cost.So here I am again, looking for the keys to the kingdom. I want those late night conversations when myperspective and opinions will be challenged by my roommate; when my values will be questioned by Kyle fromHarlem and also a Jasmin from Nepal.The Core Curriculum would be the food to nurture my development as both an engineer and as a person. I wasbrought up to dismiss the humanities in favour of the technical rigor of engineer, but as I work to define my ownpaths in life, I have discovered deep interests in topics ranging from geopolitics to sociolinguistics. This delvinginto social and political life \u2013 how\/why did New Yorkers' non-rhotic accent move to New Jersey - has reshaped theway I think, and Columbia will only accelerate that growth.I'm a busy London boy, and I cannot wait to have a thrilling adventure on Columbia's campus in a little oasis ofstudent life amidst the bustle of the city. I value that at Columbia all my energy will be directed and reinforced byits unfathomable wealth of resources, human and otherwise.Please tell us what you value most about Columbia and why. (300 words or less)When I was 12, I spent countless hours tinkering with a cardboard plane including motors and servos. I thoughtlittle about engineering, but just did what I loved. I am still equally entertained by connecting a battery to a motorand watching it spin at stupendous speeds. Gears and mechanisms and sources of power fascinate me, and theprospect of working with them in Columbia's maker spaces lights me up.The really cool thing about engineering though, is the fact that its energy is turned towards making a differencesomewhere, to someone. Learning to program in C+ during a summer course at UPenn turned my mind toNigeria's shortage of technical skills. This in turn inspired me to create SparC+, a start-up that aims to educatewomen and minorities in basic programming. Similarly, on a trip to Tanzania, meeting Kevin who dropped out ofschool because his home had no electric light to study by, motivated me to build a wind turbine to generate power.In January I will test it at Kevin's house, using my prize money from Intel ISEF.And now I want to bring all that intellectual energy and social commitment to the Fu School. I want my learning tospark change, whether in a Maker Space in Mudd or classroom in Moshi, Tanzania. I want to find support forSparC+ in the Dormcubator and the ColumbiaAcceleratorNetwork. Change requires collaboration, and amidst thetight-knit atmosphere of the Fu School's student body and faculty, I want to discuss engineering with ProfessorMike Massimino until I lose track of time. I want to connect my work at Cambridge's Photonics Department with theneural interface lab at Columbia. When I was 12, those turning gears seemed magical to me. Now I want to createsuch magic of my own.For applicants to The Fu Foundation School of Engineering and Applied Science, please tell us whatfrom your current and past experiences (either academic or personal) attracts you specifically to thefield or fields of study that you noted in the Member Questions section."}]}