{"schema":{"fields":[{"name":"index","type":"integer"},{"name":"personal_essay","type":"string"}],"primaryKey":["index"],"pandas_version":"0.20.0"},"data":[{"index":0,"personal_essay":"] My second name is 'Ate.' No, it is not the past tense of eat. It is pronounced as 'Ah-teh' and is a title that the Filipino culture gives the older daughter. Being the Ate of the household inevitably gave me its expected responsibilities. It's more than just a three-letter title. It is a challenging, but rewarding, full time job.I stood in front of my student council as we discussed how we were going to execute a successful homecoming week. All eyes were on me. All ears were open. All nodded in understanding as I dictated the game plan. As my eyes scanned the room, making eye contact with every person at least once, I couldn't help but think of two little girls that have always looked up to me, not just literally.'As usual, you have to finish your homework by 5:15 p.m. and then meet me here for dinner set-up okay? I'll be in my room if you need help with homework'. I stuck my hand out. My sisters and I have always had this cheesy handshake, which we've always done before we separated to our respective work areas. Only a couple minutes had elapsed before Theriz called for help with homework. I had to be understanding and patient because she was just learning the basics of mathematics. A few minutes later, I heard Trixie call out, 'Ate'. She broke me out of my trance at my desk and I went to go help her. She had her head down and exasperatedly complained, 'I hate my group!' I advised her to try her best to distribute the work based on the strengths of her classmates and then I gave her a comforting hug and whispered encouraging words.I smile at the thought of my sisters and continue, 'I will explain the past school traditions to the freshmen in the council.' 'Who here is good at aesthetics?' I ask my team. 'You will be in charge of decor.''No one is buying tickets for the dance; we can and will raise the sales if we just keep at it!' I insist. 'We only have-''I chose every single one of you to be here because I believe in your capabilities.' I declare. We only had days to plan everything. And we pulled through. I felt moved that my words can stir an empowering emotion in others. It brings me great joy to look back and see how much my sisters have grown and how I have had the honor  to take part in raising them. The 'Ate' works 365 days a year, 24 hours a day. Not only do I learn more about my sisters every day, but I also learn more and get a deeper understanding of who I am. Throughout the years, my sisters have taught me invaluable lessons and skills that have helped me to gain my current position as the school president. "},{"index":1,"personal_essay":""}]}