{"schema":{"fields":[{"name":"index","type":"integer"},{"name":"personal_essay","type":"string"}],"primaryKey":["index"],"pandas_version":"0.20.0"},"data":[{"index":0,"personal_essay":"Prompt: Discuss an accomplishment or event, formal or informal, that marked your transition from childhood to adulthood within your culture, community, or familyChildhood ShadowEveryone's childhood tends to combine into streams of blurry memories. I am no different. Through the haziness however, there is one clear memory I have of the first time I truly took interest in something around me. Like other children my age I had fallen into the habit of questioning everything around me, being merciless to my parents, asking whatever questions came to mind. I stood in my front yard, no more than four years old standing at about three and a half feet. Being an only child at the time, I could often cajole my parents into playing whatever game I had my mind set one. That day's choice: tag. The day remained bright and hot but I paid it no mind, too excited that I was going to play my favorite game. As the game preceded nothing out of the ordinary took place, my parents were discreetly letting me win and I was obliviously thinking I had the speed of a superhero, too fast for my parents to catch. It was halfway through the game that I started noticing something strange. I was being followed and whatever was following me was copying everything I did. My curiosity was peeked, so naturally I decided to investigate, unconsciously doing a four year olds version of the scientific method. I began by running around and testing the figure, seeing if it would follow. It did. Then I jumped around, seeing if the thing would jump. It did. At this point my parents noticed what I was doing and just stared at me befuddled. My brain was going haywire with this information, assessing if the situation would bring danger. Soon the emotions of confusion and frustration overwhelmed me; I started crying, running to my parents and asking why the figure wouldn't leave me alone. My parents soothingly informed me of what a shadow was and why I should not be afraid of it. Flash forward twelve years later and this story is inevitably still mentioned to me at least once every year during family gatherings. It serves as a memory of unique childlike curiosity and hilarity to my family. Why did this particular moment stick with me out of all the memories I had of my childhood? In retrospect, nothing special truly happened that should have made the memory follow me. However, that was the first time I had truly questioned and investigated something of interest to me. I took the lead of an investigation and proved that I could take the steps to find a solution, even if my parents had to give away the answer. It was a lesson that I would recognize in later years. There is no one even that transforms a person into an adult; adulthood is a collection of lessons and experiences that evolve a person. This one moment of my life marked my first shallow steps into adulthood.My family has always labeled me as headstrong. There is little doubt that this is a result of being surrounded by the women in my family who are each powerful in their own right. My aunt showed me what being independent meant. My sisters aided me in developing unending patience through moments of frustration. Finally, my mom was the one who taught me how to love through the difficult times. Gone are the days when I was afraid to talk to strangers, choosing instead to hide behind my mom's legs. I have learned to take the initiative in situations and become powerful in my own right. With the events surrounding this year I now hold true to my beliefs. Racism, intolerance, women's rights, and hate crimes are the problems that so many people are facing on a day-to-day basis. It is because of this that I am no longer afraid to speak my mind solely because issues are labeled as 'controversial' or because they may make people uncomfortable. My strength is not solely reliant on my academic standing. I have become aware of the problems that surround us all today and am ready to use my voice in a positive matter to raise awareness, inform, and make a change.Growing up as an only child for six years, I was often the focus of my parents' attention. I learned to hone the skill of negotiating for this very reason. I was the experimental child so to speak, meaning that my parents were, and still are, the sternest with me. I learned from a young age, around the time I was starting school, to negotiate with them to attain something I desired. Then, my parents were the ones negotiating, often bribing me with toys or dollar bills for straight A's or perfect grades on spelling tests. The positive reinforcement continued until I arrived at middle school; this was when I recognized I could often negotiate my own terms in order to be allowed out with my friends. The best result was that I grew up wanting outstanding grades, which meant receiving what I asked for came easily. As I continued to mature, the foundation stayed the same but the outcomes changed. My greatest negotiation occurred while I was in eighth grade preparing to enter high school. I resolved to finish high school with excellent grades, graduate in the top twenty percent of my class, and attend a university. In return, my aunt promised me a trip to Europe following my graduation. Now, four years later, my aunt is preparing to buy a travel package to three different countries for the last week of May. Negotiations are a part of everyday life, whether we realize it or not; being able to make my own negotiations has led to extraordinary outcomes.Educational opportunities present themselves in different forms. When combined, they allow me to enhance what was originally presented. My school, Xavier College Preparatory, aims to prepare students for universities by providing individuals with the tools necessary for success. The electives Xavier offers allow me to explore interests outside of my collegiate focus. Over the years I have taken classes such as: Criminal Law, Sociology, Astronomy, and AP Psychology. These classes have provided me with exploring different options, and, as a result, introduced me to the idea of double majoring with Psychology due to my enjoyment and passion for the class. Electives introduced me to different types of classes such as Sociology, which requires discussion based thought processes. Besides the electives offered, Xavier encouraged me in furthering my science and mathematical abilities. I entered high school taking Geometry the summer before ninth grade, and will end my high school career with Multivariate Calculus. Additionally, summer school classes helped me to advance in science where I completed the three core science prerequisites, which permitted me to enroll in Anatomy\/Physiology. The opportunities Xavier offered accumulated, enhancing not only my academic progress, but helping me explore my own interests outside of STEM classes, thereby reinforcing my interest in math, science, and social sciences.Humans are some of the most fascinating creatures to ever roam Earth: Thoughts, emotions, and passions drive our actions. To study the human mind and its functions is to study the person. For this reason, AP Psychology has rapidly become the subject towards which I am most inclined. Initially, I took psychology because of my interest in neuroscience. This class was the closest opportunity to an in depth study of the nervous system, even if the course focused on the mind. The unit on neural processing first piqued my interest in psychology as a possible major alongside neuroscience. After studying units on cognition, memory, sensation and perception, and biology I realized the deep passion I had for studying the mind.My original intention was to attend college majoring in a physical science, like biology, if neuroscience were not offered. However, because I took this class I am now considering majoring in Neuroscience and Psychology, if possible. I have always had an interest in the brain; my curiosity stemmed from watching shows like House that would offer in depth explanations of rare cases. These explanations with the accompanying images of the disease and its effect on the body drew me to medicine. The brain, the true powerhouse of the body, lured me to neuroscience. Through this journey I developed a fascination for the functions of the nervous system and the mind. How the nervous system and mind work together and the effects they cause are what I am interested in studying throughout my college career; to think, it all started when I signed up to take AP Psychology."},{"index":1,"personal_essay":"Humans are the most intriguing creatures to ever roam Earth: thoughts, emotions, biology and passions drive a majority of our actions. To study the human mind and the nervous system's functions is to study the person. Unique to NYU, Neural Science majors have the opportunity to study abroad in London or Sydney in order to obtain credit for the elective requirements. In addition, the Honors Track acknowledges its members at the Undergraduate Research Conference and allows undergraduates to work with the Center for Neural Science on their research. I am currently looking at pursuing a double major in Neural Science and Psychology at NYU for these reasons.The Liberal Studies Core Program exemplifies NYU's variety and diversity. I want to be exposed to new encounters, people, and cultures from the past and present. The opportunity to travel for a year to London, Paris, or Florence and learn from where history took place would be indescribable. Most importantly, the program offers a contrast to my intended majors and is a chance to see the world and it's history in a new light through art, literature, and the study of societies and cultures throughout the ages.Deciding where I could spend four years away from home has been challenging. A mutual trust between the school and myself must be established. I have to confide in the university to set me up for success through its support systems. Students thrive when they have the opportunity to. NYU provides the chance for personal and academic growth through its resources, activities, and community. On the other hand, NYU must be assured that I will use their resources to advance my education. Said trust exists between NYU and myself. NYU's location, being a mecca for diversity and experiences, the students, and the atmosphere aid the establishment of this connection. When a student thrives, the university thrives; I am prepared to be that student. What motivated you to apply to NYU, why you have applied college, program, and\/or area of study? If you have applied to more than one, please tell us why you are interested in each of the campuses, schools, colleges, or programs to which you have applied. Why NYU? (400 word maximum)During the summer of 2015 I acquired a job at Acacia Internal Medicine in Phoenix, AZ; I was a receptionist's assistant for two months. The work itself was nothing extraordinary. I delivered patient files to doctors, alphabetized said files in the cabinets, set appointments, faxed papers, etc. I worked 32 hours per week. This was my first job, where I received my first paycheck. My job brought a sense of independence; I finally had a money source and a bank account. It also taught me about responsibility. Suddenly price tags mattered a little more. Most importantly, the job brought a window into the lives of private practice doctors. Ultimately, the position led me to the realization that a hospital environment is what I am most interested in pursuing when the time comes.Briefly elaborate on one of your extracurricular activities or work experiencesAs children, we grow up being told to listen. Overpowered by adults, a child's voice is lost in the conversation. Years pass and childhood turns into adulthood. Suddenly, what we say begins to matter. The double-edged sword reveals itself: young adults are heard but told what to talk about. Conversations must never stray into uncharted or unpleasant territory. The concept of ingrained self-censorship is going to be experienced at one point in everyone's life. During my first semester of senior year I took a sociology class where this concept was challenged. People always talk about a course that changes how people think; for me sociology became this course. We spent the weeks talking about 'taboo' topics such as race, politics, sexuality, religion, etc. My teacher's openness to conversation and controversy challenged the cultural norm of staying silent. As the class progressed I felt myself open up to controversy. Regardless, the habit of self-censorship still persists. Through the college application process I noticed myself holding back answers to prompts because I feared sounding too passionate or too controversial. After deliberating, I decided to not hold back. Currently, I am working towards being unapologetically myself and not worrying about expectations. This isn't a lesson found in the classroom but it has changed the way I approach people, situations, and myself; I consider this personal growth and intellectual development.Stanford students possess an intellectual vitality. Reflect on an idea or experience that has been important to your intellectual development.To my roommate, I never realized how difficult it was to sum up who I am in a note to someone I have never met. I am a sum of my passions and past experiences. So, what better way for you to understand me than expanding on these topics?There's no surprise that at the top of my passions is my family and friends. I'm also passionate about music and the connections it forms. I care that people are constantly judged for their skin, income, religion, culture, and sexual orientation. The past seventeen years of my life have been built upon the community my parents established for me: schools I've attended, people I've met, and what I've experienced all play a role. From growing up an only child to gaining two sisters. There was my first sense of community when I spent eight years as a cheerleader. Then the middle school years where I was at my most awkward and attempted sports. Next were the moments of familial bonding with everyone, but especially my aunt through sleepovers and Netflix marathons of Gilmore Girls. Most important were the moments with friends spent binge watching shows and movies, waiting for hours to be let into venues, and doing absolutely nothing but being in each other's company. It is these quiet memories, not the loud flashy ones, which I carry with me as I start another chapter of my life. Now, what are you like?Virtually all of Stanford's undergraduates live on campus. Write a note to your future roommate that reveals something about you or that will help your roommate -- and us -- know you better.Music matters to me, it has always been part of my life, from dancing with my mom in the kitchen to attending concerts with friends. Even though I've loved music for so long, it still feels unexplainable to me. Moments when a song's words resonate so clearly, followed by seeing the music come to life through concerts is like nothing else. Lights dim leaving the room pitch black, the roar of the crowd starts. We are all forced to give way to the pushing as people fight for the front row view. Before the first note is struck there exists one millisecond of silence where the arena is filled with anticipation as we wait with bated breaths and pounding hearts. The words start flowing out of the artist's mouth: music comes alive. For the next hour and a half nothing exists except the band, the crowd, and myself all united under the music.What matters to you, and why? (100 to 250 words)Deciding where I could spend four years away from home has been challenging. A mutual trust between the school and myself must be established. I have to confide in the university to set me up for success through its support systems. Students thrive when they have the opportunity to. BU provides the chance for personal and academic growth through its resources, activities, and community. On the other hand, BU must be assured that I will use their resources to advance my education. My intended major in neuroscience is filled with opportunities to conduct research and interdisciplinary discussions via the Mind and Brain Society. Said trust exists between BU and myself. BU's location being a mecca for diversity and experiences, the students, and the atmosphere aid the establishment of this connection. When a student thrives, the university thrives; I am prepared to be that student.In no more than 250 words, please tell us why BU is a good fit for you and what specifically has led you to apply for admission.Humans are the most intriguing creatures to ever roam Earth: thoughts, emotions, biology and passions drive a majority of our actions. To study the human mind and the nervous system's functions is to study the person. Being able to understand people and their actions is a step in understanding humanity. I am currently looking at pursuing a double major or a major and minor in Neuroscience and Psychology for this reason.Why are you drawn to the area(s) of study you indicated earlier in this application? (150 word limit )o Deciding where I could spend four years away from home has been challenging. I have to confide that the university will set me up for success through its support systems. After all, students thrive when they have the opportunity to. Brown provides the chance for personal and academic growth through its resources and community. Brown first appealed to me when I learned of the notable open curriculum, which would allow me to explore different interests through the variety of seminars. This allows for an experience centered around exploration where I could encounter previously unsought opportunities. Developing my own core would require freedom and self-discipline, the benefits would be unaccountable: having two concentrations. When a student thrives, the university thrives; I am prepared to be that student.Why Brown?I was born in Roswell, NM but my family relocated after my first birthday. From there I lived in the cities of Vaughn, Socorro, and Hobbs. My mom and I followed my dad as he was assigned various construction jobs: we were living in an 18-foot wide trailer during these times. We finally settled in Columbus, New Mexico where we had our first house as a family. My preschool tenure ended a few months in because we moved to Phoenix, AZ for my dad's steadier job. Since then, I have spent the past thirteen years growing up in Phoenix.Tell us where you have lived - and for how long - since you were born; whether you've always lived in the same place, or perhaps in a variety of places. (100 word limit)Every person, past, present, and future, makes up humanity. Humankind is a community that spans Earth's recent history: an endless timeline. Humanity's purpose has long been argued. Personally, I see our purpose as understanding our failures and shortcomings to work towards success for the future in all areas i.e. medicine, environment, politics, culture, society, etc. If progress is never made and mistakes are never corrected then humanity nears its end: we are made to adapt and progress. This mentality has changed how I perceive others, humans from every corner are connected; no one is replaceable.We all exist within communities or groups of various sizes, origins, and purposes; pick one and tell us why it is important to you, and how it has shaped you. (100 word limit)Humans are the most intriguing creatures to ever roam Earth. Thoughts, emotions, biology and passions drive a majority of our actions. To study the human body and mind is to study the person. Being able to understand people and their actions is a step in understanding humanity. I am currently looking at pursuing a double major or a major and minor in Molecular, Cellular, Developmental Biology and Psychology for this reason.Why do these areas appeal to you? (up to approximately 100 words)The first time I heard of Yale I was eleven years old watching Gilmore Girls. From this point forward Yale became a concept I aimed to learn more about. Once I began researching Yale and learned about the history, residential colleges, classes, professors, etc. I realized the sort of community Yale has. There are layers within the overall community from the base built of close friendships, to the umbrella consisting of a support system found within staff, faculty, and other students. Personally, this community is Yale's main attraction.Why does Yale appeal to you?People always talk about a course that changes how people think; for me, sociology was this course. I took the class my first semester of senior year. We spent the weeks talking about 'taboo' topics such as race, politics, sexuality, religion, etc. My teacher's openness to conversation and controversy challenged the common viewpoint of staying silent. As the class progressed I felt myself open up to conversation. For the first time I was being lectured over subjects that have spanned human history. The lessons, statistics, and graphs that were presented to me are still relevant to everybody. Today's society and culture deals with many issues, sociology was a chance to brush upon these subjects.Reflect on a time in the last few years when you felt genuine excitement learning about something.Deciding where I could spend four years away from home has been challenging. A mutual trust between the school and myself must be established. I have to confide in the university to set me up for success through its support systems. Students thrive when they have the opportunity to. Columbia provides the chance for personal and academic growth through its resources, activities, and community. On the other hand, Columbia must be assured that I will use their resources to advance my education. Said trust exists between Columbia and myself. Columbia's location, being a mecca for diversity and experiences, the students, and the atmosphere aid the establishment of this connection. When a student thrives, the university thrives; I am prepared to be that student. Columbia University has a central focus of helping students explore humanity's questions through its Core Curriculum. The required courses engage students in liberal education, which encourages Columbia's undergraduates to look towards a variety of courses and subsequent lessons rather than focus solely on one area of interest. The university provides students the opportunity to discover new areas of study they might not have previously discovered. There are layers within the overall community, from the base built of close friendships to the umbrella consisting of a support system found within staff, faculty, and other students. Ultimately, Columbia strives to ensure students are prepared for a global and expanding world. Please tell us what you value most about Columbia and why. (300 words or less)Humans are the most intriguing creatures to ever roam Earth: thoughts, emotions, biology and passions drive a majority of our actions. To study the human mind and the body is to study the person. I have always had an interest in the brain; my curiosity stemmed from watching shows like House, which offered in depth explanations of rare cases. These explanations with the accompanying images of the disease and its effect on the body drew me to medicine. The brain, the true powerhouse of the body, lured me to neuroscience. For this reason AP Psychology has become my favorite subject. The unit on neural processing first piqued my interest in psychology as a possible major alongside neuroscience. After studying units on cognition, memory, sensation and perception, and biology I realized the deep passion I had for studying the mind. My original intention was to attend college majoring in a physical science, like biology. However, because I took this class I am now more inclined to major in Neuroscience and Psychology, if possible. Through this journey I developed a fascination for the functions of the body, nervous system, and the mind. How they work together and their effects are what I am interested in studying throughout my college career; to think, it all started when I signed up to take AP Psychology.\u2022 For applicants to Columbia College, please tell us what from your current and past experiences (either academic or personal) attracts you specifically to the field or fields of study that you noted in the Member Questions section. If you are currently undecided, please write about any field or fields in which you may have an interest at this time. (300 words or less)Columbia provides education that goes far from the subjects taught. One of these lessons focuses on humanity and the global world. Columbia's community has interwoven itself with New York City. In this aspect, community service turns into global work once students step into NYC, perhaps the most multicultural city in the United States. Columbia provides students a chance for civic engagement. Volunteering is a chance to provide for others what has already been provided to me. I am specifically interested in 'Community Impact', which has a range of volunteering opportunities spanning from youth programs to emergency services. However, because of my interest in the medical profession I find myself drawn towards 'Health Leads' and the 'Student Health Outreach Program'.What aspect of the Columbia community, outside of the classroom, would you most want to impact and why? (150 words or less)Lights dim leaving the room pitch black, the roar of the crowd starts. We are all forced to give way to the pushing as people fight for the front row view. Before the first note is struck there exists one millisecond of silence where the arena is filled with anticipation as we wait with bated breaths and pounding hearts. The words start flowing out of the artist's mouth: music comes alive. For the next hour and a half nothing exists except the band, the crowd, and myself all united under the music.Music has always been part of my life, from dancing with my mom in the kitchen to attending concerts with friends. Even though I've loved music for so long, it still feels unexplainable to me. Moments when a song's words resonate so clearly, followed by seeing the music come to life through a concert leaves me speechless and overwhelmed. Behind music there is a web of people who work in unison to create what is showed to the world. To understand the music industry, both the good and bad, involves going backstage and recognizing how everything ensues. USC's Music Industry electives offer the opportunity to pursue the backstage world of music.Describe something outside of your intended academic focus about which you are interested in learning.Humans are the most intriguing creatures to ever roam Earth: thoughts, emotions, biology and passions drive a majority of our actions. I am currently looking at pursuing a double major or a major and minor in Neuroscience and Psychology for this reason. The interconnectedness of these two areas of study is evident by the upper division Neuroscience elective-courses and its correlation with the Psychology department. Courses such as: Neuropsychology, Epilepsy to Ecstasy, and Applications of Molecular Biology to Medicine appeal me to my curiosity; these are classes I would prefer to enroll in. Besides the open courses, the Neuroscience Honors program would also be of interest. The program opens doors to Translational research where I would have the possibility of working, with graduate students, towards gaining a better understanding of the mechanisms in the Neurobiology of Diseases. Not only are more research opportunities present, Honors Seminars and a final Thesis project are parts of the program. Eventually, I would like to be part of Nu Rho Psi: the National Honor Society in Neuroscience. While enrolling the Neuroscience and Psychology I would also be working towards fulfilling my medical school requirements; Neuroscience prerequisites fulfill part of the requirements. To study the human mind and the nervous system's functions is to study the person; fulfilling this goal is how I would pursue my academic interests of Neuroscience and Psychology.Describe how you plan to pursue your academic interests at USC. Please feel free to address your first- and second-choice major selections. (250 word limit)Humankind is a community that spans Earth's recent history: an endless timeline. For as long as we have inhabited Earth we have played a role in its destruction to benefit ourselves. We are then left pondering what the limits of humanity are.The Industrial Revolution, oil drilling, and world leaders who refuse to acknowledge the issues faced today are only examples of the power we hold. Aside from the physical affects we leave on Earth, there is also the affect we have on other humans. Our history has been filled with life and death. The Renaissance, the Golden Age of Greece, literature, art, music, humanitarian efforts, etc. have all made a positive impact on the world. On the other hand, there were also events instituted by humans to hurt others. The killing of indigenous people of the Americas, The Holocaust, and the Cambodian Genocide only touch the surface of the pain people have experienced. We are filled with the capability to do good and bad in this world. So, instead of asking what our limits as a part of humanity are, it might be for that question to remain unanswered for our own peace of mind. Prompt: University of Chicago alumna and renowned author\/critic Susan Sontag said, 'The only interesting answers are those that destroy the questions.' We all have heard serious questions, absurd questions, and seriously absurd questions, some of which cannot be answered without obliterating the very question. Destroy a question with your answer.The University of Chicago (UChicago) is renowned for both the academics and community. Personally, I look at college as a chance to expand my knowledge towards previously unsought areas. The general education requirements make this possible by expanding upon topics that students have already been taught. However, the focus shifts to a global world. UChicago encourages students to engage in the world by having study abroad programs fulfill its 'Civilization Studies' requirements. I've always been interested in Greece and its history. With the programs providing Athens as a location, I have the chance to learn about another country while simultaneously being there. UChicago's community is built upon layers within the overall community. The base is built from the close friendships and the housing system, which aims to bring students together. The umbrella consists of the support system found within staff, faculty, and other students. Students themselves aim to host events meant to bring the entire student body together such as 'Summer Breeze' and the famous 'Scavenger Hunt', the largest scavenger hunt in the world. Outside of education and community UChicago looks to prepare students for their futures. In the future, I see myself working towards medical school. The Pritzker School of Medicine is a division of UChicago. Unique to UChicago, majors in the biological sciences have specializations from neuroscience to immunology. UChicago provides the chance for personal and academic growth through its resources, activities, community, and city life. When a student thrives, the university thrives; I am prepared to be that student. Now, UChicago has to take a chance on me.Why UChicago"}]}