{"schema":{"fields":[{"name":"index","type":"integer"},{"name":"personal_essay","type":"string"}],"primaryKey":["index"],"pandas_version":"0.20.0"},"data":[{"index":0,"personal_essay":"I was disappointed when I learned the meaning of my Chinese name. Mygrandfather, a literature professor, crafted it from a Confucian proverbwhich translates into, 'Nothing can be accomplished without norms orstandards'. My mom always spoke of it with pride, as if my Chinese name weresome kind of poetic masterpiece.You would think that a name meticulouslyculled from the annals of ancient wisdom would involve something moreprofound than conventionality, but alas, it does not. I like my American bornEnglish name far more; 'Vivian' means 'liveliness and vitality'; I'd like tolive up to that."},{"index":1,"personal_essay":"I was disappointed when I learned the meaning of my Chinese name. Mygrandfather, a literature professor, crafted it from a Confucian proverbwhich translates into, 'Nothing can be accomplished without norms orstandards'. My mom always spoke of it with pride, as if my Chinese name weresome kind of poetic masterpiece.You would think that a name meticulouslyculled from the annals of ancient wisdom would involve something moreprofound than conventionality, but alas, it does not. I like my American bornEnglish name far more; 'Vivian' means 'liveliness and vitality'; I'd like tolive up to that."}]}