{"schema":{"fields":[{"name":"index","type":"integer"},{"name":"personal_essay","type":"string"}],"primaryKey":["index"],"pandas_version":"0.20.0"},"data":[{"index":0,"personal_essay":"Prompt (from Common App 2016): The lessons we take from failure can be fundamental to later success. Recount an incident or time when you experienced failure. How did it affect you, and what did you learn from the experience?Straight SixesI stood at the front of the near-empty classroom, fidgeting with a folded piece of notebook paper and stammering through my introduction. My palms were sweaty and my knees shook as I dissolved into panic. 'And this leads us to today's question...' I said, struggling to remember the question.Four minutes into my first extemporaneous speech, I finally concluded with a lame '...that's it' after forgetting my third point about Argentinian infrastructure. 'Not bad for a freshman,' my coach, Mr. Hamiel, reassured me afterwards, although something in his voice told me that my public speaking skills still left a lot to be desired.To be honest, I'm not the kind of person you'd expect to join the Speech and Debate team. When I entered high school, I was painfully shy and self-conscious\u2014an introvert who eschewed social interaction in favor of long hours spent writing short stories alone in a corner of the local Starbucks.At the beginning of my freshman year, hoping to overcome my irrational fear of talking to other people, I resolved to sign up for International Extemporaneous Speaking. I didn't quite excel at it. When I began to compete in the fall, I'd leaf through the ballots the judges gave me afterwards and find I was continually given the ranking of '6'\u2014meaning I was the sixth-best speaker in the room. There were usually six speakers to a room. As the months passed by, I became more and more disheartened by my below-average performance in Speech and Debate. I've always been something of a perfectionist, and falling short of my expectations, I thought, was simply not an option. And so I'd go through piles of newspapers, give speeches to my mirror, spend hours going over gestures and voice projection. Despite the January cold, I'd walk to practices twice a week, carrying with me a stack of foreign policy journals two inches high. And yet, no matter how much I knew about the topic, how many articles I cited, or how much I worked on my analysis, I would never get anything more than those straight sixes.In my first three years of extemp, I never garnered so much as seventh place at a tournament, or achieved that elusive ranking of '1.' But, even though I didn't quite meet my expectations, I found myself growing to love Speech and Debate. I reveled in the opportunity it gave me to examine all sides of an issue and convey my own perspective to a group of people. As I became increasingly passionate about the speeches I gave, I became, in turn, more comfortable with talking to others and more self-confident. Years of reading The Economist and Foreign Affairs helped me discover my love for history and politics, while I learned to analyze global issues with a critical, problem-solving eye. As I pursue my dream of becoming a writer, professor, and activist, I hope to use these skills to call attention to some of the most intractable conflicts and injustices that face our world.More than anything, though, I think that my less-than-exceptional performance in Speech and Debate taught me how to embrace failure. Rather than perfection, I now strive for excellence. Rather than avoid failure, I now recognize that in order to truly learn, I have to take risks, and that these risks will naturally lead to defeat every now and then. I know that I'll experience my share of disappointments in the life ahead of me\u2014but when those setbacks come, I'm confident I can handle them with grace, strength, and humor, just as any good extemper would.'Whenever you're ready.'The judge watched me from the other end of the room, waiting to start his stopwatch. I smoothed out my blazer and situated myself in the center, and, after closing my eyes and taking one more deep breath, I began to speak."},{"index":1,"personal_essay":"On the morning I first visited Columbia University, there was a New York Times paper lying by the door of our hotel room. There was an article in it by Columbia Professor Joseph Stiglitz, entitled 'Inequality is not Inevitable', which I read as we ate breakfast. What immediately struck me about Stiglitz's attitude was his willingness to question conventional assumptions, his concern for the marginalized in all parts of the globe, and his readiness to take into account the complexities of the world.In these ways, Professor Stiglitz captures much of what I hope to gain from a Columbia education. I want a learning experience that is both interdisciplinary and global\u2014one that forces me to question widely-held assumptions and challenge my own beliefs in the process.Columbia offers me the opportunity to engage in an intellectual community unlike that of any other university. Both its Core Curriculum and its distinctive seminar-based classes provide me with the chance to open myself to a dialogue between past thinkers, professors, and students. Whether I'm analyzing Dostoevsky in my Literature Humanities class, listening to a speaker for the World Leadership Forum, contributing to the Columbia Review, studying decolonization in Mexico City, working at the Middle East Research Center, or engaging in a discussion of Orientalism with Professor Khalidi and fifteen other students, what I love about Columbia is the way it would allow me to contribute to a worldwide exploration of the most challenging questions of human society.The purpose of education, to me, is not to simplify the world, but rather to expose us to its boundless complexity and ambiguity. I want to attend Columbia because I want to appreciate those aspects of the world that are unexplainable, to explore its unanswered questions. Little by little, I want to open up the universe.Prompt: what attracts you specifically to the field or fields of study that you noted in the Member Questions section? I traced my fingers along the surface of the fabric, feeling its texture. It was my first day at the Dayton International Peace Museum, and I was talking to a refugee from Burundi about the 'Golden Rule' quilt on display in the lobby.As I continued to volunteer at the museum week after week, as I talked to Chinese students and Palestinian peace activists, I began to realize that my work here was closely tied to much of what I'm most passionate about: literature, history, philosophy, politics, writing. What I love about the museum, and what I love about these subjects, is the way they force me to confront human existence head-on, to ask the question: 'what does it mean to live in the world?'Maybe the best way to describe what I want to study in college is not with a collection of academic disciplines, but rather with a single word: empathy. Empathy is what allows me to step outside the sphere of my own experiences and enter the worlds of those who lived centuries ago or on the other side of the globe. It's the reason I write, the reason I hope to someday teach others, the reason I want to learn as much about the world as possible.Empathy brings with it the possibility not only of understanding human society, but also altering it, shaping it anew. Literature, as Richard Wright noted, is a struggle over the nature of reality. I want to take up arms in this struggle, because I believe that re-describing our world gives us the power to change it. I write and study history for the same reasons I volunteer at the Peace Museum: to erase national boundaries and social divisions, to give myself hope, to painstakingly recreate the very fabric of reality."}]}