{"schema":{"fields":[{"name":"index","type":"integer"},{"name":"personal_essay","type":"string"}],"primaryKey":["index"],"pandas_version":"0.20.0"},"data":[{"index":0,"personal_essay":"] It was my turn to approach the microphone and speak. I took one last look at my note card. This time, I didn't read it. This time, I ripped it in half. A leap of faith, this decision terrified me. I now see it as the pivotal moment in defining my character.Up until then, I obeyed this societal notion of sacrificing genuine thoughts for perfection. Being polished meant safety because it let me fit in. I was the student who limited my analysis to what the teacher believed correct or the type of friend who changed their personality to impress others. This was a false sense of being well-liked. In this need to edit myself, in order to become what others thought I should be, I allowed my personality and voice to disappear amongst a crowd. Life was going on, but without me.I was told weeks in advance that I would give a speech, serving as a junior leader, to my church's yearly sophomore retreat. My supervisor went over and edited everything I would be saying. I would then read to the youth what was on paper: basic dogma. That seemed easy enough. Yet, this note card requested words spoken by a person, not words speaking through a person-a person with opinions, faith, honesty, and a way to put it all together. I was this person: a public speaker. I could not let myself be artificial. I took the risk of potentially humiliating myself by exposing my testimony on the chance that it would inspire the group that would rather be elsewhere. On that bold night, when I ripped the paper and stepped up to the microphone, the air was thick and the room was still.Inspiration struck-words became situations, thoughts, and ideas. my testimony became the story of someone who once lived for himself, who spent the night on that retreat the previous year finding beauty in peace and faith, who found caring relationships and a life committed to the people surrounding him, who recently had his faith put to a test in the adversity of a nearly fatal car accident and overcame the distress by spirituality and devotion. It was a representation of my growth, and the potential for all to grow.Aesthetically, it was not a graceful presentation. There were stumbles, pauses, and silence. Yet, as I reached my last line, out of the blinding stage lights, the audience slowly emerged into a standing ovation. The few exposed moments of silence were overcome with applause, encouragement, and hugs. My honesty inspired my peers more than that note card ever could have. At this moment, I knew that my bold choice had been the right one. With the impacts it had on others and the impacts on my leadership style, I would never wish to go back and do it any differently.Conforming to sets of expectations gives order to society and creates a comfort zone; it lessens potential failure. Yet, I choose to live my life exposing who I am, even in an age when everyone quickly judges decisions outside of acceptable schemas. The silence that I thought was filled with judgments no longer silences me. I now welcome this silence with the opportunity to speak again.Against the criticism or mistakes, I am a dynamic force and put my character into everything I participate in. I speak for who I am amongst a silent crowd, in the hopes of impacting them enough to live as I am- out loud.Rather than searching for societal approval, I have approved of myself- without any edits. With the first word spoken into the microphone, the silence was broken. My real voice was finally heard. To my surprise, people were eager to listen. "},{"index":1,"personal_essay":""}]}