{"schema":{"fields":[{"name":"index","type":"integer"},{"name":"personal_essay","type":"string"}],"primaryKey":["index"],"pandas_version":"0.20.0"},"data":[{"index":0,"personal_essay":""},{"index":1,"personal_essay":"Although I was only about eight years old, the moment my brother was sentenced to twenty-five years to life, I realized that I couldn't live in the same cycle that consumed the rest of my family. While it did affect my ability to achieve academically, it wasn't a negative effect. The misfortune that has occurred in my family has only fueled my desire for education....My incarcerated brother realized the gravity of his mistakes and has been my biggest supporter in obtaining a distinguished college education. The rest of my brothers didn't receive the epiphany that I did, continuing a dangerous path of life that can only lead to death or prison. I want to be able to prove to my brothers that the past will not affect life in the future as long as you truly persevere at creating a better fate. "}]}