{"schema":{"fields":[{"name":"index","type":"integer"},{"name":"personal_essay","type":"string"}],"primaryKey":["index"],"pandas_version":"0.20.0"},"data":[{"index":0,"personal_essay":"] It's conceivable that my second grade teacher thought I was a cannibal. Not necessarily due to a habit of gnawing on my classmates' limbs, but because, to my feeble second grade mind, there was no difference between, 'It's time to eat, Mom,' and 'It's time to eat Mom.'My teacher, Mrs. Wolf, was similar in appearance to an aggravated Bride of Chucky. She had a perfect upside-down U for a mouth and smelled like a combination of cigarettes, Chanel No. 5, and cherry cough drops. Sheer terror of this woman prohibited me from any form of confrontation regarding my lack of comprehension of the English language. Unfortunately, this meant I had to write a full composition notebook's page worth of material without any actual understanding of speling, grammars, or punctuation;The first of a plethora of issues was my inability to spell. It is very possible that the only word spelled correctly on the assignment was my last name (I hadn't developed a nickname yet so I was still trying to write out the full ten letters of my legal name\u2014quite poorly, I might add).But I was thrilled to gush about this chapter book that I had read over the summer. Naturally, I began to delve into the absolutely fascinating tale of the gnomatic tribe that used bonearrows to hunt buphalows.Such was my 8-year-old literary epiphany. I had just discovered that some combinations of letters made different sounds altogether, and that letters could indeed be sneaky enough to be silent. I applied this logic to everything.Next was the issue of proper punctuation. The previous year, when we had to read out loud in class, we were all taught to take a breath at the end of a sentence. I made the assumption that this little trick went both ways. So, whenever I took pen in hand, I was supposed to read it out loud as I.   Wrote it and when I ran out of breath, I had to put a period there to mark the spot for the.   People reading the sentence so that they would know that they were allowed to breathe at that point in the.   Story.This logic also made it really fun to write extremely lengthy sentences because, if I waited an excessively long time to put a period in, there was the potential that whoever had the pleasure of reading my prose would have to wait an absurd amount of time to pause for a breath, increasing the chance of having someone faint in school.That was the dream.Unfortunately that dream was never realized because the 'take a breath' grammar mentality wasn't one to which Mrs. Wolf subscribed. She mercilessly marked up my page with angry slashes and inserted commentary questioning my mental stability.Mrs. Wolf's incendiary mark-ups became my personal Everest, exhorting me to sublime heights of elementary grammatical achievement. I could have submitted a paper comprised of youthfully earnest three-word sentences, meriting the much-coveted smiley face sticker. But, like a sherpa, I was drawn to loftier summits\u2013\u2013despite grades that occasionally left me with altitude sickness. The trek has been spectacular. Yes there have been setbacks; some forgivable (e.g., third-grade phonetic spelling of 'sure' pronounced by my Texan teacher as 'shooure'), and others less so (e.g., attributing 'Be the change you want to see in the world' to Eleanor Roosevelt rather than Mahatma Gandhi). A decade later, the occasional adolescent literary bungle no longer grates\u2013\u2013it merely reminds me to take a breath, even if I'm in the middle of a sentence. "},{"index":1,"personal_essay":"Categorically, I'm an indecisive person (e.g., I bounced back and forth between the current sentence structure and 'I am, categorically, an indecisive person' for a solid four minutes). However, I'm also exceptionally stubborn. Meaning, on the rare occasion that I do come to a decision, it is not only set in stone, but it is weather-proofed and digitized for all ages to enjoy for eternity. I feel that a Philosophy, Politics and Economics (PPE) major with a minor in Consumer Psychology at the College of Arts and Sciences will provide just the right cocktail to suit my intellectual passions without inflaming my inconvenient personality traits. At my current stage of life-decision-making-before-I'm-trusted-with-a-rental-car, all evidence points to ending up in the business world. Yet, there's something so alluring about a liberal arts education that I couldn't possibly give it up in pursuit of a quick route to the job market via a business-centric undergrad school.I like to think of myself as a very well-rounded student and, therefore, I seek a curriculum equally as broad. Within the College of Arts and Sciences, I found four majors that incorporate three separate areas of study: 1. Gender, Sexuality and Women's Studies; 2. Logic, Information and Computation; 3. Science, Technology and Sociology; and, 4. PPE.Gender, Sexuality and Women's Studies was ruled out due to the fact that I have accepted the great philosopher Mulan's view that men are as mysterious as the dark side of the moon. Logic, Information and Computation couldn't possibly work out because I have relationship issues with my computer. Science, Technology and Sociology was crossed off the list for the same reason\u2014if technology were a garden, I would have the equivalent of a black thumb. Consequently, PPE stands alone as the tripartite major that does not require a restrictive decision at the start of my collegiate career. Although it was decided upon through the process of elimination, I do have concrete reasons as to why I would like to study philosophy, politics, and economics.  Philosophy is the basis of civilization, and, despite compelling evidence to the contrary, I am civilized. Ideas are the cornerstones of any actions committed by humans, and I can see a perceived benefit in analyzing said actions; that, and I really would like to find out if the egg was the predecessor to the chicken.There really is no way of escaping politics, especially in the countdown to Election Day. However, my fascination runs deeper, stemming from my roots in Minnesota. I simply must solve the tremendous mystery as to how the educated and, ostensibly, informed people in the Land of 10,000 Lakes could have elected Jesse Ventura, Michelle Bachman, and Al Franken\u2014all within my lifetime.Economics explains how resources are allocated so that goods and services are produced, wants and needs are met, and society thrives. As such, it is eminently practical and I, being eminently impractical, view it as a bit of a self-help course. Regarding the minor in Consumer Psychology, I was drawn to it from the start by its compound nature. 'Consumer' implies some study of business, while 'Psychology' delves into the human mind. Consumption drives two-thirds of our nation's economy; ergo, learning how to manipulate the minds of consumers could leave me with some very promising prospects. While my own consumption patterns are mostly unremarkable, I've been known to display abnormal psychology at peak shopping moments such as Black Friday, or any time I walk down the dollar aisle at Target. While I maintain that I am awful at making decisions, I conclude that this three-part major and two-part minor represent the best course of study for someone who abhors narrow decisions and is willing to wage battle over the ages to uphold her right to pursue a thread of logic barely visible to the outside world."}]}