{"schema":{"fields":[{"name":"index","type":"integer"},{"name":"personal_essay","type":"string"}],"primaryKey":["index"],"pandas_version":"0.20.0"},"data":[{"index":0,"personal_essay":""},{"index":1,"personal_essay":"Tell us about a personal quality, talent, accomplishment, contribution or experience that is important to you. What about this quality or accomplishment makes you proud, and how does it relate to the person you are?   Everything was finally coming together. I had amazing friends and amazing grades. My perfect junior year suddenly turned into a not so perfect year when I was diagnosed with clinical depression. As many others do, I nor my family took my strange mood swings and lack of motivation seriously. I was told that all these symptoms I experienced over the years were signs of depression. I was immediately put on medication. Conquering depression, at such a young age, has taught me to construct my own path through life and has provided me with the credence and inspiration to reach my goals. My depression has been my biggest challenge and accomplishment I have overcame. It was grueling and, in some ways, the most humiliating chapter in my life, especially as a teenager. But now, i have realized, it has been academically and socially helpful by lifting me out the darkest period of my life, it has developed me into a critical thinker. Battling with depression has given me tools I can use in life. I am truly proud of this experience and the way it has shaped me into a stronger person. What was once a negative state of being, now has turned into a positive life lesson I can prosper from. I am using this journey to fullfil my passion to help others. "}]}