{"schema":{"fields":[{"name":"index","type":"integer"},{"name":"personal_essay","type":"string"}],"primaryKey":["index"],"pandas_version":"0.20.0"},"data":[{"index":0,"personal_essay":"] My feet strike the ground with the familiar sound of a metronome keeping time. My chest expands and contracts as I breathe in the cool morning air. I smell the comforting scent of pines as the green trees rush by the path, reminding me of my favorite camping trips deep in the heart of a forest. While running, the human body functions like a machine, a complex network of levers and pulleys. The fact that I live in a machine that can climb mountains, make beautiful music, and run marathons amazes me. There is a beauty in pushing my physical abilities to their limits, and it is this very unique beauty that motivates me to run marathons. I understand, however, that no matter how much I train, no matter how well I think I am prepared, running a marathon will never be easy. Rarely in my life have I so wanted to lie on the ground, curl into a ball, and quit as much as I wanted to after reaching mile twenty of my first marathon. Some people may not understand why I put myself through this, why I would go through so much strain for little tangible reward. Though the work required is daunting, the inspiration I have derived from my mom has helped me overcome obstacles I previously believed to be insurmountable. Three years ago, my mom decided to earn an Associate's degree while working from home. A year into earning her degree, she was diagnosed with brain cancer. This new obstacle meant she would have to endure surgery, having a portion of the affected brain tissue removed. Shortly after the surgery, many sensory functions of her brain were impaired. The presence of multiple sources of audio and visual input became too overwhelming to bear, and speech functions occasionally disappeared altogether. After time, these basic abilities were restored through hard work and many moments of difficulty. Even with the unfortunate circumstances, my mother continued to work while pursuing her degree, despite moving at a much slower pace. After making steady progress through her coursework, she completed her degree in the spring of 2015, successfully finishing something many would have considered unachievable.  Being with my mother as she strained to study her materials, her brain actively relearning how to store and access information, including basic vocabulary and reactions to sensory inputs, made the many hardships she was facing apparent. In many ways, her brain was being forced to run a marathon on a daily basis. Humanity's ability to overcome hardships, a body running over twenty miles, or a brain functioning, learning, and developing after having a portion removed, is more amazing to me than nearly anything else I have witnessed in this world. Because of these experiences, I realized that this beauty is very deliberately achieved through hard work, and is more striking than anything produced through passivity. Even though the completion of my marathon is, thus far, the most difficult achievement I have attained, I will not be deterred from finishing many more in my future. From an outside perspective, it is difficult to grasp why anyone would choose to run a marathon, the same way it is hard to understand why I would stay up late writing code I would never be tested on, spend my summer days studying advanced mathematics, or hope to pursue a life of studying and learning as an engineer. The key to understanding lies in the beauty of the human body achieving astounding things. Engineers developing artificial organs, physicists studying the makeup of subatomic particles, and astronauts landing on the moon all amaze me beyond words, and it is because of this that I want to study mechanical engineering. I understand, through experience, that such astounding achievements come through struggle rather than passive behavior. It is this understanding that allows me to persevere towards the finish line, for my mother's example has proven to me that the impossible does not always have to remain unattainable. "},{"index":1,"personal_essay":"Sweet potato pie, dry turkey, and bright fluorescent lights became my family's reality Thanksgiving of 2013. Rather than being drawn in by the cuisine or the ambiance, we were at a hospital in San Francisco that week for my mom's surgery on her recently discovered brain tumor. Emotional strain aside, I now look back on that week with some fondness, realizing that these experiences would become essential to developing the goals I pursue most passionately today. While attending appointments and meetings with my mom, I was exposed to many amazing pieces of equipment, and I was in awe. Magnets, the most magical objects of my childhood, were used to take pictures of brains. Electrical pulses were used in surgery to stimulate specific sections of the brain, identifying those areas which were vital and those which could be removed. Already interested in engineering, I realized that Biomechanical Engineering is where I belong. During my hours at the hospital, I noticed the large influence improvements in medical equipment have on patients and their families. This became especially apparent upon learning that only eighty percent of my mother's brain tumor was removed, and that the likelihood of future complications would be high. Biomechanical Engineering, due to this experience, became the subject I hope to pursue most passionately in college. Though tragic, this situation initiated my desire to achieve those goals which are now so meaningful to me, and I would not give that up for the best Thanksgiving meal in the world.My name is Tannar, and I cannot touch my tongue to my nose. I'll start out by giving you the candid details about my eighteen years upon this wonderful spaceship called Earth. Most notably, I'm known to be a ruthless player of board games (Settlers of Catan in particular), I enjoy exploring the great outdoors, I love Christopher Nolan films (Interstellar, Inception, etc), and one of my most exciting adventures took place on a fog cloaked Mount Thielsen. I also like to play a variety of music on my cello and violin, ranging from Mozart to Miley Cyrus. When the winter season rolls in, my friends and I have a tradition of spreading Christmas cheer by caroling through local neighborhoods. Don't misunderstand, none of us are gifted singers, but we have a great time creating something close enough to music. If you so please, I would love to go caroling with you anytime this year.  This fall, I started playing water polo. My lack of competitive swimming experience made the sport difficult, but that's part of why I liked it. It's for this reason that I believe my tongue's inability to reach my nose is integral to who I am. When faced with a challenging task, I choose to work hard in order to make progress towards a goal, because I understand that difficulties often lead to growth. I, therefore, continue to pursue this goal, among others, in order to avoid wasting my limited time on this wonderful spaceship. \u2028After nervously stepping off the plane and onto a new, yet very old world, I was immersed in an entirely foreign and beautiful culture, China. Shortly after settling into my room, I found a small park across the street, consisting of two basketball courts and ten or more ping pong tables. Noticing the large crowd gathered there, I decided it was time to put my rudimentary language, and ping pong skills, to the test.   Rising early, I went to the park to join the morning crowd playing ping pong. During these games, I spoke with many new people, learning more about them while participating in an authentic part of their lives. Rather than being sidetracked by the beauty of the tourist attractions, I was integrated into a part of their lives that would be present with or without tourism. I consider this part of my trip the most valuable. Despite seeing many culturally significant wonders (including the Forbidden City, and the Great Wall), my most valuable experience included a cheap paddle and a run-down ping pong table. After this experience, I realized the value of an open mind. Had I not explored outside of the regular landmarks, I never would have experienced the most culturally authentic part of the trip. Because of this, I greatly value leaving the beaten path; whether it be trying new foods, exploring different places, or considering new beliefs, open mindedness leads to more development than conforming to what is expected."}]}