{"schema":{"fields":[{"name":"index","type":"integer"},{"name":"personal_essay","type":"string"}],"primaryKey":["index"],"pandas_version":"0.20.0"},"data":[{"index":0,"personal_essay":"] My left hand flips the well-worn page of a tattered score while my right hand sways in four-four time. A cursory glance reveals a crescendo for the trumpet section. Signaling the imaginary orchestra, my left hand sweeps out in a wide arc to indicate the change in dynamics. A hasty scribble in the receding white space of the score marks the trumpet passage for further examination later. This marathon of a piece finally transitions into a full-on sprint as the invisible musicians and I near the end in an explosion of energy and sound. With the definitive blast of cannons, the piece comes crashing to a close. Pausing for a moment, I read through the notes written in the margins of the score, then smile and place it back on its spot on my bookshelf.Seven years ago at my elementary school graduation, I received a copy of Tchaikovsky's 1812 Overture from my choir teacher. At the time it seemed an odd gift choice, especially to an 11 year-old who struggled through single line treble music. It was a gift that took time and maturity to fully appreciate. Thus it sat, gathering dust, on my bookshelf until the summer of 8th grade. I had just gotten home, dusty and disappointed, from a baseball game. Looking for something to distract me from the loss, my eyes fell upon the score that had sat, undisturbed, for years. I cracked the spine, popped in the accompanying CD, and sprawled across my chair. As pizzicato strings softly outlined the initial melody, I was drawn further into the beauty of the piece with each pluck. Fluttering along the little trails blazed by the violins or mucking in the lower registers with the contrabasses, I was amazed by how many feelings a composer could convey solely through sound. As the screaming brass, wailing strings, and, finally, the discharge of cannons signaled the end, goosebumps ran up and down my arms. I had listened to plenty of music before, but nothing had spoken to me as viscerally as this piece. I sat in silence for a moment to grasp what had happened before carefully summarizing my feelings amongst the final stanzas.In the following weeks, I returned to the score and surrendered myself to its power whenever I was feeling stressed or sad. Those weeks turned into months and those months into years. As I began to progress musically, I started to make performance notes in the score: add a crescendo there; make those notes staccato; tell the bassoonist to bring out the lower notes to complete the chord. Sometimes a section of the piece would perfectly capture the emotions I was feeling in the moment and I would make a detailed note. Over time the margins filled up with notes on score interpretation, emotions, and memories.Dusting off the old score sparked a keen interest in music in me. From Tchaikovsky, I discovered Liszt. He introduced Rimsky-Korsakov, who led to Chopin, Bach, and many others. When listening wasn't enough, I graduated to conducting in my room. I imagined an orchestra following my every baton flick and tempo change, which, occasionally, garnered confused looks from my family. I eventually built up confidence in my abilities, and endeavoured to bring my conducting to the stage. With great excitement, I secured a slot in the Upper School spring concert. When the time came for my ensemble to perform, I was euphoric. I tapped my baton on the podium and suddenly the hours spent conducting in my room came to fruition. Standing in front of a group of musicians and sharing the intricacies of each piece I worked so hard to perfect, I was brought back to my first encounter with Tchaikovsky. My hands swayed in four-four time, the timpanis rumbled furiously, and I was awash in the same organic joy that was first heralded by the blast of cannons.  "},{"index":1,"personal_essay":"'Grades don't matter,' my freshman biology teacher said, 'What matters is actually learning the material, rather than the grade you receive'. More than just mitochondria and chloroplasts, freshman biology taught me to learn in the pursuit of knowledge. At Brown, I see this pursuit of knowledge personified. The open curriculum and unconventional grading system foster a student body that is thirsty for knowledge and has a genuine interest in their pursuits. Why Brown? I want to go to college at a place where everyone is passionate to learn, not only for grades, but out of a love of the subject.Why are you drawn to the area(s) of study you indicated earlier in this application? If you are 'undecided' or not sure which Brown concentrations match your interests, consider describing more generally the academic topics or modes of thought that engage you currently. (150 word limit)I like to eat grapefruits with string cheese. It's an odd combination, but the sweetness of the grapefruits mixed with the savory string cheese is immensely satisfying. Similarly, biochemistry and music, while not a traditional pairing, complement each other and satiate my intellectual hunger. I find it absolutely captivating how chemical interactions on a molecular scale can cascade into an entire functioning organism; how nature, with a cookbook of 98 naturally occurring elements and their isotopes, can create so many various forms of life. Biochemistry interests me because it provides a method to explore each of these recipes in depth. Music is my string cheese - the savory to balance out the sweet. When I need something less structured than school, it's always there to help me relax. Unlike biochemistry, there are no absolutes. It's a way to express my deepest feelings, uncluttered with the syntax and grammar abound in academia.Tell us where you have lived - and for how long - since you were born; whether you've always lived in the same place, or perhaps in a variety of places. (100 word limit)I was born in Newtown Square: an average sized suburb of Philadelphia. It's a place where everyone suffered through cotillion, wears North Face religiously, and probably belongs to a local golf club. One might describe its populous as homogeneous. I find it boring. A bastion of identical houses with manicured lawns, its homogeneity persists in stark contrast to everywhere else. Growing up there didn't impart a diverse cultural experience; however, it did develop a desire to discover cultures unlike my own. In pursuit of that diversity, I've homestayed in South Africa and China, which only helped to further this yearning.We all exist within communities or groups of various sizes, origins, and purposes; pick one and tell us why it is important to you, and how it has shaped you. (100 word limit)A jubilant prayer erupts from the musical cast, offered up to St. Genesius, patron saint of thieves and actors. It's a tradition that's been passed down each year and now, as a theater board member, I've been tasked with leading it. As a freshman, I never imagined myself in front of the cast reciting a monologue full of self-deprecating slapstick and an unexpected pratfall. But here I am, all thanks to this supportive community of thespians. Theater was the first place where I felt I could express myself fully. Without them, I wouldn't be the colorful individual I am today."}]}