{"schema":{"fields":[{"name":"index","type":"integer"},{"name":"personal_essay","type":"string"}],"primaryKey":["index"],"pandas_version":"0.20.0"},"data":[{"index":0,"personal_essay":"'Twelve one-hundred freestyle on a one-minute thirty interval!' shouts my coach.I frantically swim to the back of Lane 1. I watch as everyone lines up before me, leaving me disappointedly and embarrassingly last in the lane. I'll admit it\u2014that first day of practice, I quit multiple times. As everyone else continued swimming, I leaned against the pool wall, attempting to catch my breath. And for that, my coach, Eric, gave me some tough love.'Unless I see you black out, there's no excuse for you to stop swimming.'The comfort of my mother's arms weren't enough to stop my five-year-old self from bursting into tears at the sight of Geddes Pond in Michigan. I trembled with gut-wrenching fear of drowning in it.At age ten, my blood-curdling scream rippled through Hershey Park as the Wild Mouse rollercoaster swerved around the sharp corner. I cried for the ride to stop, screaming louder at each brusque turn as nausea overcame me.And at the age of 14, I squealed at the sight of a millipede briskly running across the bathroom floor just inches away from my bare foot. I dashed out, desperately calling out to my dad.Everyone consistently experiences fear in their life, in their own way. I happen to experience fear a little more, but every day, I want to experience it a little less."},{"index":1,"personal_essay":""}]}