{"schema":{"fields":[{"name":"index","type":"integer"},{"name":"personal_essay","type":"string"}],"primaryKey":["index"],"pandas_version":"0.20.0"},"data":[{"index":0,"personal_essay":"I wrote about feeling out of place growing up in an Asian-American family. I was a seasoned quitter, defying most things my parents wanted me to do and instead pursuing what I knew I loved.My parents began to send me to piano lessons at a very young age. Although I loved music, playing piano formally quickly descended into a competition in which a genuine appreciation for the music itself was lost. Much to my parents' dismay, I quit piano lessons. Instead, I taught myself to play songs I liked on the guitar and also began to develop an interest in digital media (graphic design, filmmaking, etc). The last summer of high school, I played guitar and sang with my friends in front of an audience of a thousand people. And that's when I felt I belonged."},{"index":1,"personal_essay":"Prompt: Johns Hopkins University was founded in 1876 on a spirit of exploration and discovery. As a result, students can pursue a multidimensional undergraduate experience both in and outside of the classroom. Given the opportunities at Hopkins, please discuss your current interests (academic, extracurricular, personal passions, summer experiences, etc.) and how you will build upon them here. (300-500 Word limit)\/\/Eight-year-old me smiled back from the screen in my first-ever vlog. 'Behold, my math homework!' I held my worksheet awkwardly close to the camera and made crazy facial expressions.Growing up, I was always fascinated by the creative power of technology. While hogging the family Mac in third grade, I discovered that using VFX, I could transform my friends into wizards, zapping 'lightning bolts' across the living room. I picked up digital design and basic HTML while building my Percy Jackson fan-site. With the help of Garageband's applause sound effects, my covers of Broadway songs became audience favorites.Although my interests have always revolved around technology, I never expected to fall in love with computer science. For years, I never looked into it. Yet, the summer before tenth grade, I took a cryptology course at CTY. While discussing the Enigma machine, my classmates brought up Alan Turing's ideas about artificial intelligence. Could machines actually learn? I was stunned.What amazes me most about computer science is that it applies the same logic and interdisciplinary thinking I've always enjoyed to tackle problems, both large and small, present in the world today. Machine learning is helping to interpret American Sign Language, improve public transportation, and unravel the evolution of cancer. At hackathons, I've built apps to guide musicians through learning new songs, simulate a world without light pollution, and help students stay awake during their dreaded all-nighters. Since I first learned about Alan Turing at CTY, I've also been curious about artificial intelligence: how do computers learn, make accurate predictions, and 'see' the way humans do?At Hopkins, there are endless opportunities to pursue my passion for computer science, music, and design. With the open curriculum, I can investigate algorithms for machine learning\u2014and, in the same day, create artwork to visualize music. I'm eager to collaborate on impactful software at HopHacks, and then bring my love for building projects to the Digital Media Center: I'll explore algorithmic composition in the audio studio, tinker with Arduino kits in the Makerspace, and then cross Charles Street just in time to audition for the Vocal Chords.I fell in love with engineering for its ability to impact the lives of other people\u2014and Hopkins students are dedicated to creating change. With Key Club, I've used technology to help typhoon victims in the Philippines find medical attention and protect newborns from maternal and neonatal tetanus; I'm excited to start the next stage in my K- Family journey by joining Hopkins Circle K. By taking the Leading Social Change course during Intersession, I'll develop skills in social entrepreneurship, and with Hopkins Engineers Without Borders, I'll work hands-on to solve real challenges faced by nations around the world. I hope to join Hopkins students in combining engineering and leadership to make a global impact.From interdisciplinary learning, Makerspaces, and acapella to serving communities around the globe, there are so many opportunities I'm eager to experience at Hopkins.Prompt: Describe the unique qualities that attract you to the specific undergraduate College or School (including preferred admission and dual degree programs) to which you are applying at the University of Michigan. How would that curriculum support your interests? (Required for all applicants. 500 words maximum)\/\/At its core, engineering is not only mastering the concepts behind what we create, but also understanding our creations in the context of the world around us. Michigan Engineering and the University of Michigan embrace that more than anywhere else by emphasizing the intersection of engineering, design, teamwork, entrepreneurship, and innovation.I am amazed that right away, first-year Michigan Engineering students engage in team projects in Engineering 100. I'm excited by the idea of being able to experience every step from the beginning to the final stages of a full project, and to directly apply what I learned in order to make that happen. One that really stood out to me was Gaming for the Greater Good. After learning game design and event-driven programming, I'd be able to develop a working game, one that has the ability to make a child smile.In the Multidisciplinary Design Program, I would have the real-world engineering experience of working with a diverse team of students, and combining our strengths and talents together to approach a design challenge. At previous hackathons, I've worked with students interested in music, hardware, and design. Together, we've built products that help students stay awake during all-nighters and compose 'empathetic' music based on sentiment of the user's text. I'm eager to get involved with MHacks, Michigan's student hackathon because it unites designers and 'hackers' from around the globe for a weekend of innovation, collaboration, and bringing creative product ideas to life. Engineering 100, MDP, and MHacks encapsulate Michigan Engineering's emphasis on experiencing the design and teamwork that go into creating engineering projects, and how those engineering projects affect the community around us.By studying computer science at Michigan Engineering, I would develop not only a strong understanding of data structures, algorithms, and systems - with the multitude of resources available, including internships and learning about entrepreneurship and startups, I would gain greater knowledge and the confidence I need to navigate the world of business and technology.In addition to the exciting opportunities at Michigan Engineering, Michigan Learning Communities build strong connections between students with similar interests; I'm especially eager to meet students in the Women in Science and Engineering Residence Program. In my school's AP Computer Science class, there are four girls in a class of 28. Joining WISE RP would be an experience like no other.Overall, Michigan Engineering and the University of Michigan support my love for hands-on learning, collaboration, community, and the process of bringing projects from a simple idea to a finished product. Michigan Engineering's integrated perspective on engineering will shape me not only as an aspiring software engineer, but also as a leader in my community.Prompt \/\/Sunday mornings are for me and my guitar. The day I discovered that four mere chords could form a gazillion songs, I snatched a cozy spot on the bathroom floor, taught myself to play, and listened to my voice and strumming echo off the pink-tiled walls. In ninth grade, I found the courage to take my guitar out of the bathroom and onto the stage - I began by performing in the talent show at my town's Chinese New Year festival, then at summer camp, and finally in front of a thousand people this past summer in Indianapolis.- Don't procrastinate! I ended up writing several of my essays over winter break. Trust me, you don't want to do that.- Don't be afraid to repeat examples and\/or specific phrasing across essays. Doing so will save you lots of time, and essays sent to one school surely won't be sent to another (other than the Common App essay, of course!)"}]}