{"schema":{"fields":[{"name":"index","type":"integer"},{"name":"personal_essay","type":"string"}],"primaryKey":["index"],"pandas_version":"0.20.0"},"data":[{"index":0,"personal_essay":"The moon is Lady Chang E's home, the white rabbit's den, and the huntsman's abode. In Chinese culture, the moon is a source of endless inspiration for legends and myths. Not one of them true, of course, but they nevertheless offer reasons behind the mystical appearances of things. I grew up in household and culture inundated with those little things. Everything I saw and learned about had a reason, an explanation, or a myth. We eat long noodles on birthdays because a never-ending choke hazard of a noodle will hopefully mean a similar long and never-ending life. We eat dumplings on New Year's because they're shaped like golden money: a definite catalyst for impending richness in the upcoming year. And we sweep out the house with the coming of Spring because bad luck will always cower from Windex-sprayed windows.That, and a thousand little gestures have governed my life since I was born, but not just the Chinese ones of course. With a researcher for a father and a teacher for a grandmother, every time I asked a question, you could bet that I was definitely getting a reason and then some back.At five years old: 'Dad, why are leaves green?' Dad: 'Well, you see, there's chlorophyll in the molecules of the leaves that absorb sunlight to give the plants energy to grow. The reason they're green though, is because they reflect that wavelength of light back. You understand?'Me: 'Yeah...but why is there chlorophyll? Why do they absorb sunlight? Why green???'Dad: 'Well...'At nine years old: 'Grandma, why doesn't this building have a fourth floor?Grandma: 'In the Chinese language, the word 'four' sounds just like the word 'death.' To prevent bad luck, they'll often skip the fourth floor to keep death away from the building.'And so on and so forth.My childhood was governed by a curious mixture of elaborate scientific explanations sprinkled with tidbits of Chinese mysticism. Growing up, I never viewed the world as a surface. I always wanted to explore the underpinnings of it - and never in an instance was I discouraged. Of all of the things I've learned from my family, the most important is that there is always more to learn. Sure, at the age of seventeen I can explain why birds are able to fly and how fish are able to breathe, but that's only brushing the surface of the world around us. To learn something is not to memorize a bulleted fact in a textbook. Rather, it's understanding the entirety - the big questions of why and how. Why do rats have lessened withdrawal from methamphetamine? I spent a summer figuring that out. How is an interview process created and facilitated? I've spent two years finding that out. Why do I want to study science? To become a physician? A researcher? It's simple: I've yet to discover that reason. And even when I'm looking, the lady will always be on the moon.The moon is Lady Chang E's home, the white rabbit's den, and the huntsman's abode. In Chinese culture, the moon is a source of endless inspiration for legends and myths. Not one of them true, of course, but they nevertheless offer reasons behind the mystical appearances of things. I grew up in household and culture inundated with those little things. Everything I saw and learned about had a reason, an explanation, or a myth. We eat long noodles on birthdays because a never-ending choke hazard of a noodle will hopefully mean a similar long and never-ending life. We eat dumplings on New Year's because they're shaped like golden money: a definite catalyst for impending richness in the upcoming year. And we sweep out the house with the coming of Spring because bad luck will always cower from Windex-sprayed windows.That, and a thousand little gestures have governed my life since I was born, but not just the Chinese ones of course. With a researcher for a father and a teacher for a grandmother, every time I asked a question, you could bet that I was definitely getting a reason and then some back.At five years old: 'Dad, why are leaves green?' Dad: 'Well, you see, there's chlorophyll in the molecules of the leaves that absorb sunlight to give the plants energy to grow. The reason they're green though, is because they reflect that wavelength of light back. You understand?'Me: 'Yeah...but why is there chlorophyll? Why do they absorb sunlight? Why green???'Dad: 'Well...'At nine years old: 'Grandma, why doesn't this building have a fourth floor?Grandma: 'In the Chinese language, the word 'four' sounds just like the word 'death.' To prevent bad luck, they'll often skip the fourth floor to keep death away from the building.'And so on and so forth.My childhood was governed by a curious mixture of elaborate scientific explanations sprinkled with tidbits of Chinese mysticism. Growing up, I never viewed the world as a surface. I always wanted to explore the underpinnings of it - and never in an instance was I discouraged. Of all of the things I've learned from my family, the most important is that there is always more to learn. Sure, at the age of seventeen I can explain why birds are able to fly and how fish are able to breathe, but that's only brushing the surface of the world around us. To learn something is not to memorize a bulleted fact in a textbook. Rather, it's understanding the entirety - the big questions of why and how. Why do rats have lessened withdrawal from methamphetamine? I spent a summer figuring that out. How is an interview process created and facilitated? I've spent two years finding that out. Why do I want to study science? To become a physician? A researcher? It's simple: I've yet to discover that reason. And even when I'm looking, the lady will always be on the moon."},{"index":1,"personal_essay":"According to Newton's third law, for every action there is an equal and opposite reaction. While this could be taken literally, as Newton's titles of astronomer, physicist, scientist, and mathematician might encourage, I choose to take this figuratively, perhaps as a product of knowing that Newton also moonlighted as a philosopher. With that established, instead of an action evoking a reaction, let's talk about thoughts. Assuming that a thought has some substance, material or otherwise, it must also have a vector, both a magnitude and direction. As such, if my own thought is expressed with a vector, then the other student in the room has no choice but to reciprocate in  the same manner. To optimize this reaction, as in to cause the greatest change in momentum, would be for them to have an equal and opposite thought.  If I could choose one person in the world to be the other student in the class, I would choose my exact opposite. Someone who I could disagree with so fundamentally that simply hearing their reasoning and perspective would allow me to learn from them. Someone whose arguments and words could make me storm back to my dorm and write a ten-page response (substantiated by logical reasoning and evidence, of course). Someone so different from myself that the forces between us would never decrease in magnitude. And, keeping in mind that I am a fundamental scientist in strict contrast with a Fundamentalist, Williams Jennings Bryan, let's have at it.When I was younger, I never was one for weights. The idea of lifting 10 lb blocks of metal to bulk up never seemed to have the appeal of a rigorous swim. With that in mind, when I failed to get stronger from cardio exercises, I had only one thing in mind: to swim harder. Little did I know, it was the resistance that the weights provided that was necessary for me to strengthen myself. My heart condition known as Long QT Heart Syndrome, which prevents me from doing rigorous cardio, was perhaps that resistance that helped me find my way for the future. When I was diagnosed in sixth grade, I had the cardio mindset. I couldn't avoid the reality of my diagnosis, so I allowed it to consume my everyday thoughts; I dwelled on the fact that I would no longer be able to participate in my swim team. However, after an intense conversation with my doctor about comparing quality of life with quality of living,  I decided to turn these thoughts in a healthier direction. Rather than concentrating on physical limitations, I saw it as an opportunity to sharpen my mind even more. Although I had always been an avid student of science, I saw my condition as incentive to explore in-depth the facets of biology and health care that I had previously brushed over. With that in mind, I began down a path that eventually led to my career choice: a physician. From joining scientific clubs on campus to interning in a research lab, my heart condition became the catalyst for what might have been a delayed reaction for many years - the product being a passion for science and a desire to cure others with the unique understanding of someone who's been through the same struggle."}]}