{"schema":{"fields":[{"name":"index","type":"integer"},{"name":"personal_essay","type":"string"}],"primaryKey":["index"],"pandas_version":"0.20.0"},"data":[{"index":0,"personal_essay":"A sea of fuchsia-stained nuclei appeared in my field of vision. The neurons in the spider's brain were like pomegranate seeds, thousands squished into each of the brain's lobes. Layers upon layers, a beaded sculpture made from cells with neural connections twining them together. How many neurons could there be? And if such a small creature possessed so many neurons, what about humans? I tried to scale up my mental sculpture to match, but I failed to conjure up the billions of pomegranate seeds needed.I was in a lab at St. Michael's College in Vermont examining the impact of overstimulation on the neural connections of the C. salei spider. Spiders that experienced overstimulation showed signs of neurodegeneration, as if the pomegranate seeds in the spiders' brains had rotted. This phenomenon may play a role in the development of human diseases like Alzheimer's or multiple sclerosis. I was fascinated by this similarity between spider and human brains\u2014it amazed me that research on one species could teach us so much about another.Yet, I couldn't stop thinking about how similar two human brains could be\u2014specifically, my twin brother's and my own.Our alikeness has manifested itself in every possible way, from our looks to our thoughtful, compassionate personalities. Our biggest similarity is our love of classical music. While Bach, Haydn, and Mendelssohn make our peers yawn, dopamine and serotonin flood our brains when we dive into the intricacies of the music. But as I entered high school, I grew tired of having a near clone. We were always 'the Wu's,' mutually reinforcing parts of a larger whole. Hoping to find a niche only I could occupy, I turned to cross country and Nordic skiing, but Henry's presence still haunted me. In races, cheers of 'Go Henry!' would ring out from parents and friends, commonly followed by alarmed whispers of 'Oh wait, was that Nathan?!' Even when I thought I had finally found a passion that was purely my own in the form of biological research, Henry promptly got involved as well, helping out in the very same lab.Yet, one day, while performing Brahms's 'Sonatensatz' together at an honors recital, something amazing happened. We took our spots\u2014Henry at the piano, me in front of him, violin in hand. After a restless introduction, we broke out into the energetic first theme, matching each other's driving triplet rhythms note for note. I had tried so hard to find paths that took me in a different direction from Henry, yet here I was, right in step with him. As we moved together with the gentle swells of the trio section, my mind drifted to my spider research. I imagined pomegranate seeds sending shoots out to touch other seeds, spurred on by our soaring melody. Suddenly, I realized it didn't matter that spider and human brains\u2014or even twins' brains\u2014behave in the same way. The whole point was to examine how external effects cause the brain to develop differently. Variations and similarities are not inborn but develop through experience, so no two brains are exactly alike\u2014not even those of twins. A year after my research at St. Michael's and ten months after our recital, I have come to terms with the fact that I did not need to be so worried about being too similar to Henry all these years. Our differentiation from each other was inevitable. Our now-unique passions would have flourished of their own accord. Now, I have a new preoccupation\u2014enjoying our final year together. We will likely attend different colleges, and life's events will push us apart as we pursue different careers and journey into adulthood. As our paths diverge, so will our neural networks, forced by experiences that we do not both encounter. We will lose the many bonds we share. Now is the time, not for finding differences between us, but for celebrating our brotherhood\u2014our common passions, traits, and neural connections."},{"index":1,"personal_essay":"Only at Yale would over 2,500 tickets to an orchestra concert sell out in mere minutes. The YSO Halloween Show captures why I love Yale. As a classical musician, I know how difficult it is to get my generation to come to any classical performance, but Yalies' enthusiasm for the Halloween Show demonstrates their supportiveness of their peers' work and the friendly nature of this enthusiastic community. The orchestra's coupling with a silent film brings together directors, actors, videographers, and musicians to create an experience indicative of Yale's collaborative, fun-loving spirit. I am applying to Yale for its interdisciplinary, witty, and tight-knit student body, whether it expresses itself through an artistic performance or the study of a global challenge from many perspectives. What is it about Yale that has led you to apply?Louis Pasteur famously coined the phrase 'Omne vivum ex vivo.' All life is from life. At first, this idea makes perfect sense. Students everywhere learn that new cells are produced from older cells through mitosis in Introductory Biology. However, closer examination reveals a fundamental issue: life has not always existed. So how did life come to be? The answer lies within prebiotic chemistry.This topic was briefly mentioned during my biology class earlier this year. We talked about how Darwin's concept of life emerging out of a 'warm little pond' developed into Oparin's theory of a primordial soup. It was believed that basic building blocks of life undergo an 'evolution' to yield increasingly complex systems, culminating in the formation of cells. However, questions lingered in my mind. What is stopping life from developing beyond Earth? What processes led chemicals to combine in the life-bearing manner that they did? Determined to find answers, I began researching abiogenesis and the many hypotheses scientists had proposed. Unfortunately, the answers to my questions have yet to be found as we still don't know exactly how these transformations occurred. My fascination with prebiotic chemistry, as well as my broader interest in molecular biology, stem from my obsession with figuring out why things are the way they are. The thought that microscopic processes can combine to form conscious, moral creatures is mind boggling. Creating life from nothing may seem like science fiction, but we know it happened billions of years ago. The only question is, 'how?'Think about an idea or topic that has been intellectually exciting for you. Why are you drawn to it?Most people cherish their Sundays, holding on to the last free moments before the week ahead. That's not the case with me; every afternoon, I'm at the Elley-Long Music Center, surrounded by my colleagues from the Vermont Youth Orchestra (VYO). The majority of a young musician's time is spent alone, studying solo repertoire, but the VYO brings us together to create music as a community. Despite our different instruments, experiences, and goals, we all share one mission: to create complex yet coherent works of art that balance composers' intentions with our own unique style. To achieve this, listening is a must. Every individual brings a unique musical perspective and interpretation; without listening, the orchestra would dissolve into a hodgepodge of incompatible ideas. Each member must be on the same page at rehearsal, seeking to add to the musical ideas of others rather than clash with them.Orchestra has shaped my beliefs on leadership. Different instruments are similar to people of different backgrounds and opinions. Rather than ignoring their voices and focusing on ourselves, we must open our ears to find unity. We often see powerful people refuse to listen to others, whether it be gridlock within our government or a school board unwilling to acknowledge student voice. This shouldn't be the case. Leadership isn't about making your opinions heard; it's about amplifying voices around you. At times, a leader must use their own voice to unify and give direction, but their primary job is something else: to listen.Reflect on your engagement with a community to which you belong. How has this engagement affected you?My primary academic interest, computational biology, stems from my desire to combine molecular biology and computer science. I have long wondered about the processes that make life tick\u2014computational biology permits an understanding of life's inner workings on a level impossible with conventional lab or field experiments, as computational methods enable predictive modeling of biological pathways and their complex interactions. Brown is one of a handful of schools that offers a Computational Biology concentration\/major, where I could learn from professors and researchers working in my exact field of interest.The opportunity to combine my passions for biology and global studies is another element of the Open Curriculum I love. While I'm excited to take interdisciplinary courses that blur the line between science and human societies (like 'Pain and the Human Condition' and 'Research Methods in Behavioral Science'), I most appreciate the wealth of global experiences offered, such as CASA-Brazil, where I could immerse myself in a new language and culture through a homestay and interactions with locals while continuing to pursue my concentration. Brown's curricular flexibility gives me the freedom to experience such opportunities\u2014at other schools, strict academic requirements could make studying abroad impossible. Just as exciting is the chance to conduct a Global Independent Study Project. I would love to investigate how genotypic differences influence ethnic variations and, in turn, how the propagation of ethnic practices selects for certain genotypes. A GLISP would allow me to work directly with the population I am studying through field research and interviews.Brown's Open Curriculum allows students to explore broadly while also diving deeply into their academic pursuits. Tell us about an academic interest (or interests) that excites you, and how you might use the Open Curriculum to pursue it.At Brown, I hope to share music with the community around me. I'm excited to continue more formal pursuits by joining the Brown University Orchestra as well as be part of groups like BruNotes and Healing Through Harmony, where I can bring my music to audiences who may otherwise be unable to access classical music. I also wish to create a program similar to Classical Music Encounters with fellow musicians, fighting classical music's elitist connotations through informal educational performances on campus and throughout the community. Whether it be by providing low-income students with musical education, playing for patients at hospitals and nursing homes, or giving a spontaneous violin lesson to friends, I look forward to sharing my musical gift.Additionally, I will bring my problem-solving skills and bridge building spirit to Brown's Undergraduate Council of Students and the Ivy Council. In high school, through my participation in Student Government and my founding of Student Activities United, I have helped to improve inter-group communication and bring about many collaborative efforts. I hope to do similar work at Brown. With UCS, I would join the Student Activities Committee to help student groups access available resources and improve communication between them; with the Ivy Council, I would not only share what Brown has done to improve the student experience with representatives from other schools, but also bring ideas from other institutions back to Brown for implementation. I wish to employ collaborative means to improve both student groups and Brown as a whole.At Brown, you will learn as much from your peers outside of the classroom as in academic spaces. How will you contribute to the Brown community?My 23andMe test would yield a single-colored pie chart\u2014100% Chinese. My parents' ingrained culture shaped my childhood. My default language was Mandarin; I ate 'long life noodles' every birthday; I attended Chinese school weekly. My values were inherited, like my black hair and almond eyes. As I've grown, however, my American life has fed me new values. These values from my cultural home in China and geographic home in Vermont have shaped my perspectives on each.I remember a conversation my family had regarding the political situation in Hong Kong. I, along with most Americans, support Hong Kong in its pro-democracy goals. My parents, however, support China, arguing that Hong Kong already has more freedom than the mainland and that the government is justified in its push towards unity. To them, Hong Kong is a spoiled child, unwilling to relinquish temporary privileges.Contrarily, my minority status highlights Vermont's racial homogeneity. I sometimes feel like an outsider in one of the whitest states in America, and I often wish my friends could understand why my family is so 'different'. This desire has led me to value diversity. Diverse communities build understanding across cultures\u2014an understanding rare in my Vermont community yet crucial in a globalized world. Despite both Vermont and China's homogeneity, my position at their intersection has led me to value racial and cultural heterogeneity. Such heterogeneity brings a multitude of perspectives and enables more comprehensive solutions to challenges, just as my own dual homes help me see things others cannot.Tell us about a place or community you call home. How has it shaped your perspective?Dartmouth fosters a culture of exploration unmatched elsewhere. Academically, the D-Plan and quarter system provide incredible flexibility, making experiential opportunities like studying abroad easily accessible. I hope to expand my global awareness and gain new perspectives by joining over half of Dartmouth's student body in their pursuit of international study. Even outside the classroom, students demonstrate their inquisitiveness\u2014the widespread participation in the Dartmouth Outing Club proves their desire to see the world with their own eyes.Dartmouth allows the freedom to explore endlessly while creating a community characterized by curiosity, where peers encourage one another to always ask more questions. While arguing a Dartmouth-related case before the U.S. Supreme Court in 1818, Daniel Webster, Class of 1801, delivered this memorable line: 'It is, Sir\u2026a small college. And yet, there are those who love it!' As you seek admission to the Class of 2024, what aspects of the College's program, community or campus environment attract your interest?My family tree is as boring as it gets. A 23andMe test would yield a single-colored pie chart\u2014100% Chinese.Despite being part of the first generation raised outside of the mother country, my parent's deeply rooted Chinese culture shaped my childhood. My default language was Mandarin; we celebrated Chinese New Year and Mid- Autumn Festival with mooncakes; I attended Chinese school weekly. My values were inherited, just like my black hair and almond eyes.As I've grown older, I've reluctantly strayed from my Chinese roots, adopting new values from my immersion in American society. Nonetheless, I continue to feel a kinship with the Chinese community around me. In fact, the influence of American culture has given me a unique spot within it. I remember a conversation my family had regarding the current political situation in Hong Kong. I, along with most Americans, support Hong Kong in its pro-democracy goals. My parents and grandma, however, side with China, arguing that Hong Kong already has much more freedom than the mainland and that the Chinese government is justified in their push towards unity. To them, Hong Kong is a spoiled child, unwilling to relinquish temporary privileges. Discussions like this have led me to reexamine the values I've taken from both cultures. For instance, my Chinese restraint is evident in my meticulously-planned day-to-day life. Contrarily, while Chinese culture praises impassivity and impersonality, I have adopted a very compassionate and empathetic nature. My position at the intersection of two worlds allows me to not only compare multiple perspectives and find the best parts of each, but also to bring ideas from one world to the other, challenging the philosophies of both my Chinese family and American friends. I am a proud member of both cultural communities and an ambassador between them.The Hawaiian word mo'olelo is often translated as 'story' but it can also refer to history, legend, genealogy, and tradition. Use one of these translations to introduce yourself.Out of stillness, whispering cellos and violas emerged, rising and falling, like hushedbreaths. Then, a question, punctuated by three detached notes over an ominous clarinet drone. For a moment, the question remained unanswered before a single french horn's solemn call pierced the silence, quickly decaying into nothingness. Then, it began anew, the lighter, upper winds echoing the opening melody of the lower strings.The members of the Vermont Youth Orchestra (VYO) performed the first few bars of Dvo\u0159\u00e0k's New World Symphony as one, unified in purpose and physical movement, our synchronized bows weaving a tapestry from our individual threads of sound. Ripples appeared to travel through the orchestra as we swayed with the music. What the audience didn't see, however, was the long, arduous journey it took to achieve our unity.I still remember our first rehearsal of that Dvo\u0159\u00e0k symphony. We were each struggling to figure out the notes, our frustrations only increasing as the piece crumbled around us. A half measure separated the first and second violins; the booming of the trumpets drowned out the melody of the woodwinds; phrasing was nonexistent. Our conductor quieted us with a gentle wave of his baton.'Try again,' he said gently, 'but without me this time. Listen and move with each other.From the beginning.'He gave a cue, and the lower strings began to play. Then, he stepped off the stage and walked to the back of the hall. My bewildered peers glanced around, seemingly asking for help, but nobody was there. Our only hope for success was to use our ears and follow one another. We eventually settled into an agreed-upon tempo, and soon, shapes began to emerge from our sounds. Everything was already better than before: we were much more in sync, mindful of the melody, and attentive to phrasing. While there was still work to be done, our ears had finally opened.Over the next month of rehearsals, I continued to learn the importance of listening. Each individual has a unique interpretation of a work of music, and without active listening, these interpretations clash and dissolve into a hodgepodge of incompatible ideas. Instead, all members must be mindful of the musicians around them and attempt to think on the same wavelength. Although young musicians are typically focused on mastering solo repertoire, such single-minded habits have no place in an orchestra, where every musical idea must build upon another.My experiences in the VYO has shaped my beliefs on leadership. Different instruments are like people of different backgrounds and opinions; rather than blocking out what these people have to say and thinking only of ourselves, we must open our ears and listen if we wish to find success. We often see powerful people refuse to listen to others, whether it be gridlock within our government or a school board unwilling to acknowledge student voice. But leadership should not be about shouting your own opinions; instead, it should be about amplifying voices of people around you, people who become citizen-leaders in their own right given the chance to be heard.For example, in Student Government, as the Speaker of the House, I find myself in aunique position to do just that. While the President and Vice President act as symbols of Student Government to the rest of the student body, it is the Speaker who drives Student Government forward, guiding discussions and setting meeting agendas. I ensure everyone has the chance to weigh in on a proposal, not just a committee head or a committee--the voices of those outside often bring new perspectives and can help formulate more comprehensive solutions. The job of a leader, at times, may be to use their own voice to unify and give direction, like a section leader in an orchestra giving a cue to the rest of their section, but their primary job is something else: to empower others to be citizen-leaders--to listen.The mission of Harvard College is to educate our students to be citizens and citizen-leaders for society. What would you do to contribute to the lives of your classmates in advancing this mission?Out of stillness, whispering cellos and violas emerged, rising and falling like hushed breaths. Then, a question, punctuated by three detached notes over the clarinet's ominous drone. For a moment, the question remained unanswered before the solemn call of a single French horn pierced the silence. It then began anew, the upper winds rephrasing the opening melody.The members of the Vermont Youth Orchestra sang the opening bars of Dvo?\u00e0k's Ninth Symphony as one.Synchronized bows weaved a tapestry from individual threads of sound. What the audience didn't see was the journey it took to achieve unity.I still remember our first rehearsal of that symphony. The first and second violins were separated by a measure; the trumpets were drowning out the woodwinds; phrasing was nonexistent. Our conductor quieted us with his baton. 'Try again,' he said, 'without me this time. Listen and move with each other.' As the lower strings began again, he stepped off the stage, walking to the back of the hall.My bewildered peers glanced around, but nobody was there to help them. Their only hope of success was to follow one another. Eventually, they settled into an agreed-upon tempo, and shapes began emerging from the sounds. When it was time for the violins to enter, I glanced across the podium, finding my brother in the cello section. We breathed together, coming in perfectly with our sections. We were already more in sync, mindful of the melody, and attentive to phrasing. We still had work to do, but our ears had been opened.Over the next month of rehearsals, I learned the importance of listening. Each individual has their own interpretation of a work of music, and without listening, orchestra members' interpretations clash and result in a hodgepodge of incompatible ideas. Instead, all members must be aware of what is going on around them and attempt to find the same page.My experiences in the VYO have taught me that listening is an essential part of all collaborative efforts. When I began listening in orchestra, I began hearing new voices in other parts of my life, too. In scientific research, I've found that turning to seemingly unrelated fields brings novel insights to challenges. Likewise, listening to other cultures' experiences and stories enables a deeper understanding of the divides between different groups. By listening, we allow ourselves to see new perspectives and find more comprehensive answers.Successful students at Johns Hopkins make the biggest impact by collaborating with others, including peers, mentors, and professors. Talk about a time, in or outside the classroom, when you worked with others and what you learned from the experience. Albert Einstein said it best: 'I know that the most joy in life has come to me from my violin. Frankly, I can't imagine my life without my violin.My violin allows me to press pause on the stressful restlessness of life. Sometimes practicing isn't the most fun, I'll admit it. But sometimes it's exactly what I need: reflective time by myself, my emotions seeping out through the music. At the end of the day, I look forward to every rehearsal, solo performance, and sight-reading-fest\/jam session. Sharing the music-making process with others is the most thrilling and rewarding part.In college and beyond, my violin will be right by my side. I'm excited to play with a fresh orchestra, meet new musicians, and continue to bring the joy I get from it to others. I wouldn't trade it for anything.If you could only do one of the activities you have listed in the Activities section of your Common Application, which one would you keep doing? Why?My upbringing was inherently Chinese. My default language was Mandarin, rice was eaten every day, and I attended Chinese school on Saturdays. My values were shaped by my family and the culture that permeated my home life.As I've grown, I've reluctantly strayed from my Chinese roots as I've adopted more and more American values. Nonetheless, I continue to feel a kinship with the Chinese community around me. In fact, the influence of American culture has given me a unique spot within it.I remember a recent conversation my family had regarding the current political situation in Hong Kong. I, along with the majority of Americans, support Hong Kong in its quest for freedom. My parents and grandma, however, side with China, stating that Hong Kong already has much more freedom than the mainland and that the government is justified in their push towards homogeneity. To them, Hong Kong is like a spoiled child, unwilling to relinquish the temporary privileges they have received.These debates have led me to reexamine the cultural values I've adopted from both my Chinese and American communities. For instance, my Chinese restraint is evident in my meticulously planned day-to-day life. On the other hand, while Chinese culture celebrates impassivity and impersonality, I have adopted a very compassionate and empathetic nature.My family has rethought their own values too, becoming increasingly willing to give me independence and selfsovereignty that their parents never allowed them to have. I've been able to bring ideas to the table that challenge their long-held beliefs. Through our critical reexaminations, my family and I have all gained a newfound appreciation for what both Chinese and American cultures have to offer. I am a proud member of both communities and an ambassador between them, building a bridge of understanding between the two.Everyone belongs to many different communities and\/or groups defined by (among other things) shared geography, religion, ethnicity, income, cuisine, interest, race, ideology, or intellectual heritage. Choose one of the communities to which you belong, and describe that community and your place within it.With a uniquely interdisciplinary curriculum and plentiful experiential opportunities, The College of Literature, Science, and the Arts will help me achieve my lifelong goal of exploring the world and learning as much about it as possible.Academically, the liberal arts curriculum of LSA means that I'm not confined to one field of study. Instead, I'm encouraged to dive into topics I've never encountered before. I look forward to taking courses like 'Predicting the Future', where I can compare and contrast the predictive and analytical methods of different fields, 'An Introduction to Cryptology', where I can combine my love for math and puzzles, and 'Foundations of Intergroup Relations', where I can examine my own identity groups and evaluate my own biases. I want to learn about everything, not just one topic\u2014LSA allows me to do so.I also appreciate the flexibility of study within the biological sciences. Two programs stand out\u2014'Biology, Health, and Society' and 'Cellular and Molecular Biomedical Science.' The interdisciplinary nature of the BHS program excites me. I love that it goes beyond what would be covered in a standard 'General Biology' major, focusing on the implications of biological study upon our world. I believe understanding these implications is incredibly important; I want to know not only what I'm doing, but also why it matters. I'm interested in the CMBS program because it enables the pursuit of a master's degree in Biomedical Engineering, a career interest of mine, without sacrificing the broader biological education that comes through study in the MCDB Department. If I wanted to pursue BME elsewhere, I'd have to forgo the focus on biology that I wish to have, enrolling in an engineering school rather than one dedicated to the sciences. LSA gives me a unique opportunity to have an engineering experience that is still biology-centered.Experientially, I hope to take advantage of the extensive research opportunities available. I've developed a passion for research during my time in high school\u2014I get a great thrill from being at the forefront of discovery, and I see a career in research as a way to continue learning my whole life. What better place to take that to the next level than the best public research university in the country? The Undergraduate Research Opportunities Program allows me to get involved in my first year, and I can continue research with an independent project under a mentor of my choice afterwards. In particular, I'd love to do computational biophysics research, such as that done by professor David Lubensky. I've always been fascinated by the intersection of computer science & biology and the modeling of complex systems, and I look forward to exploring it in college.Another experiential opportunity I'm excited about is global studies. I'm a strong believer in the idea of global citizenship. In an increasingly connected world, cross-cultural competency is a skill that has become of utmost importance. Michigan's robust program provides a wide variety of options, all for credit. Thus, even as a potential pre-med, I can take advantage of these opportunities to learn more about other cultures and gain new perspectives.LSA is the perfect place to fulfill my exploratory desires. The opportunities available, both in the classroom and out, are unparalleled. Nowhere else is quite like it.2. Describe the unique qualities that attract you to the specific undergraduate College or School (including preferred admission and dual degree programs) to which you are applying at the University of Michigan. How would that curriculum support your interests?I have been lucky enough to have lived in Vermont my entire life. There's something special about the state that I don't want to lose as I proceed into college. Fortunately, the university less than 20 minutes away from home exudes a spirit that matches what I love about my state while providing opportunities that satisfy my academic goals.To begin with, UVM allows me to explore the forested wilderness that makes Vermont so unique. The outdoors are among Vermont's greatest assets\u2014how could one live here for their entire life without developing a passion for hiking, camping, and skiing like I have? Luckily, UVM has a plethora of groups that provide opportunities to get away from the city, including the Outing Club and the Ski and Snowboard Club. The Outing Club in particular speaks to UVM's outdoorsy culture. Its openness to all, long history, and size prove that Catamounts love to explore the outdoors just as much as I do. I will have a robust community of peers to hike, camp, and ski with.UVM also exhibits the same environmental consciousness that I value. I hope to attend a school that prepares its students, including me, for the challenges that the world faces. The first thing I look for in a school is that the school itself cares about solving these challenges. UVM has proven itself to be dedicated to doing what it can to address such issues, especially climate change, which is the greatest issue of our time. I am excited to see that UVM has a Sustainability Requirement within its curriculum and that the college has taken steps to make its buildings greener.Lastly, but perhaps most importantly, UVM offers many opportunities that will allow my interest in biology to flourish and prepare me for a potential medical or research career. For instance, the Office of Fellowships, Opportunities, and Undergraduate Research makes research opportunities extremely accessible through many different sources of funding. I also appreciate that UVM is truly a research-focused institution, with all tenured faculty performing research. At UVM, I know that I will be able to continue furthering my passion for research.UVM's undergraduate links to the UVM Medical Center and Larner College of Medicine are another reason why the school appeals to me. As a potential premed, I appreciates opportunities like the Premedical Enhancement Program, where I can gain early experience within the medical world through shadowing caregivers and speaking with graduate students. UVM will prepare me for a medical career just as well as any other school can through opportunities that are products of the school's intimate relationship with the area's foremost medical center. UVM will allow me to reach all of my academic goals while remaining in the state that I call home. Opportunities for research and connections to the UVM Medical Center are bountiful. At the same time, I will fit right in to an environmentally-conscious and outdoorsy community. This perfect balance is what makes me love UVM so much.Why UVM?Louis Pasteur famously coined the phrase 'Omne vivum ex vivo.' All life is from life. At first, this idea seems to make perfect sense. Introductory Biology students typically learn that new cells are produced from older cells through mitosis. Yet, closer examination reveals a fundamental issue: life has not always existed. So, then, how did life come to be? One answer lies in prebiotic chemistry, which is just a small portion of the field of molecular biology that I wish to study.When my Biology teacher introduced this concept, we discussed how Charles Darwin's concept of life emerging out of a 'warm little pond' developed into Alexander Oparin's theory of a primordial soup composed of methane, ammonia, water, and other gases which would undergo a process of 'evolution' to yield increasingly complex systems, culminating in the formation of cells. But what processes led these chemicals to combine in the lifebearing manner that they did? What is stopping life from developing beyond Earth? Determined to find answers, I began researching abiogenesis and the many hypotheses scientists have proposed regarding it, striving to uncover the origin of vital processes ranging from metabolism to RNA synthesis. However, scientists still do not know how exactly life began.My fascination with prebiotic chemistry and, more broadly, molecular biology stems from my desire to understand my own existence in a manner rooted in physical evidence. I wish to examine life at its smallest, most fundamental level and study the complex pathways that form conscious creatures. At WashU, I hope to embark upon the Molecular Biology and Biochemistry track within the Biology major to begin to comprehend the inner workings of life itself.Tell us about something that really sparks your intellectual interest and curiosity and compels you to explore more. It could be an idea, book, project, cultural activity, work of art, start-up, music, movie, research, innovation, question, or other pursuit. "}]}