{"schema":{"fields":[{"name":"index","type":"integer"},{"name":"personal_essay","type":"string"}],"primaryKey":["index"],"pandas_version":"0.20.0"},"data":[{"index":0,"personal_essay":"Rainbow flags hang from the walls of the cafeteria. I speak before a group of high school students about sustainable urban transit. I line up with four hundred thousand people on 8th Avenue to march for environmental action. These are the moments that have defined my life over the past two years. But they were only made possible by the one instant when I defied my own fear and told myself the truth.In that moment, facing the bathroom mirror, I was confronted by confusion and desperation staring back at me. My reflection's tongue struggled to wrap itself around the words in my mind. I felt as though I was peering over the edge of the high dive at the pool and I couldn't see how far away or how deep the water was. I stood trembling, trying to breathe my thoughts into a voice.Finally, I exhaled and the words poured out: 'I'm gay.' An indescribable wave of relief swept through me.Soon after, sitting on a bench in a quiet courtyard at school, surrounded by turning October leaves, I said those same two words to my friend Kiley. In that moment, I hated myself. I hated that I felt ashamed. I hated that I had to do this. But Kiley responded with acceptance and love, and all the tension in my body released. For the first time, I felt safe. One by one I came out to my other friends, and one by one their support strengthened me. I no longer felt alone.Armed with my new-found confidence, I wanted to share my voice. In November, I co-founded the LGBT Affinity Club, a support group open to sexual and gender minority students. It was the collective courage of the initial four members which inspired me to come out publicly at a Gay-Straight Alliance meeting. As I stood up to make the announcement, I was momentarily suspended in a fearful, silent vacuum. But with the rush of applause and the reaching hands, I felt a warmth kindle in my chest - just maybe, I thought, I had brightened someone else's life.My experience coming out to my family and friends ignited my interest in activism. Initially, I focused on the issues which affected me most. I led the Affinity Club in working with teachers to make the Middle and Upper School sex education curricula LGBT friendly. As a representative to Community Council, I sponsored a school law which made the dress code gender- neutral. On National Coming Out Day, I arranged for a rainbow flag to fly on the flagpole at school and served on a question and answer panel to educate students and faculty about LGBT issues.As I realized my passion for social and political activism, I found that there were others whose voices were muted. I joined the National Organization for Women chapter at my school and became an advocate for gender equality. At the National Outdoor Leadership School in Wyoming, I became attuned to the beauty and fragility of nature, so I spoke out at the People's Climate March in New York City. For Urinetown , I worked on the design and construction of a set piece which helped the production win an Educational Impact Award. At Model UN, I developed solutions for green urban transit which were featured on the C40 Cities Climate Leadership Group website. I am proud of the impact that I am making.A year ago, staring at myself in the bathroom mirror, I could not have foreseen the person I have become. Those two words I whispered to myself have grown into a powerful voice for change. I'm proud of that voice. I'm proud that I came out to my family and friends. Most of all, I'm proud of the moment I looked myself in the eye and refused to apologize for who I am."},{"index":1,"personal_essay":"While exploring Brown, I attended Professor Oliver's class 'Society and Population in Ancient Greece.' I felt at home in this small seminar. Each student was eager to learn and contributed to class discussion. Professor Oliver didn't just teach, but challenged his students to develop their own theories about population growth in the Peloponnesus.My conversations with Professors Zimmt and Seto validated my interest in chemistry research. During the Physical Sciences tour, I saw the extent and sophistication of Brown's laboratories and Science Center. With access to state-of-the-art facilities, I would thrive in this academically curious community.Brown's Open Curriculum is a perfect fit for me. Choosing my upper-level high school courses fueled the discovery of Chemistry and the Classics as my passions. The freedom to design my college curriculum would enable me to pursue these passions in greater depth and take full advantage of Brown's resources. The Open Curriculum would also allow me to study abroad and explore other academic fields that excite me, such as mathematics, languages, and international relations. Finally, Brown's conscientious student body is committed to social justice. I want to be part of a community that cares as much as I do.On Tuesdays after school, when everyone else is going home, I go over to the Carriage House with Lily and Nick. At the door, we're welcomed with an enthusiastic 'xaire!' from Mr. Gudgel and ushered into a world of tragedy, comedy and polytonic Greek.The Carriage House has always been our temple for Latin. It's where we first discovered etymology, discussed the Roman Emperors with whom we identified most, and sang songs like Simon and Garfunkel's Hera Robinson and Carly Rae Jepsen's Vocame Forsan. We did these things not for any grade, but because we loved to. This year, united by our Ancient Greek independent study, we've embarked on a new journey together. Now, we text each other in Attic Greek, accents and all. Seriously. We're nuts. I love that on Tuesday afternoons, Lily and Nick and I can retreat to the Carriage House and be nuts together.I have always resided on Caldwell Drive. But in my 16th year, I made a huge move. I took control of my own life and started living out of the closet. Finally daring to slide the door open and peer between the heavy layers of flannel, I marveled at how large the world could be for me. I felt naked exposing my sexual orientation to family and friends. But I could breathe at last, free from the suffocating piles of winter coats which had been hiding my true self from view.When my sister finally gave me her Netflix password this summer, I immediately binge watched the first season of Gossip Girl. It's a juicy show. But as I started in on episode twelve, the monotonous storyline lost my interest. Just as the predictable excitement of those first few episodes kept me watching, the consistency of periodic trends and dactylic hexameter had hooked me on Chemistry and the Classics. For me, their organized foundations were perfectly comprehensible. But after an AP course in each subject, I still hunger to explore molecular orbital theory and epic Latin poetry. The expanse of the ancient world and the abundance of chemical applications challenge me to uncover their secrets. There is so much to investigate that I could binge on Chemistry and the Classics for the rest of my life, and still long to know more.I've always been excited by the nature of our world. I wonder why water droplets on a tabletop will suddenly coalesce when they touch. I wonder what makes rock solid, and what makes air not. Chemistry is able to explain my wonderings.People answer these questions for a living. I realized this when I toured Merck Laboratories during the Merck State Science Day award ceremony. Holding a high-pressure liquid chromatography cylinder, I understood that in my hands lay a tool to satisfy my wonder. The Merck scientists patiently answered my questions, and I was delighted to be able to understand them. As they answered one question, another would bubble up. I realized that I will never run out of questions.Chemistry fills me with wonder. As I uncover answers, my understanding of the physical world develops. I am excited to spend my college career answering questions. I'm even more excited to think of new ones.Electrochemical cells never made much sense to me. Mathematically, half-cell potentials added up, but I didn't understand how the flow of current could induce a chemical change in a metallic anode or cathode. While reading Chapter 21, 'Electrochemistry,' for my AP Chemistry exam, I was filled with dread. I attacked the chapter with flashcards and diagrams, without success. But I wouldn't let the textbook defeat me. Rummaging through my desk, I found two small metal frogs and a handful of foreign coins.I sorted the coins by metallic composition and mapped out my predictions. I set up my laboratory in the garage, lining up jam jars from the kitchen. Wearing orange rubber gloves past my elbows, I diluted muriatic acid to 6 molar and dropped in three aluminum East Caribbean States nickels, grinning as they fizzed. I soldered wire to a nine volt battery, a rod of pencil graphite, and a metal frog. I touched the graphite to the frog; sparks told me the circuit was live. I placed both ends of the circuit into the aqueous aluminum. There was no light, sound, fizzing, or bubbles. Reluctantly, I left my experiment.The next morning, the frog appeared unaltered. Disappointed, I began cleaning up. I checked the reading of the battery, and found that it was dead. Mystified, I looked closely at the frog. It seemed softer and smoother than before. Compared to its counterpart, it was larger and the surface had drastically changed shade. Amazed, I laughed out loud. I had designed and carried out the experiment by myself, and brought it to life. And when an acid galvanic cell question appeared on the AP exam, I knew exactly how to answer it."}]}