{"schema":{"fields":[{"name":"index","type":"integer"},{"name":"personal_essay","type":"string"}],"primaryKey":["index"],"pandas_version":"0.20.0"},"data":[{"index":0,"personal_essay":"] I had forgotten about the plastic bowl of greasy, buttery popcorn in my hands. I'm left staring at an empty expanse of screen, mouth open at the grayscaled room. The DVD case for The Usual Suspects taunts me, sitting on the worn coffee table. The film was far from Usual and nothing I would have suspected. Ten minutes later, I'm gritting my teeth as I scrape popcorn kernels from between them. My mind wanders back to the film. How did the cop not see it? I pick another kernel and decide to cut the cop some slack; I probably would have missed it too. Finished, I glance up into the mirror. An amused-looking teenager stares back at me. Despite the late hour, he doesn't look tired.But because of the time, I slide into my bed in an attempt to sleep. Instead, I toss and turn, twisting my blankets into a jumbled mess. Moments of the film repeat in my mind, urging me forward into a world of invention, pressing me to write my inspired thoughts onto fresh pages. Surrendering, I sit up and grasp my laptop off the carpet.'He brushed the pine needles off his nose. Snow fell in heaps around him, rendering trees into menacing shadows barely visible through the white fall.'My blood rushes a hundred miles per hour through my veins as I type away, relaying the story of Viktor \u2014created from the depths of my mind\u2014 to the blank pages on my laptop. Over the course of the night, I become Viktor. Viktor is the Russian chess champion, the mountain climber, the fun and sarcastic party-crasher. I feel his agony as his life almost slips away, the triumph as his opponent signals defeat. After Viktor, Luk\u00e0cs comes along. Then Henrietta. And Isabella. Each character around Viktor has a new persona, a new identity. Yet despite my efforts, Viktor is only a partially excavated fossil, incomplete; he does not have the depth of Verbal Kint from The Usual Suspects.Seconds turn into minutes; minutes become hours. Viktor slowly emerges from layers of rock. Eventually, Viktor gains a voice. A face. A story. He's not blown up on the screen like Verbal but he's just as clear in my head. Satisfied for the time being, I shut the laptop lid and let the glow etched into my eyes slowly fade away. Groggy but cheerful, I rise early the next morning and manage to jot a few notes down before the dreams disappear from my memory. Verbal Kint. Dean Keaton. Kobayashi.I silently congratulate the director for being able to carry the characters off the screen and into my dreams. Because to me, storytelling \u2014 through writing, or film, or music\u2014 is more than art. It's also to take someone, or some story I know, and convey the same emotions it elicits to someone else. Even during late nights, after my popcorn and film ritual, there are feelings I can turn into characters on a page. These newfound stories, stories that allow me to see beyond the suburbia I reside in, are etched into my mind because of film, keeping me up until I can write them down. Last year, I spun Dr. Wells's betrayal in The Flash into an original, short, suburban horror film of duplicity for my English classmates, transforming the feeling I grappled with most from The Flash into its own story. Whether these stories are inspired by The Flash or captured killer whales in Blackfish, there's always something to share. So maybe film won't be my career, but I will always love film for its possibilities. I may not be directing feature films, but as the director of my own life, I'm always trying to find a new experience to communicate. Countless bowls of popcorn have greased my fingers and my mind in this pursuit \u2014 but there's still popcorn left to eat. "},{"index":1,"personal_essay":"Amherst:I've always been told my legs are monsters. Having played soccer from an early age, I have disproportionately large sticks as legs. But these monsters are like those of any story: they have a  weakness. Behind my skinny jean-bursting quadriceps, there are my hamstrings, strained four separate times.Hamstring strain.Those two words sound like a declawed house cat compared to a broken leg, or a 'snapped femur', or a 'fracture'. But instead of comfy couches and pain meds, I pound away at the pedals on a stationary bike. It's a daily ritual, the beginning of the rehabilitation. This particular day, I'm steeling my mind for the exercises ahead \u2014 Bulgarian split squats, lunges, squat jumps \u2014 all for the strength of my hamstring.The first time I strained my hamstring, I wrote it off as a minor annoyance, the split between the blocks of sidewalk on my path to victory. Soon after my return, I found myself on the ground again, staring down into the turf, wondering how the minor annoyance had come back. The second time, the strain was much worse. The split in the sidewalk had turned into a canyon. But I pushed through. I visited doctors, read web pages and books, trying to find a solution to my weakness. I eventually returned to the field, but the weakness in my hamstring remained, and I found my nose buried in the turf two more times. Today, although I am free of injury, my hamstring is still not as strong as it used to be. But I continue to play, dashing across the field to sweep the ball into the back of the net. The balance between injury and health is still precarious, but has only allowed me to appreciate each minute on the field more. Stanford's Roommate Question:Dear Future Roommate,I hope you're not a FC Barcelona fan.Because it would just be no fun if we're rooting for the same team. Sure, we'll eat barbecue chips and nachos together and laugh at overused jokes. But when we watch Tarantino films during late nights I'll be right there to tell you I think Kill Bill is better than Pulp Fiction; when we turn on the speakers I'll try to convince you Kendrick Lamar's album Section 80 is more interesting than his album good kid, m.A.A.d city. And I hope you'll stare back at me with incredulity and say no, have you heard Kendrick's TPAB? We'll go out in the morning to the field and play football, and once you find out my hands are made out of soap we might try soccer instead. After we're tired, we might go out for lunch and you'll laugh at me when I snort my lungs out after accidentally scraping too much wasabi on my sushi. But at the end of the day, we'll meet up back at our dorm, tired from the day. I'll collapse onto my bed and you into your chair, when suddenly \u2014 KNOCK KNOCK. But we won't look at the door and ask, 'Who's there?'. We'll look at each other, exhausted, and I'll know it isn't a joke to you. Instead, I'll yell out 'We'll be out in half an hour!' and you'll nod in agreement.We'll be on the same team then.For Pomona College's Critical Inquiry Question:Intelligence, Power, and Mobility: An Examination of MeritocracySince the Qin dynasty in ancient China, meritocracies have risen in power to become the forefront philosophy of government in many countries today, from The United States of America to Singapore. However, like any system, meritocracy is by no means perfect. How does one measure merit? Should academic intelligence be the dominant factor in determining merit? Can a standard system determine the worth of one type of merit over another? Furthermore, not every person is born with equal wealth and opportunity. It may be much easier for someone with wealth to reach the heights of merit than another. Do modern meritocracies adjust for this difference in opportunity? In this class, students will discuss and attempt to answer these questions among many more. They will also examine the development of meritocracies throughout history such as Napoleonic France, where men were judged by the L\u00e9gion d'honneur on their ability alone, to modern Ecuador, where the Ecuadorian Meritocracy Institute has been established under the watch of Singapore. Students will look at the economies, progress, and education systems of these countries; they will also read selections ranging from  Christopher Langdell's biography in which describes how he reformed legal education at Harvard to a primarily meritocratic system to Michael Young's criticism in The Rise of Meritocracy. Writing assignments will include argument based papers and research papers on different meritocracies and their respective flaws and advantages. I chose this topic because of the inequality I see today, from a personal level to the education system in the United States. Some might argue that a traditional jack of all trades might be of more merit than a person who is an expert in one thing, or that an accomplished engineer is more useful than a world-class artist. But how, objectively, can we measure the worth of a person? I felt that this was relevant to my education because of all the standardized testing and rigid curriculum that students may go through today. But although meritocracy has its flaws, it remains a system that provides social mobility and allows many to reach heights they would not have been able to otherwise. Everything can be improved, and I would hope that this class would create a lively discussion about how it could be done.Imagine yourself in a tutorial at Williams. Of anyone in the world, whom would you choose to be the other student in the class, and why?  (Please limit your response to 300 words.)Eric Blair (pseudonym: George Orwell) was an esteemed writer, essayist, and journalist. I am none of those things. Which, of course, makes Blair the perfect choice as the other student in the class. Why? Because we'd be like two pieces of a puzzle: different, but matching.Blair was more than a novelist, more than 1984 and Animal Farm. He pushed for, above all, clarity in his essays, articles, and novels, to express points truthfully without twisted language. He was passionate about his viewpoints and strived to understand the truth. This is where we are the same. We are both bursting with energy, driven and hungry to explore.I imagine we'd take an economics tutorial together, perhaps Financial Crises: Causes and Cures. I might write a paper explaining how the excess liquidity in the banking system led to Japan's economic bubble in the 1980's, and he would critique me on how my biases affected which pieces of evidence I used. The next week, we might launch into an heated discussion, rocking back and forth in our chairs, about if the Greek debt crisis was caused by their system of government. Outside of class, he would tell me, over a salad or two, about his time in Burma, whether the narrator in Shooting an Elephant was really him, and I would tell him animatedly about the ethical dilemmas in science and technology today \u2014 genetic engineering, surveillance, or whether Edward Snowden should be locked up or set free. So we may have different interests. But this doesn't mean we can't learn from one another. In fact, it is our difference in interests that sets us apart and allows us to debate and challenge one another. Tell us the story of a street, path, road\u2014real or imagined or metaphorical.The Mystery of Washington Drive Henry woke to the sound of tapping on his stained car window. I should really clean this car, he thought. A bushy brown mustache frowned back at him through the window in disagreement.  'Sir, you're going to have to move your car. You need to have a permit to park here.' Henry wasn't really listening.  All he could see was the man's mustache wiggling back and forth as he spoke. It was quite frosty this particular morning, and he twisted in his worn leather seat to find that cheap seat warmer he had bought the other day. By the time he turned back around, the man was gone. He shrugged nonchalantly to himself. In the distance, a massive building broke the skyline, peering down at him.Twenty minutes later, Henry was enjoying a dark french roast and a tuna sandwich down the street from the building. Henry had been called in to investigate the disappearance of two different teenagers on this street \u2014 Ashley Cho and Thomas Boyega. They were both hard-working, exceptional students at the high school down the street, when suddenly, in the fall, they disappeared on this very street without a trace. Last anyone had seen them, they had been walking past that giant, beautifully ivy covered building, which almost looked like a gothic castle. Facing the man at the next table, Henry loudly asked, 'Hey. What's that building down there?' The man stared at him like he was crazy, promptly got up, and exited the coffee shop.'Well, if no one wants to help me, looks like I'm going to have to do it myself.'Henry wrapped up the leftovers of his crisped tuna sandwich and followed the man out of the shop. What an interesting place, he thought. The street was worn and the air moved fast and cold, but Henry could feel that this was home to many. But how did Ashley and Thomas disappear? As far as he knew, they were both wonderful students in their classes, as described by their classmates. Thomas played rugby and wanted to become a lawyer, while Ashley was a track star with a deft hand in writing. Henry had been gathering information on them for weeks but couldn't figure out why they would run away. Neither of them had enemies, and both of them had clothes, wallets, laptops, and books missing from their rooms at home; this led Henry to believe they had run away instead of that they had been kidnapped. Five blocks later, Henry had finally reached the massive building. Suddenly, his phone rang. I should've really gone for those tech compatible gloves, Henry thought as he fumbled to unlock his phone. Henry finally picked it up after almost reaching the door. 'Henry, you'd better get moving. Another kid just disappeared in the same area. His name is --------.' A snowflake fell on Henry's face, and looked up into the sky. He finally noticed the sign above his head: University of Chicago.Why Chicago Essay:'Unboil an egg.' 'Induce a potato to break the sound barrier.' '...built a working nuclear breeder reactor.'These were my first impressions of the University of Chicago. I found these in an article called The Hunter Games in The New Yorker. I was really rather expecting a preview in jest of the upcoming movie adaptation of Suzanne Collins's book (this was a few years ago), but instead I was greeted by a long form article about Scav. The more I read, the more I felt like I identified with this culture. Produce a scale model of the Great Lakes out of fire. Each challenge seemed wildly ridiculous, required a huge amount of thought, and was only one of many on a huge list to conquer. The moment I read risk management officers I was ensnared. The idea of doing all these things just for fun snatched me from the doldrums of boredom. This was the community I wanted to be in: one where knowledge went beyond the classrooms, beyond the research, into everyday life where I would be challenged to stretch my resourcefulness and problem solving skills. Scav drew me in, and I ended up spending hours searching for information about the University of Chicago. I've always loved to study many things, and The Core fit what I was looking for in a college. I want to study both biology and economics, because together they deepen my understanding of the world further than they could have separately. Together they could be used to understand the effects of socio-economic processes like urbanization on the health of populations, for example. The Core embodied this interdisciplinary, multiple perspective approach to learning; I wanted to be analyzing Metropolis by Fritz Lang while studying The Ecology and Evolution of Infectious Diseases. And the intellectual culture extends beyond the classes. When I heard David Axelrod had established the Institute of Politics at the University of Chicago, I was intrigued. The continuous flow of political journalists and figures coming to speak because of the Fellows program at the Institute of Politics excited me. And it didn't stop there. I'd always wanted to apply my interests together, and the Center for the Economics of Human Development promoted this through their studies. Pietro Biroli's study on genetics and human interaction, using obesity as a measure of capital and diet and exercise as forms of investment, piqued my interest because of what a novel approach it was to examining health, through the lens of economics. There are so many different programs and institutes, even beyond those, that envelop me intellectually at the University of Chicago. So it's easy to say I'm intrigued. At heart, all I want to be is intellectually challenged, in and out of the classroom. There are plenty of tough colleges, but the University of Chicago is unique to me because of the atmosphere where the students constantly search for intellectual fun. Maybe I'll even figure out how to unboil an egg."}]}