{"schema":{"fields":[{"name":"index","type":"integer"},{"name":"personal_essay","type":"string"}],"primaryKey":["index"],"pandas_version":"0.20.0"},"data":[{"index":0,"personal_essay":"Eyes interlocked with the mother bear, I stopped dead in my tracks, barely five feet from her two little cubs. Her gaze lingered on mine for only a moment, but the two cubs continued to stare, their eyes twinkling with curiosity. Ignore me, I pleaded, my heart pounding loudly in my chest as I struggled to appear calm. Park rangers had always warned me about this situation. Don't run. Never scream. But now my desperate urge to flee blurred their advice. After several impossibly long seconds, the mother bear turned the corner to leave and her cubs followed. Relief washed over me, but my body refused to relax. I had already forgotten about my destination as I continued quietly along, my thoughts clouded by shock. Being under the mother bear's gaze was the first time I had faced the fragility of my existence. What if she had decided to charge? What if I had followed my instinct to run? Feeling blessed by blind luck, I walked away from that trail with a greater appreciation for the gift that I had been taking for granted: my life and health. Once again, nature provided the classroom in which I learn my most vital lessons. Throughout my life, whether it's having my curiosity sparked by the endless night sky in the Yosemite Valley, or learning the rewards of perseverance on a craggy trail, nature has dared me to not only survive, but to achieve. I carry these lessons with me beyond the wilderness and into my daily life. The day of my bear encounter, I felt slapped by reality, reminded that I was shielded from a world in which basic survival came before needs and wants. Months later, I sat in a hospice facility as a volunteer with Hospice of the Valley and listened to a patient's ragged breathing as she battled terminal heart failure, able to better appreciate the value of her fight to live. I provided necessary assistance and special companionship to those struggling with disease, and spent hours each week both dedicating my own time and finding new volunteers for the clinic. In the process, I developed the compassion and grit within me which nature had catalyzed. During another trip in a campsite some 10,000 feet above sea level, my curiosity was kindled as I gazed at the galaxy above me. I returned home hungry for answers; I eventually found them in the gears of a robot, as late nights spent admiring these creations became an obsession with discovering how they came to life. My exploration eventually led to a local robotics team, which opened a whole new world for me\u2014an international community of friends, knowledge, and experiences. My interest in the unknown had led me down a path of discovery. Just last year, as my search for an internship yielded nothing but rejections, memories from a mountain trail flashed through my mind: I had trekked a route that boasted more miles than I did years, and sprained my ankle mid-trip\u2014but I refused to consider quitting. So I pushed through self-doubt, and eventually earned a position as a top lab's only high school researcher. As I move forward into my life's next chapter, I know that the countless mosquito bites, sunburns, and boot blisters have all been worth it. They have shown me new worlds. They have given me courage to seek the unknown, and the discipline to tackle whatever challenges come with it. My most recent adventure was climbing the Harding Icefield Trail in Alaska. The snow and wind conspired to take me down, one blinding me as the other whipped my cheeks. One last push. I urged myself. You know you can. When I finally reached the summit, there was a kingdom of white below me, and an overwhelming feeling of tranquility. The road was tough, I fell, I persevered\u2026and the view from the top was spectacular."},{"index":1,"personal_essay":"When I close my eyes and picture the perfect partner for a tutorial class, I fail to see anyone but Dr. John Watson, Sherlock Holmes' acclaimed sidekick, sitting in front of me.Dr. Watson is the embodiment of what I seek in an ideal partner, and what I strive to be myself. His modest character would undoubtedly help us to grow together intellectually, as he would be a great listener when receiving my suggestions, and in turn, I would benefit from his objective and logical criticism. Additionally, Watson's years of extensive experience working in a pair would supplement our academic development. I can imagine us combining our analytical minds to critique and advise one another, just like he once did with Holmes. And of course one cannot ignore the fact that Watson's intelligence is off the charts\u2014coupled with his exceptional writing abilities as seen in his narration as Holmes' biographer, his critical thinking abilities and sensitive observations would make his work satisfying to my intellectual vitality and something a curious person like me would love to learn from. I would take inspiration from his work with an open mind, hoping to gain new perspectives and take a look inside his complex thought process. As an aspiring physician, I find Watson's experience as a surgeon to be another one of his many appealing aspects. It would mean room for passionate conversations and insightful questions about his career, as his time spent caring for patients would certainly be valuable to my medical wisdom.Truly, Dr. John Watson is the ideal partner to take on a tutorial class with\u2014his humble, observant, and astute nature would undeniably lead to compelling pieces of work, and the most intellectually stimulating education I could possibly receive at Williams.As I stepped onto the University of Chicago campus last summer, the first thing that caught my eye was an oval-shaped structure which was curiously short for a building. Its glass dome glittered in the afternoon sunlight, as rays from the sun bounced off of its Faberg\u00e9 egg-like exterior. I walked around this jewel and ran my hands across the words inscribed on its side: 'Joe...and...Rika...Mansueto...Library.' A library! The singularity of this modern structure struck a chord within me, contrasting starkly with the rest of the school's Gothic architecture, all blanketed with ivy. As I toured the school, this disparity in design continued to jump out at me, a clear confirmation of UChicago's famous uniqueness.But the University's uniqueness is not restricted to its physical structures. UChicago also has a Core curriculum that is unparalleled in its ability to create dynamic, impacting thinkers. Through Core and its 70 plus course sequences, I hope to explore a wide variety of academic subjects\u2014everything from biomedical science to East Asian civilization studies\u2014in order to build a solid intellectual foundation. Through intimate, Socratic-style seminars, I will be able to challenge conventional thinking by asking profound questions and proposing wild ideas, all while transcending disciplinary limits. Education would no longer be simply listening to lectures; I would be able to find my own voice with which to speak and collaborate. Additionally, being a part of Core would mean having innovative Nobel Laureates as teachers, filling my education with chances to delve into bold new ventures and approaches. UChicago's Core curriculum is truly the perfect way for me to develop my own identity and access completely new intellectual horizons.At the University, I would also love to explore opportunities for hands-on scientific research. The Institute for Molecular Engineering is one such place where I would be able to experience working on the cutting edge of scientific advancement. Additionally, the abundance of UChicago's FROGS would allow me multiple chances to learn experientially outside of the classroom. The Jeff Metcalf Internship Program, offering over 1,300 paid academic year and summer internship opportunities exclusively to University undergraduates, would be another chance for me to conduct research\u2014and possibly even do something as interesting as perform three-dimensional CT scans of ancient mummies while studying ecology in the Peruvian Amazon. With so many different intellectual experiences available, I believe I will be able to fully embrace the 'life of the mind' at UChicago.The wealth of extracurricular activities at UChicago is also exciting to me. As an avid lover of nature and the study of human anatomy, I will join the Phoenix Undergraduate Biological Sciences Organization and the Premedical Students Association in order to continue pursuing my passion for biology. Additionally, as I have served as the first chair oboist in my youth orchestra since my freshman year, I would love the opportunity to hone my oboe skills in one of UChicago's three orchestral groups.The University's social environment and sense of community is also quite special and appealing to me. Whether it's through participation in the world's largest scavenger hunt, or by taking advantage of Dollar Shake Days, I cannot wait to fill my social life with creative and original events. UChicago's tightly-knit community is also evident in its house system. When I imagine living with 70 other students from different backgrounds under one roof, I am excited by all the memories to be made: trips downtown, lazy movie nights, group conversations at the house table\u2014the list goes on. How comforting it must be to return to a home of people who live together, learn together, laugh together, and care for one another after a long day of studying and extracurricular activities. At UChicago, I hope to see my roommates gradually become family, and the University become my home. From the campus culture, to Core curriculum, to the expansive amount of extracurricular opportunities, the living and learning environment at the University of Chicago is everything I could wish for and more. I am confident I will find my home here, and would be honored to have the opportunity to contribute my thoughts and skills to this dynamic and transformative community of scholars.The dark bags under Ellen's eyes revealed the pain that had been knocking at her door. She was mostly confined to her bed now, but sometimes a spark of energy returned\u2014usually fueled by her love for the Oakland A's. 'Is the game on?' She would ask excitedly. I had the unfortunate task of telling her 'No,' sometimes more than once as her mind started to wear thin. Ellen's lifelong battle with terminal heart failure was coming to a close. As a hospice care volunteer, I did everything I could to help her to enjoy her final days\u2014whether that meant providing basic comforts, or companionship in the form of crossword puzzles and oboe concerts. I became involved in the hospice care community gradually through years of accompanying my mom to an annual volunteer event. Each year I would see her face light up while serving this heartbreaking community, and I would leave inspired. By the time I entered high school, I felt as though I had a responsibility to act. But when I first became involved at the clinic they did not have a formal recruitment system, which had resulted in a withering volunteer program. Determined to change that, I worked with the administrators closely to launch new recruitment initiatives\u2014I designed flyers, gave presentations, and activated my small team to reach a larger audience. Sure enough, when we worked together we recruited eight new volunteers that semester, and many more in the years that followed. Every time I see one of my hospice clients suffering, I am shaken back to reality. At one time, I thought that those with life-limiting diseases had lost the will to live, but I could not have been more wrong. Through spending time in their community, and witnessing how difficult even simple tasks can be, I have learned that fires of life still burn in each of them. They keep fighting, and I want to be there to cheer them on. Every time their brows furrow in pain, I am reminded to be grateful\u2014both for their courage, and the opportunity to help them escape their suffering."}]}