{"schema":{"fields":[{"name":"index","type":"integer"},{"name":"personal_essay","type":"string"}],"primaryKey":["index"],"pandas_version":"0.20.0"},"data":[{"index":0,"personal_essay":"] I'm not sure if I've ever had a more uneasy feeling in my stomach than I did as I pulled up to Bryce's house. This feeling wasn't the average butterflies; it felt like butterflies carrying chainsaws. I didn't know what I was about to get myself into. I shouldn't have been so nervous to walk into a friend's house, but I couldn't help it. Once again, my social anxiety had gotten the best of me.'Hey, Lilli, come to Bryce's. Everyone's here and they're asking where you are.'Lies.'I doubt that. I don't want to come.''Please? I want to see you!'Even though I could barely hear her because of the extraneous music and shouting, Josie sounded so enthusiastic on the phone. It did sound like a fun time, but I really couldn't bring myself to think that I would enjoy myself. I wasn't a big fan of people; I preferred my always-reliable, never-judgmental friends on Netflix. Leaving my house to see people who I didn't talk to often wasn't exactly my favorite thing to do. I've had a mild form of social anxiety since I began high school, and only a few close friends and some family know about it. It's really gotten in the way of me easily making friends and branching out.After 45 minutes or so of disagreeing with Josie, I finally caved. I mustered up the little confidence I had in my mediocre social skills and I made my way over. I must've waited outside that house for 20 minutes before I got out of my car, mostly because I thought I was going to puke or implode or cry - or a terribly disturbing combination of the three. Lilli, you are pathetic. Just walk inside, you dummy. You won't die\u2026 hopefully. After talking myself in and out of going inside, I made my decision. I left the unparalleled comfort of my 2008 Town and Country and knocked on the door of a girl's house that I hardly knew. After a few terrifying minutes, nobody answered the door. By this point, I thought Josie was pulling a prank on me. I decided to call her. Apparently, I was supposed to go through the back door. I had spent three minutes envisioning my doom, and all I had to do was go to a different door. Go figure.People were everywhere.I acted as confident as I could as I cautiously staggered inside. I imagine I looked extraordinarily similar to the Cowardly Lion from The Wizard of Oz.  I soon spotted some friends and immediately stood by their side. I heard my favorite song playing somewhere, which eased my nerves a bit. Then, something peculiar happened. People I barely knew were not only noticing me, but actually speaking to me too. That was a huge deal for me and frankly, pretty cool. At first, I was incredibly awkward and extremely apprehensive. However, throughout the night, I found myself becoming more and more comfortable around these strangers. I was forming bonds with newfound friends over simple things like having the same types of dogs or the crazy idea that Chipotle should definitely be open later than 10. Was it really this easy for me to make conversation with others and think of interesting things to say? Could I actually enjoy myself with the company of others more than spending time on Netflix?A year ago, my answer would've been no.  Now, I try to stay optimistic, but I've learned that social anxiety is a problem with no solution. I crave intimate connections so I can rid myself of it, but my anxiety halts me from making those necessary friendships. I may never be able to get out of the paradox, but thanks to the unlimited help of some incredibly supportive and life-changing friends, the butterflies have put down their chainsaws. "},{"index":1,"personal_essay":"The summer before my junior year was the first time I set foot on the campus of Northwestern. As soon as I laid eyes on all it had to offer, I knew it was where I wanted to be. After doing extensive research and visiting the campus this past summer, I was sure Northwestern was the ideal place for me. At Northwestern, my opportunities for education are limitless. The quarter system enables me to take 48 classes by the time I graduate instead of the usual 40 at a semester school, which makes double majoring very attainable. I intend to major in journalism and some area of business, such as economics. Because Northwestern allows me to double major across schools, I can pursue whatever second major I choose. The unparalleled potential for success at Northwestern encourages me to excel in multiple areas, making me a better educated, well-rounded individual.My career goal is to have a job in broadcast journalism. After visiting 13 universities from coast to coast over the summer, not one had a program similar to the Journalism Residency at Medill. The JR is such a unique and rare program that would help guide me to achieve my goal. I strive to be working alongside professionals in the field at esteemed companies such as CNN and USA Today, and through the residency, I can do so for an entire quarter. By learning from the best of the best, I would gain real-life experience in all aspects of the journalism profession. Most importantly, I aspire to attend Northwestern because it is much more than just a school. It is the beginning of my life, my higher education, and my career. I couldn't see myself as anything but a Wildcat."}]}