{"schema":{"fields":[{"name":"index","type":"integer"},{"name":"personal_essay","type":"string"}],"primaryKey":["index"],"pandas_version":"0.20.0"},"data":[{"index":0,"personal_essay":"You could say that I come from a family of inbreds, or from a family of migrants and interracial marriages. Bothapply. My mother's side of the family has half its members living abroad while my father's side has cousinsmarrying cousins and their sisters marrying their spouse's brothers.Because nothing really beats tales about ski trips told in a Canadian accent or the interesting difference ofperspectives on football between an American sister-in-law and a Swedish cousin, I've always preferred mymaternal side of the family to my paternal side. But truth is, my foreign relatives aren't around for the most part ofthe year. So I spend a lot of time with my close-knit inbred family, listening to eerily similar-looking chubby auntiesmunch on betel leaves and share the same stories repeatedly, occasionally rebuking me for something I did tobreak their medieval rules: Don't use that nail cutter! You'll get robbed if you cut your nails at night! Yes. They'restill superstitious. But it's because of them that I realize how much I want to be around different types of people.It's the discrepancy between the two sides of my family that makes me realize how monotonous life is wheneverybody thinks alike.Seven years of friendship with four people has turned me into a member of an odd friend circle. There's the friendwho only loves to eat, the friend who only picks arguments, the friend who only shops, the friend who only talksabout exercise. And there's me. We grew up struggling to break free of each other's bonds every time we fought,wondering why we hadn't sought like-minded friends, and ultimately learning to compromise and swallow up bitterwords. I call them my best friends because they share everything with me; the reverse doesn't apply. Every time Iramble about how cooking made us smart through evolution or about my interpretation of Descartes' 'Cogito ergosum', I'm met with a silence that sits between us like a third person. So I avoid the things that they can't relate toaltogether \u2014 and sadly, it includes my dilemmas, my family problems, everything. But to compensate for the lackof personal talk, I've adjusted myself as the not-so-serious friend who is a great listener but has a secret geek lifethat she celebrates on her own. Still, I love my friends. Observing them over the years, I've picked up the socialbody language, the social tongue. I've discovered a new kind of interest \u2014 people and their stories.But enough about others. When I socialize too much, I have to shut myself up in the calm of my room to catch upon contemplating. Sometimes I stand in front of the mirror and see a girl, with hair much too black, highcheekbones and watery, emotional eyes surrounded by dark circles (they're inherited!). I reach out to my reflection\u2014 cold, hard, unfeeling \u2014 as she reaches back, and I feel a sudden shock at the fact that I'll never live anybodyelse's story, except Mayisha's. What exactly am I trying to do in this world, if not live as much as I can? I can onlydouse myself in a thousand books, surround myself with my relatives from Canada, Sweden or America, strike upconversations with strangers, or laugh at superstitious comments from inbred relatives. I can only live their livessecond-handedly. And I only have my words to make you feel what it's like to live in my body, think my thoughtsand feel what I feel, but vicariously \u2014 because words aren't thoughts. Or feelings. And this dawns upon me when Ilook at the girl in the mirror, who reminds me that I only have so many first-hand experiences to live. In thosemoments, the fact that I'll never live in someone else's body saddens me. Then again, who am 'I', if not Mayisha'sbody \u2014Mayisha's thoughts?"},{"index":1,"personal_essay":""}]}