{"schema":{"fields":[{"name":"index","type":"integer"},{"name":"personal_essay","type":"string"}],"primaryKey":["index"],"pandas_version":"0.20.0"},"data":[{"index":0,"personal_essay":"'C-I-R-S-U-S\u2026 that's simple,' I confidently thought to myself. I spelled my first word of the class spelling bee aloud to my first grade teacher. Next thing I knew, a dreadful 'ting'rang out: the sound of elimination. She seemed amused by my misstep: 'Circus is spelled with a \\\u2018c,' not an \\\u2018s'.' Channeling my frustration into an icy determination to win next year's bee, I studied obsessively. Armed with each one of Merriam-Webster's 1557 pages, I fought for my redemption. As I tightly clutched my flimsy 1st place certificate, I felt like my efforts had been validated.For me, winning was exhilarating, but not enough \u2014 I had to be better no matter what. My desire to constantly improve was almost compulsive. My high standards drove me to sports where I didn't have to depend on teammates that could fail me: chess, tennis, and swimming. I even played basketball alone; I spent hours at a neighborhood hoop tirelessly working to sink as many consecutive three-pointers as I could. Every shot had to be perfect. But, I was a solo performer, and shouldering this enormous burden alone took a toll.In fifth grade, my love for science and fast-paced competitions led me to Science Bowl. But there was one caveat: I had teammates. Wary of working with others, I tried to become my own team, memorizing as much as I could about every subject. However, one question soon revealed the flaw in my approach: 'Which of the following is true of the mantle?' Even though I wasn't sure of the answer, I impulsively slammed down on the red button and guessed. Rather than let my teammates, who may have known the answer, buzz, I had to determine the outcome.My fatal buzz ended the match. Costing not only myself, but also my team, the competition felt horrible. I couldn't actually master physics and chemistry and biology and astronomy by myself. Initially, I distanced myself entirely from Science Bowl; however, a few days later, I guiltily faced my teammates. The consequences of my individual failure made me realize that, to win, I had to work with others and trust my teammates.Science Bowl showed me that winning required teamwork, but I still saw collaboration as just a way to win.However, researching at a biomedical engineering and physics lab in my junior year completely transformed my perspective. My first few interactions with my fellow interns were cringeworthy, filled with awkward silences and meaningless pleasantries. However, one day, a supplies shortage forced us to devise our own experimental apparatus with my iPhone and a selfie-stick. I discovered something much greater than the scientific uses of selfie-sticks that week \u2014 I discovered how much true collaboration matters. To celebrate our success, we trekked to 'Speedy Street Tacos,' a nearbytaco stand that became our daily lunch spot. Discussing everything from our ideas for optimizing super-hydrophilicity to Makoyi's (in)ability to woo women bridged our differences in age and experience. Once we became friends, our work was so much better, and we had fun doing it. We would have never succeeded as much as we did without our camaraderie. Ultimately, I've grown to embrace that life's a circus \u2014 a crazy show filled with failures and mistakes that make it uniquely mine. Despite what that second grade spelling bee champ thought, winning isn't everything. Chatting at a roadside taco stand creates something greater than any certificate or win. Succeeding, truly succeeding, isn't possible solo. I can't answer every question, I can't research everything (at least now, I usually spell everything correctly). I still want to win \u2014 to strive for perfection \u2014 but I now know that I'll always have help in getting there.My 'cirsus' will always be a little imperfect, but with all the things we're juggling, I know it's my fellow performers that will be there to help make it a great show.My love for science and fast-paced competitions led me to Science Bowl. But there was one caveat: I had teammates. We all memorized as much as we could about every subject without communicating. However, our first tournament soon revealed the flaw in our approach: rather than deferring to other teammates, who were more knowledgeable on the topic, we all raced to slam down on the red button.This strategy cost us many matches and, initially, our team grew apart. However, a few days later, I guiltily called a team meeting. To win, we had to trust each other. As captain, I made study plans for my teammates, so that we could become specialists in our respective subjects and rely on each other to win. Science Bowl showed me that leaders can't succeed on their own. But it wasn't until I started researching at a biomedical engineering and physics lab in my junior year that I saw collaboration as more than just a means to win. My first few interactions with my fellow interns were cringeworthy, filled with awkward silences and meaningless pleasantries. However, one day, a supplies shortage forced us to devise our own experimental apparatus. Armed with my iPhone and a selfie-stick, I led the efforts to build a surface energy measurement tool. That week, I discovered something much greater than the scientific uses of selfie-sticks \u2014 I discovered how much true collaboration matters for its own sake. For the rest of the summer, I embraced my role as part of this new team by writing papers and grants, and leading the research and development on our microliter blood analysis technique called HemaDrop.My experiences in Science Bowl and research have transformed me from a leader who saw teamwork as a means to an end to someone who truly appreciates the value of working as a team. Every day, my new perspective on what it means to be a leader allows me to be a better researcher, team captain, and ultimately a student who can contribute meaningfully to his community.I view humor as one of my greatest talents -- not because I'm that hilarious, but because of how it connects me with others. I employ humor to build upon existing relationships and forge new ones. It is my way of bringing out the best in myself and others is through humor.Humor has even found its way into my Organic Chemistry class, where our primary language isn't English or chemical nomenclature -- it's nonsensical inside jokes. We chuckle at tert-butyl alkyl groups, even creating the substituent with our arms. Contrary to what you might think, these inside jokes do not hinder learning. Instead, they enhance it. For instance, when I'm taking a test and a 'terty' butyl is attached to a cyclic alkene, all of the jokes we cracked flood my memory, and I can immediately identify the compound. 'Boring' material becomes entertaining. My passion comes through when I explain concepts to my classmates or the younger children I tutor when I use amusing acronyms and mnemonics. Humor reminds me and those around me that work and fun aren't mutually exclusive. And fun actually makes work a lot more effective. My jokes go beyond reinforcing learning. However superficial, they create moments that deepen my bonds with others. When I see a classmate after a tough day, we can always grin by making a tert-butyl with our arms. During junior year, I wanted to be able to expand that by writing a mock-advice column, entitled Yash-ip Girl (yup, a synthesis of my name and Gossip Girl), in our school newspaper. After a somewhat rocky start, my audience grew wider, and hilarious questions began filling up my inbox. Students and teachers alike still often stop me in the hallways by yelling my pseudonym and referencing some ridiculous line from the column (for instance, advice on 'balling') that made them laugh. I love how humor allows people to bond over shared experiences and truly enjoy the work we do. I view humor as an essential part of myself, like a bone in my arm. Now isn't that humerus?The two staples of our AP Physics C class were the deep baritone voice of our beloved teacher, Mr. Mac and a poster that read, 'Formulas are for babies.' Before AP Physics C, I viewed physics as just another subject -- another class where I had to do some practice problems, read the textbook, and take tests. I enjoyed solving problems, but I studied superficially by memorizing solutions instead of understanding how to approach any problem. I developed my ability to actually solve problems instead of simply regurgitating solutions. And it was beautiful. AP Physics C taught me more than just mechanics, electricity, and magnetism, but how to study and approach everyday problems more meaningfully. Physics quickly became one my passions even outside of the classroom.Armed with my new appreciation, I joined my school's Physics Club and prepared for the U.S. Physics Olympiad Exam, on which I earned semifinalist honors. Challenging myself every Tuesday to understand new, abstract concepts about Modern Physics and attempt difficult problems was liberating -- I reveled in the systematic approach I took to solve problems.My love for physics deepened when I started pursuing research as a junior. As I learned about Quantum Mechanics in the classroom, I saw the real life applications in the lab -- for instance, we had talked about using an ion beam to excite electrons, and I had the chance to work with a particle accelerator weekly! Along what I learned in my physics classes, my experiences in biomedical engineering research intricately related physics to biology, another one of my passions. In fact, the most interesting and complex physical system to understand is the human body. Whether it's Bernoulli's principle governing the flow of blood through the heart or mechanical stress determining the optimal composition of prosthetics, solving problems -- like microliter blood analysis -- at the intersection of physics and biology is extremely impactful and intellectually stimulating. Ultimately, physics has provided me with crucial problem-solving abilities that I use in all aspects of my life. I now aspire to solve problems at the intersection of biology and engineering with biomedical engineering."},{"index":1,"personal_essay":"The taste of Evanston from my summer visit left me craving more \u2014 the collaborative, hands-on approach to engineering at McCormick, the shared passion for designing technology to help others and, of course, Buffalo Joe's famous wings. What I love about Northwestern is its whole-brain approach to engineering and the opportunity to directly pursue a career in medicine with HPME.Through the quarter system and holistic curriculum, I can discover everything \u2014 from computer science to biotechnology \u2014 as a BME major. Like me, Northwestern views engineering as art, a creative outlet. Innovative courses such as Design Thinking & Communication allow students to embrace academic freedom and solve real problems. Moreover, Northwestern's undergraduate experience is inherently interdisciplinary and perfect for me. This past summer, while I performed academic research at ASU, I also interned at a biomedical startup for our microliter blood analysis method, HemaDrop. I always knew that I loved engineering and biomedical research, but over the summer I experienced first-hand that collaboration with other researchers and clients makes scientific advances accessible and impactful. As a Wildcat, I can connect business and science by also pursuing a management certificate at Kellogg. While I learn invaluable skills in liberal arts and engineering, pre-professional advising will help fulfill my dream of blending medicine and engineering. At Northwestern, I can experience the satisfaction of patient care through the Northwestern Network Mentorship Program or at the Rehabilitation Institute of Chicago, the intellectual stimulation of research with UR@NU, and a plethora of diverse work experiences in Chicago for Northwestern students. When I think of Northwestern, I don't just see \\\u2018Dillo Day at the Lakefill, a Big Ten game at Ryan Field, or the rock I will fiercely guard with my classmates. I see endless possibilities of my future framed in purple and white.The taste of Evanston from my summer visit left me craving more \u2014 the collaborative, hands-on approach to engineering at McCormick, the shared passion for designing technology to help others and, of course, Buffalo Joe's famous wings. What I love about Northwestern is its whole-brain approach to engineering and the opportunity to directly pursue a career in medicine with HPME.Through the quarter system and holistic curriculum, I can discover everything \u2014 from computer science to biotechnology \u2014 as a BME major. Like me, Northwestern views engineering as art, a creative outlet. Innovative courses such as Design Thinking & Communication allow students to embrace academic freedom and solve real problems. Moreover, Northwestern's undergraduate experience is inherently interdisciplinary and perfect for me. This past summer, while I performed academic research at ASU, I also interned at a biomedical startup for our microliter blood analysis method, HemaDrop. I always knew that I loved engineering and biomedical research, but over the summer I experienced first-hand that collaboration with other researchers and clients makes scientific advances accessible and impactful. As a Wildcat, I can connect business and science by also pursuing a management certificate at Kellogg. While I learn invaluable skills in liberal arts and engineering, pre-professional advising will help fulfill my dream of blending medicine and engineering. At Northwestern, I can experience the satisfaction of patient care through the Northwestern Network Mentorship Program or at the Rehabilitation Institute of Chicago, the intellectual stimulation of research with UR@NU, and a plethora of diverse work experiences in Chicago for Northwestern students. When I think of Northwestern, I don't just see \\\u2018Dillo Day at the Lakefill, a Big Ten game at Ryan Field, or the rock I will fiercely guard with my classmates. I see endless possibilities of my future framed in purple and white.My AP Seminar group: the definition of uncomfortable. Random chance placed me with unfamiliar, shy classmates. Somehow, I convinced them to research fantasy-football leagues' legality, which only appealed to me. Awkward pauses filled out-of-sync Google Hangouts. Only my voice echoed through otherwise silent calls, and my perspective dominated our paper.After our teacher identified our argument's flaws, we realized the integral flaw was our group. To succeed, listening and trusting became my priority; I resisted the urge to interject, encouraging them to speak up. Our Hangouts and writing became more animated, with three voices contributing, not one. We became a 'fam' of multiple perspectives.This experience prepared me as a leader, comfortable both making his voice heard and listening to others. I will thrive in Tech's 'fam,' as I look forward to encountering unique perspectives. After all, communication and collaboration are the foundations of Tech's BME curriculum."}]}