{"schema":{"fields":[{"name":"index","type":"integer"},{"name":"personal_essay","type":"string"}],"primaryKey":["index"],"pandas_version":"0.20.0"},"data":[{"index":0,"personal_essay":"'Oh no, Michelle! Can you even eat those?' Celia's mother exclaimed, seeing the two cheeseburgers on my plate. The beef patties and slices of cheddar cheese stacked between two tiny buns were definitely not kosher. Yet, they definitely looked delicious. I was at an impasse. My family ate only kosher foods in our household and my friend's mother knew of my dietary restrictions. After years of following the scientific method in school, I deduced there was no solid evidence barring me from eating the adorably small cheeseburgers. I shrugged and bit into the slider.My parents, Soviet refugees who came to America to escape anti-Semitism, pride themselves in being able to observe their faith openly. When my grandfather passed away, my father became more religiously observant to cope with his grief. My family followed his example and began the transition away from our previous, less rigorous traditions. We decidedly identified ourselves as Orthodox Jews.Dressed in modest, black clothing, I came to my first Orthodox service to support my father. I sat on the opposite side of the room from him and the rabbis leading the service. A lace fabric, called a mechitza, separated the men and women. 'This seems sexist,' I thought. At eleven years old, alienated from the equality of my past synagogue, my modern mentality became apparent. Yet, my father looked happy, smiling at me from across the gender divide. Our difference in attitude prompted my uncertainty. I wondered if I was wrong for questioning a simple seating arrangement.In contrast, I found certainty within my academics. I felt more comfortable with my schoolwork than abstract traditions. When conducting an experiment, I knew exactly why I was following certain steps; religion didn't provide this same confidence. In AP Statistics, I learned how to prove a hypothesis significantly true with a direct methodology. No mysteries remained a mystery; unlike the religious divine, math questions could be systematically verified. In AP Chemistry, where I measured acids and bases in (almost) perfect proportions to create a neutralized solution, the logic behind the science was clear. This precise reasoning contrasted to my struggle with religion where I had no way to determine which level of observance was correct.My inability to find rationality within Judaism caused me to stop practicing religion. During this time, my father and I argued daily. I saw him as a traditionalist, stuck in his ways, while I was as a modern woman pursuing academic interests. However, I felt disconnected from my father. Perhaps, I was being too harsh and judgmental due to my discomfort with his beliefs.As the years wore on, I noticed my father reading Hebrew prayer books late into the night. His studies led him to keep a detailed list of questions at the ready for whenever he invited rabbis to our home. In many ways, the diligence he took in discovering his beliefs were parallel to my own academic inquiry. Both of us craved knowledge and understanding. For him, religion was a salve to deal with his grief over the loss of a parent. For me, schoolwork offered the solace of clear answers in lieu of rituals and prayers.Debating with my father on the tenants of his ideology hasn't been easy. Nevertheless, we find commonality in a main principle of Judaism: the encouragement of questioning. Unlike many other religions, Judaism doesn't comport itself to blind faith. Instead, one is instructed to catechize in order to strengthen one's beliefs. By finding a common trait of intellectual curiosity with my father, we've reached a de\u0301tente.These days, my questions still aren't fully answered. I'm working to find my set of beliefs by applying reasoning to whatever crosses my path (including cheeseburgers). As I learn and deliberate, I won't judge others for doing the same."},{"index":1,"personal_essay":"'You're a budding polymath,' my counselor remarked as she perused my transcript. Art history, Spanish, computer programming\u2026Unable to label myself strictly a 'science' or 'humanities' kid, I am an aspiring Renaissance woman. As a Brunonian, I'll continue to research the relationship between negotiation and the gender wage gap with support from the Pembroke Center and Professor Kenneth Chay's expertise in labor economics. Keeping my love for teaching and language alive, I'll tutor English language learners (ELLs) in the Providence community with the Swearer Center's Community Corps while studying with The Education Alliance. Brown's Open Curriculum lets me be free to explore my parents' culture in, 'Russian Literature to Translation,' advance EconGames with courses on game theory, and participate in the only undergraduate program for behavioral decision sciences. The open-mindedness gained from my experience with my father's religious journey has prepared me for a life of critical thinking and inquiry; it also affords me insight within the classroom and as a future mentor in the Interfaith Exchange club. No matter where the curriculum I create or the extracurriculars I participate in lead me, with the guidance of a strong advising network and my peers, I'll have a renaissance of my own.Why Brown and why the Brown curriculum?My interest in Duke began with Professor Ariely's books. Using them, I taught myself economics for an educational start-up and digitally traced students' investment strategies, becoming fascinated with the ripple effect of decisions. Incorporating the mathematical analysis afforded by data science and technology that brings sense to human agency, Duke's Decision Science Certificate would satiate my curiosity. I've already started my research, studying adolescents' alignment with gender-normative behaviors in negotiation scenarios; hopefully, I can continue through the SSRI with Professor Rosette whose research laid the basis for my project's experimental design. Even outside the classroom, Duke pulls me in. The open-mindedness gained from my experience with my father's religious journey has prepared me for critical thinking and inquiry; it also affords me insight as a future participant in VIA. I'll bring teaching skills to CHANCE, clumsiness to club lacrosse, and a sincere interest in investing in the Duke community.If you are applying to the Trinity College of Arts and Sciences as a first year applicant, please discuss why you consider Duke a good match for you. Is there something particular about Duke that attracts you?At 7:26 a.m., I prepare the library table. My energy jump-starts when Juan greets me. We converse, he in English, while I butcher Spanish with my accent. 'Casi, casi,' he says when my grammar falters. More students filter in as the session progresses, joining our symbiotic language exchange.Native-Spanish speakers like Juan are an unseen majority within my high school. Noticing their presence in the halls and absence in advanced classes, I expressed concern to my guidance counselor. She explained the limited resources of my school's English as a Second Language Program (ESL) and the resulting academic strain. As a first-generation American, this news recalled my pain, when I first realized my parents' difficult assimilation experience. Growing up, I struggled to maintain Russian proficiency against peer pressure; immaturely, I lashed out at my parents for their different dialect. Throughout high school, however, my mentality shifted. Reading Nabokov and Pushkin with my father's aid, I cringe at my past self's ignorance of the meaningfulness of bilingualism.Motivated by my experience, I founded a tutoring program. Collaborating with teachers, administration, and friends, my idea grew into a community (eventually encompassing even Turkish and Chinese immigrants). On the first day, nonetheless, Juan was the only one to show up. My insecurities about my rudimentary Spanish dissipated when he deemed our session a daily tradition. From then on, free-flowing discussions exposed me to the semantics of Spanish and unforeseen friendships, giving me the confidence to transcend language barriers.Tell us about something that is meaningful to you and why.Inspired by my school's ESL students, I was researching racial education achievement gaps. 'We don't have a big enough sample size,' Dr. Nardi said. 'How about a gender-focused project?' Nodding half-heartedly, I blamed my disinterest on my passion for the other topic.Unbeknownst to me, my abnegation to analyze a different demographic stemmed from my female identity. Distanced from the effects of racial inequality, analyzing stereotypes apart from my own meant analysis from afar. Being catcalled as I walked through Queens or my mother's struggle to lead her male employees were irrelevant in my original project. Once I recognized that the source of my discomfort came from examining a topic too close to home, I faced an ethical dilemma: contributing to academia or my peace of mind. Choosing the former, I began with Deborah Tannen's works concerning gendered behaviors. Learning differences in communication were a central cause of the wage gap, I digested Linda Babcock and Sara Laschever's theories on how women don't negotiate to save face. In the midst of recent female empowerment programs, socialized expectations remained. Angered by this, I designed my project on the perceptions of negotiation by adolescents (an age group unexamined by negotiation researchers and the guinea pigs of empowerment campaigns). Admittedly, it stings to see biases emerge among my peers as I collect data. However, it excites me knowing my research is the starting point for solutions. No longer sitting idly by, I enjoy learning about the intersection of gender and communication behaviors.The Stanford community is deeply curious and driven to learn in and out of the classroom. Reflect on an idea or experience that makes you genuinely excited about learning.Riding my Barbie scooter around my neighborhood, I discovered pill-bugs, lilacs, and crab apples with real and imaginary friends. My childhood in Rochester, NY was idyllic, filled with outdoor adventures. When I was 12, I moved to Long Island. Surrounded by a sudden saturation of wealth in the form of mansions and iPhones, my insecurities pushed me to create wealth in academic accolades. Disheartened by newfound anxiety, I found release in the oasis of NYC: the Brooklyn Botanic Garden. There, I regained my childish excitement. Now, as a docent with hands full of worms, I help others find theirs.Tell us where you have lived - and for how long - since you were born; whether you've always lived in the same place, or perhaps in a variety of places.My favorite courses are sociology and statistics. I discovered my passion for sociology during my sophomore year in high school, when I took a dual enrollment class on the topic through Syracuse University. What appeals to me about sociology is the synthesis of quantitative and qualitative research to understand seemingly random trends among people. Importantly, this subject combines my passion for the humanities and mathematical analysis. After taking AP Statistics during my junior year, my appreciation for sociology intensified as I learned how to interpret data to defend hypotheses and discredit biased interpretations. With the ILR School's requisite courses like Organizational Behavior and Human Resources, my growing interest in human behavior can be contextualized and made tangible in the workplace environment.The ILR School's emphasis on working on teams and fostering creativity in group settings is also a huge draw for me. My personal experience reflects this emphasis on teamwork: as part of AP Capstone Seminar, a research course with a strong collaborative component, I worked on a half-year project with five of my peers. When I took on a leadership role, keeping everyone engaged was a challenge. In fact, one group member told me she would not contribute. Disappointed by the strain this endeavor caused on my friendships and academic performance, I wanted to understand what went wrong along the way. Reflecting on the project, I realized working on a team requires more than just sheer will and commitment. Keeping people motivated, interested, and organized is a skill that takes effort to develop. Now, whether as a lawyer on the mock trial team or a student delegate on the Board of Education, I am cognizant of my communication techniques and the delegation of responsibilities. By being conscientious of others' strengths, I become a leader that allows everyone's talents to shine. Often, this mindset generates my most fruitful collaborations.My personal experience with leadership and teamwork mirrors the academic focus of the ILR School. Unlike any other undergraduate program in the nation, ILR provides me with the opportunity to examine the way people work in teams. Inspired by the potential of teamwork, I'm excited to gain more insight on these subjects in management development and in organizations like the ILR Student Government Association. This past year, I have begun my studies examining workplace behavior by engaging in an independent social science research project. Building upon my understanding of the gender wage gap via my economics classes, I wanted to learn more about whether the initial wage and benefit negotiations of employees played an impact in creating such a gap. After reading studies by sociology scholars like Linda Babcock and Sara Laschever, I learned that, generally, women are less likely to negotiate for higher compensations. Curious if my peers would similarly adhere to gendered behavior in negotiations, I designed a study on the interaction of teenagers during negotiations. I found that gender biases are present amongst my peers long before they crystallize in a workplace environment. While the results of my research weren't earth-shattering, they piqued my interest in negotiation tactics. I look forward to leveraging my own studies in the requisite classes on collective bargaining, negotiations, and labor history.Most importantly, I see the value of the educational platform that the ILR School provides in career paths of law, education, sociology, and labor organizing. I'm not sure what path I will pursue after college, but I know that the ILR School's fundamental understanding of human relationships in the workplace will equip me with the academic background and interpersonal skills a typical business program could not. Cornell's ILR School overall is the right school for me as it combines my passion for the social sciences with an applied setting. I am excited to take the skills I gained in high school, through my leadership roles and concentrated coursework, and pursue them at a school dedicated to advancing the world of work.Tell us about your intellectual interests, how they sprung from your course, service, work or life experiences, and what makes them exciting to you. Describe how ILR is the right school for you to pursue these interests.Hey,I'll admit it: I am the person you'll want to strangle for snoring too loudly. I am also the person who will make up for it by memorizing your favorite takeout order and staying up until 3 a.m. hypothesizing the secret lives of our professors. Or, I'll get you a pair of Crocs to match mine.Your phone will be filled with invitations to join me in DIY-ing (have you heard of cloud lamps?), passing a lacrosse ball around, and Monopoly tournaments. By the way, please excuse my early morning jazz playlist; I can'thelp thinking there's something cinematic about trumpets announcing the sun. Speaking of the sun, I'll analyze your star chart. Yes, astrology is a pseudoscience but I'm armed with my mother's superstitions and a fascination for its historical and astronomical origins.When I'm not dancing around our room like Eileen from Seinfield to the aforementioned playlist, you'll find me hunched over a computer muttering to myself about data sets. Don't worry, if you need a study partner, I'll snap out of my trance. The best study technique my friends and I use is to teach topics we want to memorize to a person who knows nothing about it. These interactions surprisingly once melded art and biology (the golden ratio applies to bee mating, who knew?). I'm looking forward to finding discipline crossovers with you too.In all seriousness, thanks for joining me on this journey and let me know what color Crocs you want. - ShellyNote to future roommate"}]}