{"schema":{"fields":[{"name":"index","type":"integer"},{"name":"personal_essay","type":"string"}],"primaryKey":["index"],"pandas_version":"0.20.0"},"data":[{"index":0,"personal_essay":"The human mind is a beautifully complex thing in which there lies a minimal distinction between pure genius and absolute insanity. My father is a man of the highest intellect who fell victim to event-induced psychosis; the stress of his work caused him to blur this line.I was not rushed into independence prematurely as most children of the physically or mentally disabled are\u2014my bills were always taken care of and my mother ensured that a home cooked meal always waited for me on the dinner table. Rather, it was the intellectual growth through which I had to forge my own path. It was an ironic paradox: my father, educated at some of the most prestigious universities in the world, was unable to sit down and explain answers to the simple questions I was always asking: Why does cutting onions make mom so sad? Why am I pushed backward when a car starts? Why does my skin shrivel after a long bath? These topics were far too simple for the limitless imagination that plagued my father's mind. He would rather spend his time torn between analyzing the physics of the fourth dimension, debating whether or not he was being filmed through government-owned cameras in our showerheads, and falsely accusing my mom of repeated infidelity because of the wrinkles he found in his sheets late at night. For someone whose mind was stretched so thin just differentiating between fiction and reality, I could hardly blame him for the ignorance he felt toward the simplicities of vectors and middle school biology.'Sabina, just figure it out,' was a sentence I heard frequently. And that's precisely what I learned to do. A world of self-indulging education characterized by bike rides to the local library and the tremendously reliable Internet explained to me the chemistry of onions, the physics of inertia, and dermatology's relation to the nervous system.But as I grew older, my questions grew increasingly complex, and the Internet and library books no longer appeased me. What is the true purpose of the education system, and is it really effective? How important is a balanced arts education in a place like the Silicon Valley? And, most ambiguous of all: how do you define love, and can it be obligatory?In middle school, I began creative writing. My mediums ranged from the inside of my arm, a receipt wedged between my car seat and door, and occasionally, when I was lucky enough to hold my thoughts for substantial enough periods of time, my journal. I have found that even if my questions aren't countered with an immediate answer, writing them down is a first step. It can fill in the grays when I can't yet find my own colors; it's a way for me to synthesize thought processes in succinct, effective ways that make me a sharper thinker and better communicator. When I couldn't comprehend the massive implications of science's latest breakthroughs, I imagined a world where technology advanced faster than humans could keep up. I jotted ideas on the back of a McDonald's napkin: What would life be like in a world where computers were capable enough to overthrow humans? Is that even possible in the foreseeable future? These questions eventually unfolded into my first novel: a science fiction in which I managed to fathom answers to these questions on my own. So, yes, maybe the universe lacks a guide to the galaxy, but at the very least I'll always have a pen and the infinite expanse of a napkin from the nearest fast food restaurant.In the midst of this ambiguity, one thing is certain: my father has transformed me into someone capable of discovering clarity on my own. Inertia may push me backward when a car starts, but it fails to prevent me from moving forward, demanding answers, and, occasionally, creating on them own. My father may not have taken me on road trips, asked me how my day was, or helped me with math homework, but he has granted me the gift of self-driven curiosity\u2014one I am unequivocally grateful for.The human mind is a beautifully complex thing in which there lies a minimal distinction between pure genius and absolute insanity. My father is a man of the highest intellect who fell victim to event-induced psychosis; the stress of his work caused him to blur this line.I was not rushed into independence prematurely as most children of the physically or mentally disabled are\u2014my bills were always taken care of and my mother ensured that a home cooked meal always waited for me on the dinner table. Rather, it was the intellectual growth through which I had to forge my own path. It was an ironic paradox: my father, educated at some of the most prestigious universities in the world, was unable to sit down and explain answers to the simple questions I was always asking: Why does cutting onions make mom so sad? Why am I pushed backward when a car starts? Why does my skin shrivel after a long bath? These topics were far too simple for the limitless imagination that plagued my father's mind. He would rather spend his time torn between analyzing the physics of the fourth dimension, debating whether or not he was being filmed through government-owned cameras in our showerheads, and falsely accusing my mom of repeated infidelity because of the wrinkles he found in his sheets late at night. For someone whose mind was stretched so thin just differentiating between fiction and reality, I could hardly blame him for the ignorance he felt toward the simplicities of vectors and middle school biology.'Sabina, just figure it out,' was a sentence I heard frequently. And that's precisely what I learned to do. A world of self-indulging education characterized by bike rides to the local library and the tremendously reliable Internet explained to me the chemistry of onions, the physics of inertia, and dermatology's relation to the nervous system.But as I grew older, my questions grew increasingly complex, and the Internet and library books no longer appeased me. What is the true purpose of the education system, and is it really effective? How important is a balanced arts education in a place like the Silicon Valley? And, most ambiguous of all: how do you define love, and can it be obligatory?In middle school, I began creative writing. My mediums ranged from the inside of my arm, a receipt wedged between my car seat and door, and occasionally, when I was lucky enough to hold my thoughts for substantial enough periods of time, my journal. I have found that even if my questions aren't countered with an immediate answer, writing them down is a first step. It can fill in the grays when I can't yet find my own colors; it's a way for me to synthesize thought processes in succinct, effective ways that make me a sharper thinker and better communicator. When I couldn't comprehend the massive implications of science's latest breakthroughs, I imagined a world where technology advanced faster than humans could keep up. I jotted ideas on the back of a McDonald's napkin: What would life be like in a world where computers were capable enough to overthrow humans? Is that even possible in the foreseeable future? These questions eventually unfolded into my first novel: a science fiction in which I managed to fathom answers to these questions on my own. So, yes, maybe the universe lacks a guide to the galaxy, but at the very least I'll always have a pen and the infinite expanse of a napkin from the nearest fast food restaurant.In the midst of this ambiguity, one thing is certain: my father has transformed me into someone capable of discovering clarity on my own. Inertia may push me backward when a car starts, but it fails to prevent me from moving forward, demanding answers, and, occasionally, creating on them own. My father may not have taken me on road trips, asked me how my day was, or helped me with math homework, but he has granted me the gift of self-driven curiosity\u2014one I am unequivocally grateful for."},{"index":1,"personal_essay":"When I walk through Red Rock Cafe's doors every Monday, I don't know what to expect from that night's open mic. This cafe is my community joined together by a common need to convey.People here exist in two spheres; one in which they communicate, and one in which they solely interpret. This inherent duality is further strengthened by the uniqueness of everyone's demographics; these individuals have taught me to realize the depth behind the most unexpected of people.Nobody quite anticipated me, the buoyant teenager, performing a slam poem about the effects of living with a mentally ill parent. Similarly, I was in disbelief when the male rape victim sung about his perspective on female objectification\u2014it was my prior belief that males simply couldn't understand. I've spoken to a boy who emancipated himself at fourteen, witnessed the coming out story of someone who defies every gay stereotype, and seen a valedictorian hide a pregnancy from her family, finding solace instead within our cafe community. I've learned the necessity of acknowledging the deception of appearance, and the powerful role arts plays in conveying emotional truths. These nights have provided me an outlet to make my own voice known; it's where my sheets of lyrics and poetry become an immense force of unadulterated expression, folded cautiously to fit on the tip of my pen and the chords of my keyboard. My role here is solely to express, and to know when I need to shut the microphone off and just listen.I contribute to the unparalleled spectacle of robots coming to life for the first time, blossom with pride as I pitch business ventures to an investor, and bear witness to the beautiful interconnectedness of 808s and synthesizers every time I produce songs. I'm an oxymoronic enthusiast whose diverse interests have bridged traditional academic pursuits; NYU's unique curriculum, which combines business fundamentals with a foundation in the liberal arts, embodies precisely this practice. Only NYU fosters an environment for the ideal intersection of my academic pursuits and artistic passions. Within Stern's curriculum, I'm most eager to take courses in the International Management program, as its international focus will aid my understanding of global economic policies and politics, which correlates strongly with my interest in cultures of the world. However, I admire Stern's encouragement to also take classes across other colleges; through this, I'll study the intersection of psychology, technology, and business. I recognize that these fields are not unambiguously explicit, and studying them in conjunction will grant a comprehensive education. The Science, Technology and Society course addresses my interest in the role technology plays in pushing innovation forward; conversely, Statistics for The Behavioral Sciences will guide my understanding of consumer psychology. Alongside Stern's core, these classes will help me explore multiple academic disciplines and their business applications.As someone whose high-school experience has been shaped by international exposure, I also value access to global opportunity, and NYU would provide precisely this. NYU's International Business Exchange would place me in the heart of an international business environment, allowing me to witness the applicability of what I learn on significantly grander scale. International awareness of this nature will be a vital complement to the intellectual foundation I'd build at Stern.Of course, my interests transcend beyond academia; a necessary part of my identity involves love for the arts, particularly vocal performance, slam poetry, and creative writing. NYU's prime location in an arts-driven city makes it the perfect place to further these fascinations, and the NYU N'Harmonics a-capella group appeals directly to artistic interests I've pursued throughout high-school, like my musical duo. At NYU, integration of academic focuses typically pursued in isolation forms a whole that is unarguably greater than the sum of its parts. From taking advantage of the breadth of international opportunities to sampling vastly different fields of study across colleges, Stern promises to fuel my future as a culturally-aware, well-versed entrepreneur. Since the day I realized my future would be in the world of negotiations and entrepreneurship, I have fantasized about attending a school that would allow me to push the boundaries of business beyond what my high school has provided me. Ross School of Business offers so much in terms of research possibilities, useful core classes, and unrivaled pre-professional opportunities. Ross is one of the only university programs that fully emphasizes abroad working opportunities. As someone whose high school experience has been shaped by cultural exposure and student exchange programs, accessibility to global learning is extremely important to me, as it would help me further develop an international perspective. I'm especially interested in the eight-week internship opportunity in Sydney, which would allow me to combine my passions for culture and international business into a wholly revolutionizing learning experience. While other business schools allow students to study courses at universities abroad, Ross is the only school that would allow me to actually gain work experience in a foreign environment. One class I am particularly eager to attend is Strategy 361 - International Management, because it combines enterprise education with culture and international economics. I want to expand my knowledge in International Business, which is currently limited to the International Business course at my school and my involvement in student exchange opportunities. This class in conjunction with FIN 425 - Entrepreneurial Finance, would allow me to explore my niche passion for social entrepreneurship in the context of international expansion. Ross's unique offering of career-oriented classes will facilitate my exploration of my specific academic interests and help me find my place in the international business world. I am confident that Ross's broad course curriculum will provide me with the skills I need to pursue an entrepreneurial occupation in an international corporation. Furthermore, Ross's Women in Business network will provide me superlative enrichment opportunities and leadership roles in the university environment. The apparent strives for diversity for equality attract me to this school in particular. I also reached out to Professor Amiyatosh Purnanandam to inquire more about the opportunities available at Ross, and he raved about the collaborative and creative environment that flourishes there. This combination fosters the exact academic freedom that will be essential to my grasp on entrepreneurship and innovation. Additionally, he mentioned the large alumni base, and how it provides a strong sense of community. I believe that such an immense support group would provide me with unparalleled connections and post-graduate opportunities that are not available at any other universities due to lack of alumni connection.There is so much for me to learn, from taking classes tailored to my niche international entrepreneurial interest, pursuing educational opportunities in Sydney, and spending long, hard working nights with brilliant business minds. I know the Ross School of Business is the first step in fueling my journey as a business leader. Visualize a cube. Its axes represent speakers, volume, and frequency, and none of its components can overlap\u2014this is how I learned to produce music. Fascinated by this discovery and eager to push further, I co-wrote a pitch for Cubed: an application that displays this cube on a physical interface so one can see where musical tracks overlap instead of fiddling by ear. Cubed is a manifested combination of my interests in both entrepreneurship and musical production, but it isn't my first entrepreneurial pursuit, and it won't be my last. My first successful venture came two years ago, when I filed my arts-education project, SYNC, for nonprofit status. I carried this momentum into this past summer, when I had an idea for an application that books restaurant reservations and sells them at fluctuating price points to maximize restaurant revenue during peak hours. I pitched the idea to a panel of venture capitalists in Pennsylvania\u2014and they hated it. But that's okay\u2014I'll develop the idea further or come back with another, and another, because that's the thrill that accompanies a passion for entrepreneurship. The infinite room for growth that business offers astounds me. At Dyson, the unique emphasis in applied economics will allow me to transcend the bounds of general management or economics degrees. Classes in the Applied Economics Core will be extraordinarily instrumental for my future, as my success in the entrepreneurial field depends largely on my understanding of topics like scarcity of resources and development economics. Outside this core, concentrations in both Entrepreneurship and International Trade and Finance appeal to me. While the Entrepreneurship concentration will catalyze my future as an active businesswoman, the International concentration will facilitate my understanding of global economic policies, which correlates strongly with my interest in cultures of the world. Together, these two concentrations yield an understanding of not only of how to successfully contribute to the business world, but also how each contribution unfolds on a global scale.However, I admire Dyson's belief in supporting impeccable business education with strong foundations across multiple academic disciplines. Because Cornell's business school sprouted from CALS, I would be offered a broader bandwidth of courses across both colleges. Through this, I hope to study the intersection of psychology, technology, and business. These fields are not unambiguously explicit, and studying them in conjunction would grant a comprehensive education. For example, the Technology Strategy course addresses my interest in the role technology plays in pushing innovation forward, while the Consumer Behavior course acknowledges psychology's role in product marketing. Alongside Dyson's core, these courses will help me explore multiple fields and their business applications.Cornell also recognizes that entrepreneurship isn't teachable just within the confines of classrooms, as exemplified by resources like Blackstone Launchpad. Dyson's tight-knit community of 90 students fosters a collaborative and supportive environment, making Cornell the perfect place to experiment with entrepreneurial pursuits and obtain insight from faculty and peers. Here, I'm guaranteed that no matter what my next project entails, I'll find support to pursue it. As someone whose high-school experience has been shaped by international exposure, I value access to global opportunity, and Dyson's connection to CALS would provide precisely this. CALS Exchange Program would place me in the heart of an international business environment, allowing me to witness the applicability of what I learn on significantly grander scale. I hope to sharpen my Spanish skills and pursue my artistic interests through both this program and courses like Latino Music in the US and Creative Writing Workshop (Spanish). International awareness of this nature will be a vital complement to the intellectual foundation I'd build at Dyson.At Cornell, the integration of academic focuses typically pursued in isolation forms a whole that is unarguably greater than the sum of its parts. From taking advantage of the breadth of international opportunities to sampling vastly different fields of study, Dyson promises to fuel my future as a culturally-aware, well-versed entrepreneur. There's no moment of mental euphoria quite like discovering the mechanics behind the deceivingly simple. This realization dawned as I produced my first song, a task I'd originally thought as facile. When my project instead became a horrible mess of clashing synthesizer and vocals, I shamefully resorted to scouring the Internet for every production tutorial I could find. There, I was advised to visualize songs as cubes: x-axis represents speaker pan, y-axis represents volume, and z-axis represents frequency; none of the cube's components can overlap. The idea that music, an entirely auditory experience, possessed such a complex visual component captivated me; utilizing this trick in my next project yielded the first I was proud of. Experimenting with 808s and piano riffs shifted my perspective on the bounds of simplicity-it's the same perspective that prompted me to pick apart my iPod to put it back together, dedicate months to figuring out methods behind solving Rubik's cubes, and repurpose wood panels lying in my garage to build a shed, armed only with the expertise of YouTube videos.  I've learned to discover the hidden complexities behind my interests. Consequently, I'm the result of a scatter of intense fascinations, from music to entrepreneurship, technology to poetry, sci-fi to Rubik's cubes. The seemingly uncomplicated is my origin of ingenuity and my generation of thought; it is wholly capable of making every nerve in my brain stand on end and providing me with the unparalleled satisfaction of finally - finally! - figuring out how something works."}]}