{"schema":{"fields":[{"name":"index","type":"integer"},{"name":"personal_essay","type":"string"}],"primaryKey":["index"],"pandas_version":"0.20.0"},"data":[{"index":0,"personal_essay":""},{"index":1,"personal_essay":"Don't hold back. Like seriously. Go hard. There's a bunch of people applying to the top 25 schools with high SAT scores and GPAs. You need to find a way to differentiate yourself. My extracurriculars were decent, but they weren't anything spectacular. I'm 100% sure the reason that I got into my school of choice was because of my essay. I wrote about Bernie Sanders, Minecraft, Lord of the Rings, Donald Trump, Mantis Shrimp, and a bunch of other random, crazy things! The essay is what humanizes you. Don't feel pressured to write a sob story or about the time you cured cancer or whatever. I practically wrote nothing about my achievements in my essay. College admission officers already know that you're smart based off of your numbers. Now it's time to show them what you're passionate about. I just geeked out about the topics I was interested in and about how I loved to learn. Essays are so so SO important. Make sure to spend a lot of time on them! I started in the summer and probably went through fifteen or so drafts. Ask your friends to read your essays as well. Make sure that they could tell that it's still your voice when they read it and that it's not just another random person. Asking English teachers to fix grammatical errors is nice too! Don't hesitate to contact me if you want me to look over your essay or give you any tips!"}]}