{"schema":{"fields":[{"name":"index","type":"integer"},{"name":"personal_essay","type":"string"}],"primaryKey":["index"],"pandas_version":"0.20.0"},"data":[{"index":0,"personal_essay":"'This summer, all of you \u2013 yes, all of you \u2013 will leave this campus a changed person.'Cramped into the bleachers on one side of a gymnasium far too small for its convocationand suffocated by the heat of 600 sweaty, impatient high schoolers, I both felt and heard thecollective skepticism emanating from the crowd. It was the same speech many of us had heardcountless times before, the same speech anytime our parents had forced us to attend soccer campor music camp or camping camp \u2013 it was the same speech. When I first learned of my acceptanceinto the Governor's Honors Program, I was somewhat apathetic. Its tagline of 'Georgia's Finest'struck me as comical, its mission and vision clich\u00e9. I discounted the enthusiasm of my friendswho had attended in years past as post hoc fabrications, memories distorted by time andcontorted by obligations for positivity.As a violin major, I walked into class the first day with the expectation of practicingseveral hours a day, playing in long rehearsals and performing classical pieces as I had in somany music camps before. As we sat in a circle, preparing to perform the ritualistic introductionsand icebreakers high school students have biologically adapted to perform, I looked around theroom and recognized several acquaintances whom I had met at Allstate or youth symphonies. Iexamined the conductor, a short Asian man with a middle part and a satchel strewn over hisshoulder. I made eye contact with a violist who, as I vaguely remembered, didn't like me at allon account of one fateful day back in 7 th grade. By all counts, the next four weeks seemed anodyssey, its course determined by my attitude and actions. Sitting there that first day, though, Icould never have imagined that I would soon be a part of the Lightning McQuintet, watching myfriends perform a La La Land medley and crying with laughter as my conductor dabbed in frontof the entire music department. I could never have imagined that practicing for 2 hours wouldbecome some of my most enjoyable experiences, not because of what I was practicing butbecause of who I was practicing with. That the 3 to 4-hour symphony rehearsals would be someof the most musically gratifying moments I had ever experienced, that our quartet rehearsalswould become 'group meditation' sessions, that we would eat cup ramen every day despiteeating dinner just hours before, I could never have imagined. I'll never forget the hot, stickynights when we lay in the grass and talked about our favorite foods and our favorite movies,complaining about our summer work and discussing the geopolitics of Southeast Asia. I'll neverforget the discovery that, among the 22 string majors, several were valedictorians, some werefuture leaders interning at big corporations, and a handful were varsity athletes. Our conductorhad graduated from Wharton before re-evaluating his passions and returning to music and one ofour cellists' older brother was going to Juilliard on a full ride and my stand partner had gotten aperfect score on the SAT \u2013 and I was a small fish in a big sea. At some point in the 4 weeks, Istopped looking at the orchestra around me as violinists and violists, cellists and bassists; Istarted looking at them as individuals, and as I did so, I started seeing them for who they were,not just as names on a list or as accomplishments on a resume but as people with hopes anddreams, pasts and futures.This summer, I left that campus a changed person. When I first learned of my acceptanceinto the Governor's Honors Program, I was somewhat apathetic.Boy, was I in for a surprise."},{"index":1,"personal_essay":"Through the Open Curriculum, I plan on exploring a wide range of interests from which I can narrow down into a future career. I seek to educate myself in various areas, forging a well-rounded educated tailored to my own interests. I am planning on pursuing both economics and psychology, cultivating a deeper understanding beyond that of a single behavioral economics course. Through the assortment of classes I take, I hope to find a community of people who share an interest in the same areas as I do. The Open Curriculum allows for an opportunity to find life-long friends as all students are allowed to seek out their passions, and through it, meet like-minded people. At Brown, I hope to form a tight-knit, inclusive community boasting an unprecedented and unparalleled bond. However, diversity is meaningless without interaction, and I hope to stimulate conversation. Through our dialogue, we will challenge our convictions and learn to form our own opinions based on the newly available knowledge. I hope to play a part in creating a supportive network that continues beyond college, helping to make each others' dreams into reality. Through the lessons we learn together as a class and through our mentors, I look forward to pouring into the younger classes, leading them to create a community even more tight-knit and inclusive than ours.What do you hope to experience at Brown through the Open Curriculum, and what do you hope to contribute to the Brown community? (250 word limit)When I was driving through midtown Atlanta on the way to the High Museum of Art, I was faced with a tough decision. Should I pay to park close to where I wanted to go, or park for free in a lot that was a fair walk away? This is a dilemma that countless drivers around the world face every day, and \u2013 on the surface \u2013 it seems like a simple issue. I thought little of it when I was deciding where to park, but a week later, I had a conversation with a friend during which we explored what occurred in that process. First, in order for me to decide whether it was better to pay to park close or park far away for free, I had to place a price on the convenience and safety of parking in the lot close to the Museum and determine whether the fee was worth it. Then, I had to determine if the walking distance was worth the savings. Lastly, I had to compare the two calculations and ultimately decide whether or not I would pay for parking or not. We determined that the free parking was, in fact, not free at all, as the walking distance and safety concerns were too high a price to pay. This little unintentional glimpse into the world of economics was my first taste. Additionally, with the incorporation of psychology in behavioral economics, I knew I was hooked.Why are you drawn to the area(s) of study you indicated earlier in this application? (You may share with us a skill or concept that you found challenging and rewarding to learn, or any experiences beyond course work that may have broadened your interest.) (250 word limit)To call the Georgia Junior Classical League my home would be an understatement. The community has taken my heart ever since that first day of state convention in eighth grade, and now I proudly represent it as the President. The GJCL is unique, even among the other JCL state delegations. There are students who thrive in the academic scene, earning award after award in various academic contests. There are students who are athletically gifted, competing by themselves as well as bringing people together to form teams. There are artists, poets, and engineers. The GJCL is diverse in its makeup, yet we all come together to celebrate the language and culture of an empire long gone; it is not a place of exclusion. Whether you're good at Latin or not, whether you are skilled or not, there is a place for you. This inclusivity was exactly what I needed when I entered high school. As a freshman, I was lost at sea, seeking to find a community that I could fit into, but after being introduced to the GJCL, I quickly took up this community as my family. Through it, I found my closest friends and mentors, hailing from all across Georgia and the US. As a student-led organization, it has helped me to develop leadership skills and has taught me what it truly means to put others before myself. Drawing all types of people into a community they can call home, that is what the JCL is all about.Tell us about the place, or places, you call home. These can be physical places where you have lived, or a community or group that is important to you. (250 word limit)"}]}