{"schema":{"fields":[{"name":"index","type":"integer"},{"name":"personal_essay","type":"string"}],"primaryKey":["index"],"pandas_version":"0.20.0"},"data":[{"index":0,"personal_essay":"] I was caught in a rainstorm of glass. The sunroof above had been punctured by something black and round. Lights bled out onto the highway. The freeway stretched beneath and above other roads, forming capillaries and arteries with vehicles as vessels, pumping through. I can see it in my mind's eye; our car hurdling through the dark, skating towards the other skeletal vehicle.  Then suddenly the tire, flat and losing air, must have broken free like some trapped bird. Here is the story I have repeated for twelve years: the tire flew off the car and hit ours. It smashed through our sunroof and carved scars into my leg.  As I sat in the ambulance and watched my legs bleed, my father read a children's book to me. This provides my earliest memory; listening to Froggy All Year Round on the way to the hospital, clinging to words as the world folded in.  I had to wear a sleeve over my child's legs, which were marked with two-hundred and eight stitches. In time flesh spread a lacy covering over them, and soon they could be exposed to the sun.  We won enough money in court to operate over the scars that to this day still twine through the flesh of my right leg \u2013 to make them smooth again. But I never wanted new skin. The scars are continents on my body, formed from the glass that fell and tore my skin. They are tattooed reminders of the transience of life, the way the world can change in a split second.   They have become part of me, stories to be told. With the texture on my own skin comes a desire to travel and hear other people's stories. I want to learn about the workings of the mind, and to understand the way mythology connects to the present, and to examine the histories and cultures of distant places. I will collect more stories with the dollars that were meant to strip me of them.   We live in a society where imperfections are often considered taboo, and where we are expected to be carbon copies of each other, but this negates all possibility of growth and self-expression. I want to sink my teeth into the world and make my mark upon it. I want to collect stories, even if they manifest themselves on my skin.  Today I hold words as closely as I did back in the whiteness of that ambulance. The story I heard as the world collapsed around me so long ago formed a house inside my chest, and I hope to build a home for others with my writing in the same way that children's book did for me. On dark days when the world seems to shatter, I find I can turn the pieces into poetry and stories. Writing carries me deeper into the circulation of life, pumps inspiration through my veins, and illuminates uncharted shores in my heart, and I hope what I create can someday do the same for others. I write because it brings me to the edges of the world that could so easily have been taken away on that summer evening. I write to capture the intricate beauty of the changing of seasons, first introduced to me in a children's book many years ago. I write to create songs that people can keep in the hollows of their ribcages, to be held closely on shadowy nights. I write to affirm the life pulsing through my veins, despite the imperfections on my skin. "},{"index":1,"personal_essay":""}]}