{"schema":{"fields":[{"name":"index","type":"integer"},{"name":"personal_essay","type":"string"}],"primaryKey":["index"],"pandas_version":"0.20.0"},"data":[{"index":0,"personal_essay":"] Reflect on a time when you challenged a belief or idea.  What prompted you to act? Would you make the same decision again?  Bill Gates, Steve Jobs, and Mark Zuckerberg were my childhood heroes. I heard stories of how they single-handedly transformed the digital age. These stories led me to a short-sighted belief: when I left my mark on the world I, too, had to do it alone.  Following my heroes, I began a journey into computer science at a young age. It started when I was nine and my dad bought me a Sony Playstation. I loved playing video games, but I never found the perfect game. To solve this dilemma, I decided to create my own games, and thus, I dove into the world of programming. However, I was very stubborn. When a computer bug appeared in my program, my dad offered to help, but I refused. Like my heroes, I wanted to do it alone. When I entered high school, I was so confident in my computer skills that I signed up for the hardest computer science class offered, AP Computer Science. As the only freshman in the class, I didn't know anyone else, so I chose to work alone. Actually, I preferred this anyway because I thought that other kids would waste my time. I did not trust the quality of their work, and thought I would end up doing most of the project in the end. As the class progressed, other students began forming teams, and I soon realized that their group projects were far better than my solo effort. Luckily, a friendly senior student approached me to join his team. As a team, we worked together to solve problems faster, avoid bugs, and create an advanced finished product. I started to see the benefits of teamwork, but I was not sold just yet. The following semester I joined the debate team. Since debate was a competitive event, I viewed my teammates as competition too, and kept my research and ideas to myself. While I was relatively successful at the local level, I soon learned that the state tournament would be a far bigger challenge. The night before the tournament, we were all scrambling to find evidence and develop arguments. Midnight came and went, and the president of our debate team insisted that we work together. In the end, fifteen of us crammed into my small hotel room and researched until four in the morning. Thanks to our hard work, the following day we won the state championship. On the bus ride home, I reflected not only on how much more successful we were together, but also on how much more fun it was to work as a team. During my junior year, I was extremely fortunate to be admitted to a Youth Entrepreneurship Incubator program called Catapult at the Harvard Innovation Lab. My business idea was (removed for privacy). I was paired with another applicant who had a similar business plan, and we worked with two other students who were interested in our ideas. The program required all four of us to work as a team. Together, we were able to handle the huge amount of work and turn my idealistic vision into a practical solution. At the end of seven months, we created a company that we felt would have an impact (removed for privacy). As we pitched our product, (removed for privacy), I knew I could never have created it alone. Despite my preference to work alone, my proudest accomplishments have been achieved through teamwork. My childhood dream of impacting the world alone was ill-conceived. In fact, even my heroes didn't do it alone. I hope all future young computer scientists will look up to Bill Gates and Paul Allen, Steve Jobs and Steve Wozniack, Mark Zuckerberg and Dustin Miskowitz, and perhaps even (my name) and ... "},{"index":1,"personal_essay":""}]}