{"schema":{"fields":[{"name":"index","type":"integer"},{"name":"personal_essay","type":"string"}],"primaryKey":["index"],"pandas_version":"0.20.0"},"data":[{"index":0,"personal_essay":"A row of worn-down cement shacks populated one side, and straw houses sparsely filled the other with green rice paddies. I was playing games on my dad's new iPhone 4. I didn't want to get out of the van, but I had no choice. Before my uncle even stopped the engine, all my father's relatives flooded around the car welcoming our arrival, knee-deep in mud, even those I had never seen before.My relatives saw this visit as a chance for me to understand my ancestral roots, lifestyle, and traditions that have been ongoing for generations. Although I knew they lived just a few hours from China's economic capital, Shanghai, I was immediately dumbstruck that they lacked the basic necessities of running water and electricity. Where water streamed from my faucets, they pumped it out of wells; where my house was lighted by electricity, gas lamps were the norm for them. In the midst of reflecting upon how hard their lives were, my uncles were gathering piles of cow dung to fuel the cooking fire. I felt as if I should do something to help them with the laborious effort put into dinner, only to be interrupted by the hospitality of my other relatives.After catching up with them, it was time to visit one of my dad's uncles, who lived a few kilometers off on the other side of the dirt road. As we drove, the road narrowed, and our van slowed to walking speed. Bits of the road began crumbling into the dugout rice paddies from the wheels. A twenty minute journey seemed to take hours and when we arrived, my father's uncle came out of his doorless straw hut. It was the first time I'd met him. He seemed to be in his seventies, walking with a cane, waving and smiling slowly at all of us. But the first thing my dad said out of the car was wishing him a healthy one-hundredth birthday. I was speechless. He then showed us the inside of his life-long, hand-built straw house , the rice paddy he worked in and the animals he raised. We invited him back to Grandpa's house for dinner. Despite the festivities and exotic food served, I couldn't eat as my mind was thinking about the everyday difficulties they face that I take for granted, yet it seemed they were all much more content with their lives than I was. The rain finally cleared, and the sun began to set as we gave our farewells. Staring at the back of the car, the village faded away. I told my dad, 'When I have money, I want to modernize this town.' But he responded indifferently, comforting me, 'Don't. I miss some of the old values I had when I was young. Keeping things the way they have been is what keeps them happy.' The village silhouette disappeared below the horizon. It was the first time I met many of them, and for some, the last time. Returning home, I quickly began to see how the lessons learned from my father's village could be applied to my home in Silicon Valley. While social media and technology have improved our abilities to network and connect with others, they have only further alienated those who need support in our society, threatening their sense of belonging. This inspired me to join the Youth Advisory Committee and Mayor's Council of my hometown where I can make the greatest local impact on those who need it. In these organizations, our main goal was to better unify the community through public events and outreach programs to vulnerable groups. From these experiences, happiness took on a new meaning for me: it no longer resonated from the luxuries in life, but from appreciating and supporting the solace and sense of belonging every individual finds in their journey. When I entered high school, all freshmen were mandated to partake in a daily twenty-minute seminar called the Freshman Mentor Program (FMP), where upperclassmen led us in social and academic activities to smoothen the transition from middle school. This was one of the most enriching experiences of my freshman year, as my mentors shaped my academic endeavors. Seeing how much FMP had shaped me, I wanted to do the same for others.On the first day of junior year, I, along with four others, were ready to advise thirty new similar yet diverse freshman. It was my goal to get to know each individual on a one-to-one basis and to help them with whatever they needed. Despite my initial ambivalence of the challenge I would be undertaking, I soon found myself able to connect with most students within these twenty minutes through brief but meaningful conversations. My favorite memory as a mentor was changing a student who actively participated in FMP yet was very timid and shy outside the classroom. If I didn't notice him eating lunch by himself one day, I would never have had discovered his reserved side.After one week, I decided to check in with him. To my surprise, he said he felt insecure from those who once bullied him in his grade and upperclassmen who seemed intimidating. I worked closely with him, introducing him to my friends and student leaders around campus. Step by step, he began to find a sense of belonging at school by proactively taking on leadership through student-run organizations. What felt most heartwarming at the end of the year was that he also wanted to become a mentor to help those in similar predicaments as him. As a second year mentor, it has been a rewarding journey to see the freshmen I've mentored develop in their sophomore year. They have all grown so much from their freshmen selves into mature and confident leaders around campus. Now, I have a new cycle of freshmen, and from last year's experience, I hope to utilize it to further enhance the freshman experience. Capturing the glimmering stars under the Mars-like American southwest or San Francisco's skyline silhouette, landscape photography has allowed me to see the eloquence in nature. Mindfully capturing nature's bounties, mountains and rivers come to life dancing in their raw forms. Even everyday experiences become wonders as they highlight the small things we often take for granted or overlook. But what I love the most about landscape photography is the artistic memorabilia they create for me; hanging around my bedroom walls, I often revisit the experiences of those expeditions.Growing up in a STEM-oriented environment, opportunities to express my creativity were rare. I always thought that everything was either right or wrong. But once I picked up my father's camera, everything changed. The potential of my creativity finally began to unleash.What made me first pick up photography was when I discovered how mechanized this creative process could be. All photography involved was selecting a scene, setting the camera's shutter speed and aperture parameters, and then pressing the shutter button. Yet, only one combination of these parameters yields the best photo. This made me think about the parallel between photography to science: we're given the basic principles and laws of the natural world, but we must figure out that one method of piecing everything together that allows them to function most cohesively as one collective body.Capturing and appreciating landscape photography has given me a new perspective in problem solving and creativity. From rearranging my bedroom so that it's more aesthetically pleasing to evaluating problems more holistically, this hobby has focused my attention to the little but significant details I once overlooked. These details are what sometimes determines the difference between success and failure, especially in programming when a small error such as missing a semicolon can cause your entire program to crash. But what's most important to me was the realization I had that science didn't always have a binary answer. Just like photography, it was finding that perfect combination that mattered. After having taken Principles of Engineering, a Project Lead the Way engineering and computer science course at my high school in sophomore year, I became captivated by the fields of electrical engineering and computer science. Seeing the following summer as an opportunity to enrich my understanding of these fields, I participated in Carnegie Mellon's Pre-College Program, where I took two intensive courses: Introduction to Electrical and Computer Engineering (ECE) and Principles of Computing. Introduction to ECE offered me a hands-on experience of what being an electrical engineer is like. From understanding the theory behind electronic components to circuit analysis to prototyping, it was humbling to finally begin to piece together the tremendous efforts needed to build the computers that exist today. By the end of the course, building circuits became a new hobby for me. It's just like playing with Legos, except with batteries, integrated circuits, and other components: anything is possible, it just depends on how you arrange the pieces together.Principles of Computing gave me a novel perspective on computer science. A field that I once thought was only about creating programs quickly turned into mathematical reasoning as we delved into proving algorithms and using mathematical techniques to model physical systems. Despite the course's steep learning curve, its challenges only welcomed my interests in computer science. Fascinated by how mathematics drove all processes in computers, I became fascinated by how it is applied in subjects such as machine learning and data mining.Upon leaving Carnegie Mellon, my interests became well-defined in these two fields. With more questions about them than I came in with, my desires for further exploration only became stronger. Thanks to the concrete foundations I developed, not only was it easier for me to learn new concepts by myself, but to also read and understand research in these fields. From modeling biological cells with electronic components to conducting research in machine learning, the fundamentals I have learned from these courses have inspired me to pursue a degree in computer science to one day push the frontiers of tomorrow's computing. 'It's lit! The microprocessor's light is blinking! But why? Microprocessors are pieces of metal and clearly can't understand English!'. Though a minor comical celebration, this sparked my curiosity in computer science. I soon became entangled with code to understand why these chips worked the way they did, and how we tricked semiconductors into machines. My interests quickly ravaged from hardware components to applets to machine learning, where I became faced with a new challenge: understanding the mathematical implications behind neural networks. My interests in computer science were well-defined in the summer of 2017 where I conducted research at UCSB through the Research Mentorship Program. I looked into modifying neural network architectures used in artificial intelligence to optimize image denoising. Throughout this research period, my passion for this field only intensified, and from the foundations this project gave me in machine learning, I took on the challenge of conducting independent research, where I looked at improving early lung cancer diagnosis using medical imaging and artificial intelligence. I was humbled that my work was validated by scientists in this field, as it was recognized by the Siemens Competition as a semifinalist project. At school, I look at how I can integrate computer science into my STEM courses such as modeling biochemical systems. But what I love most about computer science is how it can drastically reduce the time needed to complete a repetitive task. For example, as an officer of California Scholarship Federation, a large merit-based service organization at my school, one of my duties include reviewing applications. Using techniques such as handwriting recognition and sorting algorithms have allowed me to completely automate the review process in a fraction of the amount of time it would have taken me if I had done so manually. At home, using spare electronic components, I have created a fully autonomous lighting system based on the time of day and ambient brightness. For me, computer science not only is a tool to automate tasks from day to day life, but also serves as a robust utility for unveiling and understanding phenomena of the natural world. "},{"index":1,"personal_essay":"The synergy Columbia promotes amongst different schools cultivates a rich inclusive learning environment that would allow me to ensure my work will directly impact science, technology, and society. At Columbia, I know I won't be surrounded just by those like me, but also philosophers, policymakers, and entrepreneurs. It is Columbia's intellectual diversity that manifests a place to spark creativity and ignite innovation. Growing up in the bane of a STEM-oriented environment - Silicon Valley - I often feel that my vision of STEM has been narrowed. We're often so focused on developing the next autonomous vehicle or social media network that we overlook the fundamental problems we face that can be solved using the same technical skills, such as developing an electronic tracking system for the homeless or improving existing models to prevent California's wildfire catastrophe. And the reason why these problems are often overlooked is because of our insufficient understanding of our humanity.With Columbia's intellectually diverse student body in America's largest city, supplemented by Columbia's core curriculum, there is no place better to examine the entirety of the human condition and to grapple with the complex moral issues present in our globalized society. Without reflection, appreciation, and empathy for the humanity we live in, leaders and businesses will lead us into undesirable repercussions.Upon leaving Columbia, I want to engage in entrepreneurship and business to evaluate how I can make an impact with my technical skills. I've always been fond of entrepreneurship, and I want to integrate this with a multi-faceted education that allows me to tackle current problems in society. With Columbia's intellectually diverse community, I strongly believe Columbia University is the best choice to enable me to impact technology in the American enterprise.Please tell us what you value most about Columbia and why. (300 words or less)SpontaneousUrbanAccessibleAntiquity and modernityHumanities and STEMInterdisciplinary liberal arts educationResearch opportunities directly impacting science, technology, and societyState-of-the-art research laboratoriesVariety of dining optionsLeisure opportunitiesBalance between social and academic lifeOrchestra and theaterNetworkingEntrepreneurshipDiversityOpportunitiesList a few words or phrases that describe your ideal college community. (150 words) From spending countless nights building a robust healthcare monitoring and diagnosis system to spending weekends helping fictional cows organize themselves in labyrinth pastures (USA Computing Olympiad), to now using machine learning to enhance existing diagnosis tools, I hope my works one day will have a lasting impact on our society. It all started freshman year when I visited my grandparents and saw blood drip from their pricked finger three times a day on top of spending an hour measuring other vitals.  With support from my school's biomedical and engineering faculty, I pursued devising a solution that would alleviate the countless hours a year my grandparents spent caring for their health. It was this experience that defined my interests in computer science and electrical engineering. After establishing a solid foundation in these fields through courses taken at Carnegie Mellon's pre-College program, I turned my attention to machine learning, as I became quickly fascinated by its limitless applications. In the summer of junior year, I interned at the University of California, where I worked on image denoising using artificial intelligence, which later influenced me to take on my own research in its applications in medical imaging to improve lung cancer diagnosis. Believing in the promising future artificial intelligence holds, I want to be able to understand this field to its elementary mathematical foundations as a lot of my work involved implementing 'black box' methods.Despite the two fields' extensive requirements of having a concrete theoretical background, I see them as most applicable to our world today. With an unprecedented rate of technological development and globalization, we can transform the world in all avenues, from medicine to economics to day-to-day life, the possibilities are endless. For applicants to The Fu Foundation School of Engineering and Applied Science, please tell us what from your current and past experiences (either academic or personal) attracts you specifically to the field or fields of study that you noted in the Member Questions section. (300 words or less)"}]}