{"schema":{"fields":[{"name":"index","type":"integer"},{"name":"personal_essay","type":"string"}],"primaryKey":["index"],"pandas_version":"0.20.0"},"data":[{"index":0,"personal_essay":""},{"index":1,"personal_essay":"The Block Plan at Colorado College has a tradition of innovation and flexibility. Please design your own three-and-a-half week course and describe what you would do. (no more than 500 words)I would design a music history course: Popular Music in the U.K. from 1900 to 2000.My favorite subject is history and I love playing and listening to music, so I would want to incorporate the two into one course. When I listen to music I often wonder how musicians come up with their sound, and how they were inspired by other artists or outside influences. I also think about how music can be categorized into decades and why it changes so drastically from decade to decade. I have chosen the U.K. because I have always been amazed that a small island could produce so many revolutionary changes in popular culture that continue to influence the world. The course would explore how the technological, social and political changes that happened in the U.K. from 1900 to 2000 influenced musical shifts and how music in turn affected those fields. I would want to clearly and concisely draw meaningful connections between music and its many influences to create a timeline of how it changed over the course of the 20th century because many music genres span beyond sound to include fashion, art, film, dance and more. We would look at those other disciplines as well in context.We would include readings on British music, culture, history, and music's relationship to society. We would watch and read band interviews to give us a sense of what musicians were thinking when creating their sound and listen to music pertaining to the given decade, genre or interdisciplinary influence. For example while discussing the 1980's we might listen to Joy Division or The Smiths and discuss them in terms of Margaret Thatcher's conservative England and the administration's effect on the communities where these bands were from. We would read a new article and listen to new music every day. Each week students would write a response to the articles and songs of the week, as well as attend a concert that would be discussed in class the next day.The first week would be spent discussing the 1900's to the 1950's and focus on wartime and postwar music. We would investigate not only music created in response to the wars, but also the effects of post-war economic booms and industrialization on musical style, production, and distribution. The second week would discuss the 1960's to the 1980's and cover the British Invasion, specifically addressing punk and other genres, as well as musicians' resistance to the establishment and their contribution to the political unrest of the time. The third week would discuss the 1990's, and how digital music changed the value of music. For their final projects, students would choose a musical genre or period, and investigate its political, social, and cultural influences. Students will also be asked to give oral presentations discussing their favorite decade and\/or genre accompanied by five relevant pieces of music. By the end, the course would give students a basic, yet comprehensive, overview of the U.K.'s music history of the 20th century."}]}