{"schema":{"fields":[{"name":"index","type":"integer"},{"name":"personal_essay","type":"string"}],"primaryKey":["index"],"pandas_version":"0.20.0"},"data":[{"index":0,"personal_essay":"My Indian heritage teaches me to honor books as I would God, but seeing my Western friends use piled-up encyclopedias as makeshift ladders causes me to question this cultural peculiarity. Growing up in the Middle East has somewhat conditioned me to accept the non-existence of free speech, but when my grandparents narrate stories of Gandhi's civil disobedience in British India, I cannot help but be enticed towards subversion. After countless turbulent nights of introspection, I have concluded that the same disunities that have led me to question my identity have also helped shape it.The constant exposure I have had to different cultures has inevitably led to comparison. Since my own 'heritage' is in such a grey area, I view even the most mundane cultural idiosyncrasies with circumspection. Why is tea the hallmark of British culture when it is not even grown there? If we Indians value mannersso much, why is drawing pictures of Hindu deities on walls the only way to stop people spitting on them? This constant fracas with my identity has modified my mind to start asking questions of everything. It is this innate curiosity and affinity to argument that drew me to debating in the first place. Today I can confidently say that, if nothing else, I identify as a debater.When I was selected for the Bahrain National Debate Team in the World Championships, I felt oddly at home in a hall filled with over fifty different nationalities. Some described it as a confusing clash of cultures; it was very familiar to me. Unlike my teammates, I was seething with excitement at the prospect of debating Team Israel, in spite of the infamous ethno-religious conflict that defines our region. What greater privilege than witnessing a confrontation of ideology, somewhat akin to my own, in the form of competitive debate?Once the moment arrived, I was amazed to see a synergy rise from the ashes of political divide. We created a heated intellectual debate, without the slightest hint of disdain. The supposed antagonism which might have arisen never did; rather our differences helped push ahead the discourse. Through structured argument, we reached an unlikely harmony by respecting each other's opinions.The debate with Israel was a watershed moment in my life. Before it, I had considered my internal conflict to be the bane of my existence. Afterwards, I concluded it was a boon. I decided that rather than distressing over which part of my upbringing is 'right', I can accept that they are all equally valid depending on perspective. Today, I combine all of my cultural influences to create my own, unique heritage. In spite of never having lived in India, I watch TV shows about state elections as if I'm voting. I supported England at the soccer World Cup, yet silently smiled to myself when Bahrain emerged with a gold medal at Rio 2016. My disposition to question the norm has helped me throughout this process. Why must I subscribe to a black-or-white identity, if I agree with different parts of each influence? If debating Team Israel has taught me anything, it is that no barrier can be broken down without challenging preconceived notions, and harnessing differences to enrich our world view.Surprisingly, the dichotomies I have grown up with have turned me into an open-minded individual. The invaluable lessons learned from debating have in large part facilitated this. In today's hostile political climate, where divisiveness is fostered by either side of the spectrum, my personal tussles will help build bridges between opposing sides of any dissension. As I enter college, it will not be my test scores that discern me from my classmates, but it will be my compulsive need to question ideas and provoke fearless inquiry with childlike enthusiasm. Sometimes, my argument will be refuted; but this is not failure: victory lies in the creation of debate, not the end result."},{"index":1,"personal_essay":"What sets you apart from the other students applying to the University of California?Devilishly, Captain Haddock unpacks two, sealed bottles of his favorite Loch Lomond whiskey from an ostensibly thick, intimidating \\\u2018Guide to Astronomy' book which is in reality hollow. He is all alone. Haddock gingerly pours himself a peg and downs it, his face lit with the look of a child secretly watching his first R-rated movie. Darkly, he jokes that the first chapter was quite heavy reading. Suddenly, the liquid rolls up into a ball and floats around in mid-air. A bewildered Haddock follows suit. Minutes later he finds himself sprawled on the ground, bruised, and with the golden water of life dripping down his now-sticky beard.I'm interrupted.'You're eighteen and you still read cartoons with pictures and speech bubbles!?'I read on. It turns out Captain Haddock is onboard a rocket destined for the moon when the nuclear motor which creates an artificial gravity has been turned off by another passenger, causing him to float.  I often wonder why, as a near-adult, I am still engaged by Herg\u00e9's Tintin comics. I got my first one eight years ago, and am still obsessed with that world.Through these comics, I have learned that subtleties and nuances, rather than hard facts, define the human existence: Captain Haddock's alcohol abuse makes him capricious and dangerous, but his generous nature makes him equally loveable. It is up to the reader to judge him overall. As a ten-year-old, I understood none of this. But as I have grown, so has my understanding of Tintin comics. My personal growth has been so closely tied to these comics that I have used my understanding of Herg\u00e9's work as a gauge of my maturity.Having spent eighteen years trying to find the meaning behind a single comic book series means that, as I enter college, I will always dig deeper for a greater truth when reading any text, or discussing any issue, no matter how long it will take. It is this intellectual perseverance and tenacity that will distinguish me from my peers at the University of California. I will never judge a book by its cover."}]}