{"schema":{"fields":[{"name":"index","type":"integer"},{"name":"personal_essay","type":"string"}],"primaryKey":["index"],"pandas_version":"0.20.0"},"data":[{"index":0,"personal_essay":"I became a pastry chef at age eight.When I placed my strawberry mint tart into the oven, I could already imagine the final product. The sticky fruit filling would be sweet yet not too sweet, balanced by the correct amount of acidity. The buttery crust that enveloped the strawberries would be flaky and airy at the same time.What actually came out of the oven was inedible. The crust, if it could even be called that, was chewy and grainy; the fruit filling, dull and lifeless. As it turned out, substituting wheat flour for pastry flour and water for butter was not a great idea. If Gordon Ramsay were in my kitchen, I would have suffered verbal annihilation.I wasn't much of a pastry chef at age eight, but I'd like to think that I've become a better cook since then. And with the passage of time, cooking has become the glue that cements my life together. The sauce that ties together disparate elements on a dish. I can always rely on cooking to bring a peace to my hectic day. I've heard of the people on Wall Street who incorporate meditation into their daily routine, but it's not something that I need when I can just cook. There's something oddly therapeutic about heating up olive oil in a saucepan and tossing in mirepoix, the fancy French word for a mix of celery, carrots, and onion.That's true even when I'm outside of the house, though I may not have the luxury for mirepoix. At FBLA Nationals, anxiety hit me hard after I finished my event. Still, I cooked. Armed with only mushrooms and spinach from the hotel salad bar, containers of half-and-half from the local Dunkin' Donuts, and the last cup of ramen, I made myself a creamy noodle bowl by boiling the ingredients with hot water dripping from the room's coffee maker.As if by magic, my stress dissipated.Of course, I can't forget about all of the late night snacks I've made during my breaks from studying: fried rice, macaroni and cheese, loaded baked potatoes, all at 11 PM. Yes, I could've been memorizing formulas instead, but a heaping serving of carbohydrates and fat helps the calculus go down easy.Food is the key to someone's heart, and it's not just because a low cholesterol diet prevents cardiovascular disease. Experience has taught me that cooking is the easiest way to show that I care for someone.On some days I come home from school and see my mother sprawled out on the couch, broom still in the corner, crumpled tissues scattered on the coffee table. She's sick.Those days, I skip the homework and head straight to the kitchen. From the refrigerator, I take out shiitake mushrooms and bok choy, her favorites. I chop them. I season them. I saut\u00e9 them.At the table, she doesn't say anything, but from the subtle changes in her expression, I can see her silent happiness. I gladly do the same for loved ones outside the family. After school on the last day, I went with several others to a friend's house to hang out. We listened to Chainsmokers on blast and played ping-pong in the basement, the typical teenage boy things. Just enjoying ourselves was fun, but what spiced up (pun intended) this ordinary get-together was when we gathered around the table for my shakshuka, eggs poached in a spicy tomato sauce. I could feel the bonds forming between us as we sat together over food, talking the afternoon away. It reminded me of a similar sensation I felt when I cooked a three-course dinner for my girlfriend on our one-year anniversary. Aside from mishaps like the strawberry mint tart, cooking is an invaluable part of my life, comforting me when I need support and strengthening my relationships with others. I almost feel guilty when I order takeout."},{"index":1,"personal_essay":"I was tired. Tired of sitting in the public library after school every day. Tired of reading articles about the next teenage superstar propelling himself or herself towards greatness, while I remained stationary.As I thought about the state of my life, head slumped forward on my fist, the fragrant scent of a Starbucks coffee roused me from my daze. Andrew was entering the library; I could smell him before I could see him. A cup of espresso clutched in one hand, laptop in the other, Andrew neared my table. When he reached it, he pulled out a seat and sat down across from me. 'Hey Kevin, do you have a moment?'In the beginning of my sophomore year, Andrew approached me with the offer of joining a journalism project. Andrew was known at our school for being a politics junkie - one scroll down his Facebook timeline revealed tens of news articles, all shared within the span of hours. I agreed. No hesitation.Our project started as Reason Squared, a politics-based Facebook page. Thousands of likes. Sleek graphics. Active banter in the comment sections. Everything looked awesome. With our initial success, I slipped into a dream-like stupor.  Nothing could go wrong.Eventually, we consolidated Reason Squared and several other Facebook pages onto a single website that we called the Spektra Network. It covered not only governmental matters but also K-pop, sports, and food culture. However, after receiving complaints from users and falling short on staff, we fell back to just politics. Reason Squared became Byline.As I wrote articles on Microsoft Word and edited graphics on Adobe Photoshop, I transformed from a mere teenager at his laptop into a reporter in the office of the latest trending news site, destined to overtake the Washington Post and the New York Times. And when I finally worked my way up to the executive board, I was not a mere high school student, still on his laptop, making Skype calls with other high school students. I was a business executive calling all the shots.My vision as an executive was for Byline to become a website that defied the norms of partisan politics. Byline would publish articles from authors of all political backgrounds, and community discussion would drive activity on the site. I gathered writers from Georgia, from California, from Massachusetts and all across the country to bring a variety of perspectives. At one point, we reached over forty writers, all high school and college students.I worked relentlessly towards my ideal until at a Byline executive board meeting, I woke up from my dream.The last time I visited my grandparents, my grandfather took me out to his patio to see his most recent experiment. As rows of scraggly pomegranate trees filled my vision, my grandfather smiled and asked me what I thought. Without an answer, I tilted my head upwards. Overhead, I saw the gray skies of Shanghai, clogged with pollution, a sea of soot. My grandfather yearned for their growth, but Persephone's plants could not grow in the underworld. Byline was having problems. These weren't minor entrepreneurial mishaps. They were structural problems, deeply rooted in the company. While I dreamed of Byline being an open discourse site, Andrew instead desired a liberal-biased site that appealed to millennials.   No articles were being written because the writers were busy, and we had no incentive to give them. Being the high school students we were, we didn't have the funds for a pay-per-article system. That's because we had no way of generating revenue, as it seemed that everyone who visited our site had Adblock Plus to hamper our banner ads. And we were nowhere near popular enough for any big companies to sponsor us with native advertising. Byline had no work, no money to sustain itself.Byline turned out to be a failure. But it was a beautiful failure.I'm constantly learning. I've learned the importance of researching a market before entering it, choosing the right people to work with. I'm more knowledgeable than I ever would be without first-hand experience. Never for a second was Byline a waste of time for me. I'll wait for my next chance, perhaps after college, maybe sooner, maybe later.When I left China, I took a vial of pomegranate seeds with me at the behest of my grandfather. They're still with me today. Tucked away in my drawer, they wait to be sowed into damp earth during the warmth of spring.One day, I'll plant them.One day, they'll blossom and bear fruit.But today's not the day. I still need to find a place where they can thrive.  I walk over to a familiar corner in the public library. Andrew is sitting at his usual table, taking slow sips of his usual afterschool coffee and typing furiously away at the keyboard on his laptop. I tap him on the shoulder. 'I'd like to announce my resignation as the CEO of Byline.'My earliest memory of second grade is one of unbelievable thirst, felt sitting alone near the front of the bus. School sapped me of moisture every day.After my third cup of water at home, I told mother of my discomfort in school. Courtesy of taking first grade in China, I could do my times tables faster than anyone else in class. But I wasn't proud. Not at all. The other kids made fun of me after the Pledge of Allegiance, grew frustrated when I didn't understand their words.Mother told me to be proud of my heritage, stand straight like bamboo, unbending in the wind. However, I was not bamboo, but a wilted strand of grass, yellow.I moved to a different district after two months, the first of four relocations. Since then, I've had many new experiences.Drinking bubble tea with friends in the afternoon.Cheering on Jeremy Lin as he trotted with the New York Knicks.Watching Kotonoha no Niwa the day it came out.Yellowness.I can feel ties to the motherland tugging at me from across the Pacific Ocean, but I feel a stronger connection closer to home. I'm not Chinese. I'm Asian American. I'm proud, at last. There's an old Chinese proverb that says like a bundle of chopsticks, people are stronger when they stand together.My throat still feels a bit dry when I get nervous, but with the knowledge that I belong to a community, my tensions ease. I rehydrate; I rejuvenate.In one week, I mastered the art of the handshake. Boys State was cutthroat yet collaborative, tiring yet exhilarating. We listened to speeches from big names like Senator Robert Menendez and Senator Cory Booker.However, I found my inspiration not in these rallies but in a dark auditorium. Mayor of Springfield Ziad Shehady stood in front of our small group and stressed the importance of stepping forward and reaching out to as many people as possible.I grasped his lessons and held on tightly. Running for State Senator, I worked with candidates from other counties to make the most of our votes. The day of the election, I skipped lunch to greet voters and shake countless hands. In the end, I won the position. Though I value the victory, I value my newfound initiative even more. Now, whenever I meet new people, I do so with open mind and hand.I spend weekends next to people who talk to walls.I'm not at a mental asylum. I'm at a forensics tournament, listening to speech competitors rehearse their pieces.The debaters sitting with me are faces that I see every weekend. Over time, we've built a community. From our hours of research on the issues, we come to different conclusions and don't hesitate to share and change our opinions. I'm glad my stances on issues like penal reform and immigration have evolved since I've joined this community.Debate isn't just a part of my weekend, it's a part of my identity.  "}]}