{"schema":{"fields":[{"name":"index","type":"integer"},{"name":"personal_essay","type":"string"}],"primaryKey":["index"],"pandas_version":"0.20.0"},"data":[{"index":0,"personal_essay":"Prompt: The lessons we take from failure can be fundamental to later success. Recount an incident or time when you experienced failure. How did it affect you, and what did you learn from the experience?I watched hopelessly as our creation refused to move. My team and I watched uselessly as our rank plummeted\u2013 40th, 55th, 59th. We were at our first VEX robotics competition, Skyrise, and our duct-taped mummy of a robot, finished in a scrambled haze the night before, was breaking down. As the software division's leader, I continued to tweak our robot's program. In the end, we finished third\u2014that is, third from last, but this was just the beginning of our troubles.At the first meeting following the competition, my team's leadership was clearly divided. Each side felt that the other had neglected their responsibilities during the competition, which led to our failure. The factions pressed against opposite sides of the room, and a palpable hostility hung in the room. As part of this conflict, I too had loyalties to one side, but I knew that bickering and finger-pointing was unproductive, so I suggested a break from our meetings until tensions settled.Several weeks passed before the team's leadership agreed to meet. After a tense start, we started to settle our differences. We agreed that we needed a unified team concentrated on accomplishing our goal, creating a winning robot. We met several times a week at lunch and after school to refine our plans and determine how to implement them. After a month of discussions, we finalized our plans for the team's restructuring.We reformatted the traditional club officer roles to ones that would be beneficial to our club with a build leader and a programming leader. During the meetings, I questioned how we could improve on the inefficient meeting structure from the previous year that led to numerous missed deadlines. After testing several ideas, I discovered that combining each division's Gantt charts, a visual representation of a project schedule, to create an overall schedule improved group accountability over deadlines. We completed tasks, like designing the robot's location-tracking algorithm, on time. As the season continued, I realized that we initially lacked enough build members but later had a shortage of programmers. I recommended that we teach members the basics of building and programming, which allowed for smoother interdisciplinary collaboration as everyone shifted between divisions. Members began posing innovative ideas as they played on their experiences to creatively problem solve. As the leader of the software division, I taught all members flowcharting and RobotC, the programming language for VEX competitions. With my division, I planned our tasks and distributed the coding tasks among the members based on their experience and abilities. As we implemented these plans, the club atmosphere became more cooperative and enjoyable.At our next competition, I proudly watched our rank soar instead of fall. My heart raced as our robot scored goal after goal. Our rank shot up \u201445th, 20th, 10th! In a state of amazement, I realized our team had qualified for quarterfinals! Our success helped us win more grants, which allowed us to spend more time improving our robot and building robots for our community, such as a binary robot. We use the binary robot to encourage elementary students to explore math and engineering. As a more open-minded and cohesive team, we gained members from various backgrounds, leading to a more diverse team with more innovative ideas. These experiences made me realize how important engineering was to me. During this process, I learned that I have an affinity for, and more importantly, enjoy solving the challenges of interacting and communicating effectively with my team to reach our goals. I applied what I learned from these experiences to my life outside robotics by improving my organizational system for breaking down and planning projects. This system helped me avoid letting tasks overwhelm me when dealing with multiple deadlines. I learned strategies to interact and work with others, especially during conflicts. This experience boosted my confidence in planning and constructively handling crises to lead a team, and myself, to success."},{"index":1,"personal_essay":"Prompt:'Describe the world you come from \u2013 for example, your family, community or school \u2013 and tell us how your world has shaped your dreams and aspirations.'My interest in robotics was first sparked by a captivating episode on robotic exoskeletons on the PBS show, NOVA. People built astounding creations that allowed the paralyzed to walk again; it seemed like science fiction. High school provided me with the opportunity to explore computer engineering through the VEX Robotics Team and the Engineering Club. My personal interactions in high school with my childhood passion have allowed me to cultivate my love for robotics and engineering.NOVA inspired me to pursue engineering and to join the Engineering Club where I could get a personal, hands-on experience with engineering. I built a prototype of a fingerprint lock to demonstrate the product of a semester-long project. Through simple diagrams and grainy photos of a premade lock, I determined how to combine motors, sensors, and an Arduino to create the lock. I designed my program to interface with the hardware to accept data from the fingerprint sensor. After several setbacks, including almost setting off the fire alarm, I built a working lock. Engineering Club provided me with my first practical experience in electrical engineering and computer science.Joining the VEX Robotics Team allowed me to experience building and programming a robot from scratch. I enjoyed the collaborative brainstorming environment combined with the, at times, challenging interdisciplinary setup of the team. I applied my knowledge of physics, such as theories of projectile motion, while writing the autonomous launcher's program to compute the power and angle to launch projectiles. Furthermore, I learned the basics, and challenges, of constructing a robot\u2014even a minor mistake in a screw's placement could lead to malfunctions. This experience helped me recognize potential problems that my algorithms would need to account for. Through my experience at VEX, I grew from a novice to an officer knowledgeable in many aspects of robotics.Despite, and perhaps because of, the stresses and failures I've experienced, my love for computer engineering has only been strengthened. My dream is to work in the robotics industry to create revolutionary and practical products similar to the robotic exoskeletons that first ignited my passion for engineering. These experiences have convinced me that the field of electrical and computer engineering will allow me to fulfill my dreams of designing robotic products like autonomous rescue drones or space exploration rovers.Prompt: 'Please submit a one page, single-spaced essay that explains why you have chosen Carnegie Mellon and your particular major(s), department(s) or program(s). This essay should include the reasons why you've chosen the major(s), any goals or relevant work plans and any other information you would like us to know. For freshmen applying to more than one college or program, please mention each college or program to which you are applying. Because our admission committees review applicants by college and program, your essay can impact our final decision. Candidates applying for early decision or transfer may apply to only one college and department.'My first encounter with Carnegie Mellon University was not from brochures, college guidebooks, or flyers, but through a TV show, NOVA Sciencenow, my freshman year. Professors Marcel Just and Tom Mitchell's use of machine learning to determine what a person was thinking amazed me. This episode sparked my interest in computer science, and I started taking classes like Introduction to Computer Science from MIT and Android development classes through Coursera and edX. Entering high school, I joined the Engineering Club and VEX Robotics Club to get hands-on experience in engineering. Experiences in these clubs solidified my love of electrical and computer engineering, especially in robotics. Carnegie Mellon's unique Robotics Institute and electrical and computer engineering major, technology and sport clubs and a culture supportive of engineering makes Carnegie Mellon my top choice for my college studies.As a member of the Engineering Club, I was involved in hands-on projects such as designing and programming a biometric lock with an Arduino, a microcontroller for building digital devices. Through simple diagrams and grainy photos of a similar lock, I successfully combined motors, sensors, and an Arduino to create a functional lock. Using the programming language C, I created a program that could record and accept multiple fingerprints from a fingerprint scanner.Joining the VEX Robotics Team allowed me to apply the skills I had learned such as designing and flowcharting a program. I enjoyed the collaborative brainstorming environment enriched, but at times challenged by, the interdisciplinary setup of the team. While writing the autonomous launcher's program, I was able to apply knowledge from AP physics, such as theories of projectile motion, to compute the power and angle to launch projectiles. Furthermore, I learned the basics, and challenges, of constructing a robot-even a minor mistake in a screw's placement could lead to abnormally functioning parts. This experience of working in multiple disciplines solidified my desire to pursue a major in electrical and computer engineering.The electrical and computer engineering major will provide me with interdisciplinary knowledge, which I can further apply through the Robotics Institute. Classes such as computer vision and cognitive robotics will give me in-depth knowledge about designing and programming robots such as rescue drones or exoskeletons. The Robotics Institute has several labs such as the Air Lab, which focuses on designing algorithms for perception and planning for unmanned aerial vehicles like helicopters and drones. With access to the variety of labs focusing on robotics at Carnegie Mellon, I would be able to apply what I learn in a real, tangible way.Carnegie Mellon also provides opportunities to work with others outside of my major. For example, the multidisciplinary IDeATe network that combines computer science, engineering, and art allows students to work with others to combine their areas of expertise. This program would provide me with the chance to advance research in creative industries and to gain experience working in a multidisciplinary area, more aligned with real-life workplaces.I also want to expand my growth beyond the classroom; Carnegie Mellon offers numerous extracurricular activities such as badminton, archery and the computer club. Clubs such as the robotics club would complement my major. This combination of exciting extracurriculars and a challenging workload will help me grow into the well-rounded person I hope to become.Carnegie Mellon also provides a close-knit environment. The student to faculty ratio is a low 10:1, so I can have closer interaction with professors compared to larger schools. I thrive in this kind of environment where I can form strong relationships with classmates and professors. Furthermore, the leeway given to electrical and computer engineering students gives me the option to specialize in certain areas I become interested in like signals and systems or software systems.After graduation, I will apply my learning from Carnegie Mellon in the workplace. I plan to focus on designing programs for autonomous cars that will help prevent accidents. I also plan on designing autonomous drones that can be used for search and rescue missions after natural disasters in unstable environments. Carnegie Mellon provides a variety of research opportunities in robotics as well as clubs that will complement my learning. Along with these, the esteemed engineering program and close-knit environment will prepare me for my career as a computer engineer. CMU Prompt: 'List the books (if any) you've read this year for pleasure. Choose one and in a sentence describe its impact on you.'Books: Catch-22 by Joseph Heller; Digital Fortress by Dan Brown; The Hades Factor by Robert Ludlum; What the Dog Saw: And Other Adventures by Malcolm Gladwell; The Gatekeepers by Jacques Steinberg; Countdown to Zero Day: Stuxnet and the Launch of the World's First Digital Weapon by Kim ZetterCatch-22 by Joseph Heller left me with two main takeaways: Heller's emphasis on the inefficiencies of the military structure led me to understand that any group, such as a club or government, will have certain unavoidable inefficiencies, which I try to lessen in my clubs ; additionally, his description of how the hardships of war drove characters insane provided me with a new insight as to the impact of war on veterans, convincing me that greater support must be given to veterans.University of Illinois- Prompt: 'Explain your interest in the major you selected. Describe an experience related to this area of study, what first introduced you to this field, and\/or your future career goals. Limit your response to 300 to 400 words.'I watched hopelessly as our creation refused to move. I watched hopelessly as my team's rank in the competition plummeted\u2013 40th, 55th, 59th. We were at our first VEX robotics competition, Skyrise, and our duct-taped mummy of a robot, finished in a scrambled haze the night before, was breaking down. Although we finished third- that is, third from last, this opportunity allowed me to experience the stress and elation of robotics. Joining the VEX Robotics Team allowed me to experience building and programming a robot from scratch. I enjoyed the collaborative brainstorming environment combined with the, at times, challenging interdisciplinary system of the club. I learned the importance of communication within the team. I gained engineering experience by both programming and building the robot. Writing the autonomous launcher's program allowed me to apply my AP Physics knowledge, such as theories of projectile motion to compute the power and angle to launch the balls. I also applied many of the ideas I learned from the club into my own life like planning deadlines and breaking up tasks. VEX solidified my desire for a career in robotics where I can mix my love of computer science with that of electrical and mechanical engineering. However, before VEX, I was first inspired by the captivating PBS show NOVA.An episode on robotic exoskeletons sparked my interest in robotics. These extraordinary man-made creations allow the paralyzed to walk again, something once considered science fiction. NOVA inspired me to work in the engineering field, encouraging me to join the Engineering Club to get personal, hands-on experience. In Engineering Club, I built a fingerprint lock as my semester-long project. Through simple diagrams and grainy photos of a premade lock, I figured out how to combine motors, sensors, and an Arduino to create a functional lock. I carefully programmed the Arduino to prevent overheating. After almost setting off the fire alarm, I built a working lock.Fostered by my high school engineering adventures and my childhood influences, my dream is to work in the robotics industry to create revolutionary and practical products similar to the robotic exoskeletons that first inspired me. Even after the stress and failure of my experiences, I continue to enjoy working with computer engineering. These experiences have convinced me that the field of computer engineering will allow me to fulfill my dreams of working in robotics with products like autonomous drones and space rovers.CMU Prompt: 'While not a requirement, have you been interviewed by an alumni or on campus representative prior to applying for admission? If so, indicate the name of your interviewer and tell us how it impacted your decision to apply. 'This was the first interview I had ever had. I was nervous, but excited. I walked into the warm Starbucks and saw a blond male who looked identical to his profile picture. After finding a table in the crowded Starbucks, we began with a discussion of his experiences as a student in computer science, the culture, his academic experiences, and the post-graduate opportunities. After interviewing with Mr. Stevens, I am more excited to apply to Carnegie Mellon.David Stevens, a 2014 graduate of the School of Computer Science, first discussed the culture and academic experiences at CMU. As he described his experiences at CMU, his face became noticeably excited. Initially, I was apprehensive of the constant cutthroat competition between students. However, he explained that teamwork is a significant part of the academic experiences and that students often work together to solve problems and complete projects. The focus is on improving oneself through collaboration rather than competing against others. For example, I learned that students can work together to design the program, but everyone completes their homework problem on their own. He also explained that if I wanted to pursue robotics and the five-year electrical and computer engineering program, I could find many peers and friends interested in the same subjects as me, which would allow me to form study groups to review for tests, while building stronger connections with them. I enjoy a healthy mixture between collaboration with my peers and self-study.Mr. Stevens also described the variety of internships and research opportunities he applied to while at CMU, which piqued my interest in applying to CMU. I was excited to learn about the Technical Opportunities Conference, TOC, at CMU. Many companies such as Microsoft, Google and MITRE attend the TOC to search for interns. I'm interested in interning at companies during the summer after freshman year, and Mr. Stevens explained that many engineering students are able to find an internship through the TOC. I learned that CMU provides TartanTRAK to support students in their search for job opportunities and that there are numerous opportunities on campus to become a T.A. I found out that many students work as T.A.s, which would allow me to help struggling students at office hours or at recitations. This would allow me to continue helping others with their classes like I have done as a tutor in high school. CMU provides an environment for me to work during the school year as a TA and provides many resources that will help me find a job after I graduate, so I can pursue a career I'm interested in.Interviewing with Mr. Stevens gave me an insider's perspective of Carnegie Mellon and has made me more confident in my decision to apply to Carnegie Mellon as part of the class of 2020. His descriptions of the Carnegie culture as well as support for students in the job search has convinced me that Carnegie Mellon is a top choice for me.Prompt: How will opportunities at Purdue support your interests, both in and out of the classroom?Purdue provides many opportunities to explore and learn about computer engineering and robotics. Purdue provides numerous research opportunities in software engineering such as the Robot Vision Lab or the Collaborative Robotics Lab. There are also many clubs devoted to robotics like the Purdue Lunabotics or the IEEE Robotics and Automation society, which will allow me to have hands on experience in robotics. The first year engineering program helps all engineering students develop the basic skills and knowledge necessary for engineering. Purdue offers many minors such as biotechnology, which allows me to explore my interests in other fields.UC Additional Comments:On top of classes and clubs, I have studied independently through online classes on Coursera and edX. I enrolled in a UC Berkeley course, Principles of Written English, my freshman year to enhance my writing skills, which allowed me to later succeed in my honors and AP English classes. I also took introductory classes in computer engineering like Cryptography from Stanford, Introduction to Computer Science and Programming from MIT, and Introduction to Linux from the Linux Foundation. These online courses let me delve deeper into subjects I am passionate about like robotics and cryptography. During my sophomore year and the following summer that followed, I spent five to ten hours each week taking classes from Coursera, such as Programming Mobile Applications for Handheld Devices from the University of Maryland. Using these online classes, I was able to develop apps for Android devices. I've designed and built several apps including a Morse code translator and a 2D space shooter game. Currently, I am designing a calculus board game, so students can review before the AP Calculus Exam or before finals. In these apps, I incorporated what I learned from my online classes as well as my physics and math classes.Through these classes, I have been able to explore subjects more deeply than I could have from my high school. I am excited to continue this exploration in college where I will have access to even more resources for research.My personal statement was about my robotics team, which I spent a significant amount of time in. This allowed me to talk about the details and the before and after of the event. It was also fairly easy to remember what had happened. I used this essay for both the UCs and as a common app essay since the prompt overlapped.Many of the essays that I wrote for scholarships and personal statements are variations of a few original essays I wrote for the UCs and common app. Many of the essays asked about your interests and the major you are planning on pursuing so many of my essays explain how I started getting interested in the subject and why I would want to continue doing it in the future."}]}