{"schema":{"fields":[{"name":"index","type":"integer"},{"name":"personal_essay","type":"string"}],"primaryKey":["index"],"pandas_version":"0.20.0"},"data":[{"index":0,"personal_essay":"Would my family be a sitcom or a soap opera?If there is any phrase I could use to describe my family life, it would be the 'domino effect.' A problem or a spark would ignite a fire that would engulf our whole existence.It all started with my birth. While I was lucky to come into the world easily, my twin brother did not have that privilege. He incurred birth defects, one of which cost him nerve control and the ability to walk. Thanks to my mother's devotion, he eventually showed great progress in walking, but then he was diagnosed with epilepsy. My father began to consume alcohol and abuse my mother, leading to their divorce. When that was over, my sister was diagnosed with rheumatism and my mother with sciatica, bringing sleepless nights and uncountable visits to the hospital. In turn, my other sister developed depression and even attempted suicide. Following that, my older brother became addicted to drugs. My eldest brother, despite graduating from college, is unemployed with no intention of getting a job, and my mother cried on a near daily basis.As you can imagine, those times were a disaster. To be honest, even I do not know precisely how I made it through. I know however, that whenever I considered giving up, my mother's face popped into my head. She needed me and looked to me hopefully to achieve what my other siblings did not, like getting into a prestigious college, graduating, being a productive part of society, and a pillar supporting our family.My upbringing developed a peculiar mix of pessimism and optimism in my character. I became addicted to inspirational quotes and comedy shows, both of which brought me solace. In middle school, I discovered Anime, which was the source of a quote I cherished very much. I still remember that quote: 'You can't live because you are not strong? Wrong! Only living shows your strength.' That quote, coupled with my mother's image in my head were what propelled me forward, and propel me it did.I remember at 5 when my brother was diagnosed with epilepsy, how I had to adapt to the sight of my twin brother getting seizures, how I learned determination and compassion out of my mother's dedication to teaching him, and how I started sketching to play with him. I remember at 11 when my mother was first diagnosed with sciatica, how I had to take over and handle cooking and cleaning, how I learned that you should never look at onions when you cut them, and not use too much dish soap or bubbles will come out of the sink. I remember at 13 when my sister was diagnosed with rheumatism, how I had to learn how to administer physical therapy, and occasionally, how to braid someone's hair for her. I remember at 15 when my other sister showed signs of depression and even attempted suicide, how I taught her sketching to express her feelings, how she in turn taught me basic knitting, and how we both collaborated to make a dress as a gift for my mother.Fortunately, my life is not a roller coaster anymore. My mother and sister are doing great through physical therapy. My dad stopped consuming alcohol and I am actually currently living with him. My other sister and older brother are doing great through therapy. In fact, both are currently pursuing degrees in humanities, and my twin brother, despite his impairments, became the top student in his graduating class.Despite the darkness of those times, I don't regret experiencing them. For only darkness lets you see light, and instead of remaining in darkness, I became a light that shone on my family.How do you start solving a science\/math problem?Most might suggest writing variables or equations, citing units, and all that jazz. But me, being a rebel, choose to sketch a diagram. Funny how that physics and math, epitomes of experimental sciences, actually incorporated some artistic qualities to me.It all started when I was 5; I was sad on my first day at preschool and missing my mother. But when the arts period came, this sadness faded away. My first ever sketch was the cliche portrait of me, my brother, sister, and mother who was raising us on her own. This infatuation morphed into a passion, and sketching became my main hobby. At 10, I used to sketch in the sand pit at the park, and one time a crowd of people were all watching me sketch and cheering me on. Reading this essay might make you think I am a person more suited to the arts, and indeed, my main objective as a child was to grow up and become an artist. However, I found another source of passion growing up: the sciences. Everything from biology to math and physics intrigued me. Thanks to my hobby of sketching, I found geometry to be my favorite branch of math, a big reason why I started to consider pursuing engineering (fun fact, the word for 'engineering' in Arabic is a synonym for 'geometry').Engineering involved all my favorite elements: design, mathematics, and science. Some people express their creative side through writing or music, but I express mine by sketching mathematical and physics equations and problems.Hard pages, fresh ink odor, those were the characteristics of my 12th birthday gift. Throughout childhood, I was infatuated with science. Thinking back, I don't quite remember how this infatuation came about. Was it my obsession with sci-fi films and TV shows? The reverence I somehow held in regards to scientists? I don't know but my entire family knew of this infatuation. For that I got the 600 pages Science Encyclopedia as my birthday present.I spent the following days unraveling the different topics in this book, from the creation of radio to the development of volcanoes to the subtle differences between physics and math. I loved it. As simple as it was, I still consider that as the best birthday present to this day.That experience sparked an interest in me for reading science books, enough that I devoured the entire science section of my middle school's library. This interest further morphed into something more. High school marked my transition from sheer reading to experimental sciences. The thought of wearing lab coats and doing experiments excited me, but to my disappointment, those were scarcely offered in my humble school. I had to find alternatives to quench this thirst for experimental science. That is why I started pursuing summer programs. I chose to take chemistry in my program at Harvard for the sole reason of their emphasis on lab work, I did the Future Doctors Program at King Saud University for the same reason, from developing electro-chemical powered car models to my experiments with microbiology and biochemistry. I further fell into this pit of experimental science. I am thrilled to explore the University of California's advanced labs. I am particularly interested in chemical engineering and renewable energy, and would be honored to work with the distinguished faculty in there.Throughout high school I felt privileged to be bilingual in Arabic and English. While I used this knowledge to help my classmates with homework and such, I never really applied it on a large scale. That was, until my senior year in high school when I was approached by my teacher to become the main translator for the Afaaq Academic Future Program, which aims to introduce students to the different majors and courses at King Saud University.The position required me to stand in front of a large audience beside foreign faculty and translate their lectures. It was nerve wrecking to say the least. I barely presented in class. However, something made me feel at home in the college environment. I believe that was the excitement of learning new information, especially since they were STEM focused, and translating it for my classmates. That experience not only helped me hone my presentation skills, it also inspired my classmates to consider different majors they hadn't before. My friend Alaa in particular, was aiming to major in medicine but was astonished to find out that pharmaceutics was a much better fit for him since he did not like anatomy. I also was guilty of such biases. I was so focused on mechanical engineering that I completely overlooked other branches of the field, but thankfully, I discovered the wondrous world of chemical engineering. I had only known a little about chemical engineering and was astonished to find the many different applications it had, namely renewable energy and sustainability.While I am proud of my efforts in the Afaaq Academic Future Program, I am aware that they were not nearly enough to help all my fellow classmates decide on a major. That is why I am still in touch with my teacher and plan to continue providing support to students, not only from my high school, but all over Saudi Arabia, and who knows, maybe this can extend to California and U.S. students or a wider community of international students here.Some people might say college would be their biggest challenge, but I say, bring it on! I have faced plenty of challenges, and I am not afraid.Despite being born to an upper middle-class family, we faced our fair share of setbacks. It got to the point where I started to wonder if I were somehow transported into a soap opera. Each time things started getting brighter, darkness struck out of nowhere.My twin brother was born with serious birth defects, one which cost him the ability to control his nerves. After showing great progress in walking and talking, he was diagnosed with epilepsy, which propelled my father to consume alcohol and start abusing my mother, leading to their divorce. When that was over, my sister got diagnosed with rheumatism and my mother with sciatica. Following that were uncountable visits to the hospital and sleepless nights. In turn, my other sister developed depression and even attempted suicide. After that, my older brother became addicted to drugs and almost abused my sisters.Fortunately, those nightmares are over. My mother and sister are going through physical therapy and their symptoms are improving. My other sister and brother started pursuing therapy and are now doing great; in fact, both are currently pursuing degrees in the humanities. Despite the harshness of those experiences, I did not leave them empty-handed. My twin brother's disability taught me responsibility, compassion, and how to cook. My mother and sister's illnesses made me learn how to provide therapeutic massages, and occasionally, how to braid someone's hair. My other sister's depression taught me how to provide emotional support and patience. But those experiences taught something even more important, only darkness lets you see light, and instead of becoming an empty presence in darkness I became light.Why is my brother so different from me, even though we are twins?That question haunted me at five years old. I came home from school each day to the typical sight of my twin brother playing silently on the floor with his toys. One time, however, he was not alone. Behind him stood my mother with an expression of heartbreak and anguish on her face, tears dripping down her cheeks. I confronted her the following morning. After some hesitation, she finally gave me the full story. She told me that while I came into the world easily, my brother was not as lucky.He was stuck inside the womb for 15 minutes, and those mere 15 minutes would change his life forever. The lack of oxygen during that time damaged his brain cells, specifically, the part of the brain responsible for physical growth. Doctors said he would not develop past the age of 5 at best.After hearing my mom's story, I felt a sense of responsibility. I was the older brother, after all (even if by 15 minutes), and, I had not done enough to help him. I ended up deciding that he should go to preschool with me. Preschool, although annoying with the need to get up early in the morning, proved to be quite fun for me. It had colorful walls and small classes where we would sit down on the carpet to draw and play. The arts period was my personal favorite and I thought my brother would like it too.That day in preschool was one of my favorites. Despite my brother having difficulty communicating with others, we still had lots of fun. I ended up drawing the cliche family portrait of my mother, my brother, my sister, and me. My brother mimicked me and we both laughed about it.While my feelings toward my brother started out as empathy and responsibility, they evolved to sheer admiration as we got older. My mother took initiative and started teaching my brother to talk. At first it seemed pointless, but little by little my brother started talking, enough to even baffle the doctors at his annual examination. After that came the next stage of teaching him math and science, in which I played a part.A sense of responsibility followed me through the years. At 9, when I learned to cook basic meals, I always made extra for him. At 11, when I started my hobby of reading science books, I offered to read with him. He similarly loved playing console games and shared all his favorites with me. I remember the casual chatter we had every day after coming home from school and the satisfaction that ensued after finishing our homework.Are people just born smart? I've had this question in my mind for a while. It would not have been for my brother that I realized its answer. My brother, despite all his impairments, is now the top student in his 12th-grade class. Because he was born smart? No. Rather it was because the education he received unleashed his hidden potential. Much like what I am trying to do today and right now. Who knew we were so similar after all?"},{"index":1,"personal_essay":"Dear Roommate,While I have not met you, I am certain of one thing, whether you are from Nigeria or Sweden, Canada or Russia, Pakistan or Israel, you will still become my best friend. In fact, I hope you are from a place as different as can be, as only being different from you will make me realize our similarities.As roommates, there a few things we should get out of the way. Firstly, me being a neat-freak will either be a blessing or a curse for both of us, I hope it will be the former. Secondly, if my upbringing taught me anything it would be that help is never a waste of time, so please, don't hesitate to ask me for help in anything, from cleaning to studying, but not 'girls', since I have no experience there. Thirdly, although I am no introvert, my infatuation with learning sometimes gets the best of me, so please don't get offended if I stay up late reading a book outside and don't talk to you for a day. Also, this infatuation usually results in me talking fast out of excitement and hogging the conversation, so please don't be embarrassed if you need to shut me up sometimes.Lastly, I hope our time together will let us bridge the differences between our cultures, and even if we have our quarrels (the result of any friendship) I hope we get over those and let this friendship last for an eternity. Sincerely, RayanVirtually all of Stanford's undergraduates live on campus. Write a note to your future roommate that reveals something about you or that will help your roommate \u2013 and us \u2013 know you better.Words, how magnificent are they?So trivial yet so important, so basic yet so complex, so harmless yet so fatal. Words can bring down a nation or build it, raise a child or kill him, and inspire love or hatred.Words can mean hell or solace, peace or war, life or death. We imprison words in our sentences, only to have them imprison us for life. We put them in the back of our memory for years, only to have them come back haunting us after the slightest trigger. Words are our greatest weapon and weakness, and despite using them all the time, we don't have the slightest idea of their implications.My past made me realize the mesmerizing effect of words. I thought that I had already gotten over all my tragic experiences, only to have them flood back into my brain after typing the first word of my essay. Words constitute my past, and words will let me shape a new future. A future where I won't be afraid to say what is on my mind, but still be aware of the implications of it, where I will teach my kids the importance of words, where I will show the world, my family, and the heavens, the otherworldly effect of words, and where I will wake up to a community of diverse innovators, pass by the Precourt Institute for Energy during my morning walk, and receive the best education I could ever dream of.Tell us about something that is meaningful to you and why.What is the earth's greatest mystery? Volcanoes? Hurricanes? Or white rice?Growing up, white rice was a favorite of mine. I observed my mother making it countless times, and then one time it hits me at 8 years old. Why and how do hard rice grains turn into fluffy goodness?My first course of action to answer that question was to do an experiment. I heated water at an electric kettle without letting it boil, boiling water is scary stuff for an 8-year-old, put a handful of rice grains in a glass cup, and poured the hot water on it. I let it sit there and started observing, following a good 30 minutes, I conclude that the grains must have absorbed the water magically and evolved to rice.I share my findings with my mother, and after getting scolded and hearing her laughter, she remarks 'you're a bit too young to do experiment but not to read them' and pulls a giant book out of nowhere. I read the cover 'The Everything Science Encyclopedia'.I spent the following days unraveling all the different topics in the book, from the development of volcanoes to the creation of radio to the meaning of Laser, I couldn't get enough.After acquiring some knowledge in chemistry, I came to realize that my childish prediction wasn't far off, rice absorbs water and in turn becomes larger and softer. Now that the mystery of rice is solved, time to consider a greater enigma, maybe spaghetti?The Stanford community is deeply curious and driven to learn in and out of the classroom. Reflect on an idea or experience that makes you genuinely excited about learning.How can an 'Ice' turn into a 'curtain' and finally evolve to a 'chosen one'?That question is central to my upbringing. During elementary school, I was a quiet and shy child that didn't talk or show any facial expressions, thus dubbed 'Ice' due to this cold demeanor. This ice somehow turned into a curtain in middle school. Probably because it grew bangs that looked like curtains, and evolved finally to a 'chosen one' in high school.'chosen one' is a very flattering nickname, but its origin is a hazy. I think it started because whenever our class got assigned a group project everyone would choose me to be a leader, which is quite weird since I have no leadership potential, but my teacher says that the fact that I don't have any leadership potential is what makes me a great leader.Nicknames aside, If I had to describe my role in school in one word it would be 'ambivalent', and yes, I chose it because it sounds fancy. I have no leadership potential but apparently that what makes me a great leader, I am socially awkward, but that awkwardness is what makes me popular with everyone, and I have no sense of humor but me trying to be funny is somehow hilarious to everyone. Popularity had a price. Students in all classes heralded me as some genius, which I am not, because I can speak two languages and didn't tolerate any mistakes on my part, while rumors spread about my secret life as a scientist, which is completely false, my only secret life is Mariah Carey.I would be honored to bring my ambivalent 'chosen one' nature to the University of Michigan, and maybe the University of Michigan can further evolve this 'chosen one' into 'the chosen one.' Everyone belongs to many different communities and\/or groups defined by (among other things) shared geography, religion, ethnicity, income, cuisine, interest, race, ideology, or intellectual heritage. Choose one of the communities to which you belong, and describe that community and your place within it. I was a mosquito of a child.Light, mankind's oldest, and, probably, most vital form of energy is present everywhere. We however don't think much about it. Light intrigued me as a child, 'how did it work?' I would wonder until reading one of my first ever science books about its discovery. After reading about light, I was further drawn into it like a mosquito, literally and figuratively. However, I also became interested in other areas such health and, most notably, the environment. While I had diverse interests in science from physics to ecology, two areas were dominant over the others, and those were energy, from light, and sustainability, from the environment. Those areas were further amplified by the futuristic films I watch and my infatuation with Zuha Hadid's architectural marvels, as well as my country's 2030 vision, which aspires to maximize the usage of renewable energy and limiting pollution from fossil fuels.For this the University of Michigan is my sweet fantasy. With its deep roots in engineering, especially chemical, and its energy systems concentration in the chemical engineering department as well as its minor in sustainable engineering, University of Michigan is too good to be true. Top ten in nearly all engineering fields, such a dream would it be to attend this institution.Beyond the cold facts and figures, the engineering school's internships is something I would be thrilled to partake in, especially the Undergraduate Research Opportunity Program (UROP). The fact that UROP has not only the specific field I am interested in, UM Energy Institute Fellowship Program, but even the research areas I crave, carbon-free energy sources, energy storage and utilization, and even transportation and fuels, makes feel even more like a match made in heaven. I would be truly honored and thrilled to pursue my passion in the University of Michigan and become a wolverine. Describe the unique qualities that attract you to the specific undergraduate College or School (including preferred admission and dual degree programs) to which you are applying at the University of Michigan. How would that curriculum support your interests?The Afaaq Academic Future Program (AAFP) proved to be the most rewarding experience I have participated in.In it I was able to utilize my bilingualism to help my classmates find their passions. I had to stand next to foreign faculty in front of a crowd and translate their lectures. It wasn't easy, but the look on my classmates' faces made it all worth it. Not only did that experience help me hone my presentation and public speaking skills, it also influenced me and my classmates greatly in our major selection. I fell in love with chemical engineering and its applications, especially renewable energy and sustainability. I am still in contact with the program organizer hoping to help more high school students in my country find their passions in college, and, who knows, maybe this can extend into Michigan and US students, or even a much bigger international community here.If you could only do one of the activities you have listed in the Activities section of your Common Application, which one would you keep doing? Why? Throughout high school I felt privileged to be bilingual in Arabic and English. While I used this knowledge to help my classmates with homework and such, I never really applied it on a large scale. That was, until my senior year in high school when I was approached by my teacher to become the main translator for the Afaaq Academic Future Program, which aims to introduce students to the different majors and courses at King Saud University.The position required me to stand in front of a large audience beside foreign faculty and translate their lectures. It was nerve wrecking to say the least. I barely presented in class. However, something made me feel at home in the college environment. I believe that was the excitement of learning new information, especially since they were STEM focused, and translating it for my classmates. That experience not only helped me hone my presentation skills, it also inspired my classmates to consider different majors they hadn't before. My friend Alaa in particular, was aiming to major in medicine but was astonished to find out that pharmaceutics was a much better fit for him since he did not like anatomy. I also was guilty of such biases. I was so focused on mechanical engineering that I completely overlooked other branches of the field, but thankfully, I discovered the wondrous world of chemical engineering. I had only known a little about chemical engineering and was astonished to find the many different applications it had, namely renewable energy and sustainability.While I am proud of my efforts in the Afaaq Academic Future Program, I am aware that they were not nearly enough to help all my fellow classmates decide on a major. That is why I am still in touch with my teacher and plan to continue providing support to students, not only from my high school, but all over Saudi Arabia, and who knows, maybe this can extend to Virginia and U.S. students or a wider community of international students here.Our motto is Ut Prosim (That I May Serve). How is service to others important in your life?What is the earth's greatest mystery? Volcanoes? Oceans? Or white rice?Growing up, white rice was a favorite of mine. I observed my mother making it countless times, and then one time it hits me at 8 years old. Why and how do hard rice grains turn into fluffy goodness? My first course of action to answer that question was to do an experiment. I heated water at an electric kettle without letting it boil, boiling water is scary stuff for an 8-year-old, put a handful of rice grains in a glass cup, and poured the hot water on it. I let it sit there and started observing, following a good 30 minutes, I conclude that the grains must have absorbed the water magically and evolved to rice.I share my findings with my mother, and after getting scolded and hearing her laughter, she remarks 'you're a bit too young to do experiment but not to read them' and pulls a giant book out of nowhere. I read the cover 'The Everything Science Encyclopedia'. I spent the following days unraveling all the different topics in the book, from the development of volcanoes to the creation of radio to the meaning of Laser, I couldn't get enough.After acquiring some knowledge in chemistry, I came to realize that my childish prediction wasn't far off, rice absorbs water and in turn becomes larger and softer. Now that the mystery of rice is solved, time to consider a greater enigma, maybe spaghetti?Tell a story from your life, describing an experience that either demonstrates your character or helped to shape itSome people might say college would be their biggest challenge, but I say, bring it on! I have faced plenty of challenges, and I am not afraid.Despite being born to an upper middle-class family, we faced our fair share of setbacks. It got to the point where I started to wonder if I were somehow transported into a soap opera. Each time things started getting brighter, darkness struck out of nowhere.My twin brother was born with serious birth defects, one which cost him the ability to control his nerves. After showing great progress in walking and talking, he was diagnosed with epilepsy, which propelled my father to consume alcohol and start abusing my mother, leading to their divorce. When that was over, my sister got diagnosed with rheumatism and my mother with sciatica. Following that were uncountable visits to the hospital and sleepless nights. In turn, my other sister developed depression and even attempted suicide. After that, my older brother became addicted to drugs and almost abused my sisters.Fortunately, those nightmares are over. My mother and sister are going through physical therapy and their symptoms are improving. My other sister and brother started pursuing therapy and are now doing great; in fact, both are currently pursuing degrees in the humanities. Despite the harshness of those experiences, I did not leave them empty-handed. My twin brother's disability taught me responsibility, compassion, and how to cook. My mother and sister's illnesses made me learn how to provide therapeutic massages, and occasionally, how to braid someone's hair. My other sister's depression taught me how to provide emotional support and patience. But those experiences taught something even more important, only darkness lets you see light, and instead of becoming an empty presence in darkness I became light.Submit an essay on a topic of your choice.Purdue's current 130 research institutes will provide the breadth of learning I want to pursue. From the Center for  Offshore Foundation and Energy Management (COFFEE) to the Purdue Energetic Research Center to the Bindley Bioscience Center, I cannot wait to explore all the research taking place in there and would be honored to work with such distinguished faculty. Outside of the classroom, by utilizing Purdue's almost 1000 organizations, I intend to enrich my college experience. I am especially interested in the Alpha Lambda Delta Phi Eta Sigma honor society, and the study abroad opportunities available at Purdue.How will opportunities at Purdue support your interests, both in and out of the classroom? (Respond in 100 words or fewer.)Chemistry, Math, Physics. Those were all subjects that intrigued me. Throughout childhood, I developed an infatuation with science and math. I don't know how it started but my family noticed it right away. They started buying me science books. From the development of radio to the formation of volcanoes, I loved unraveling every subject of those. High school marked my transition into experimental sciences. Upon my work in the Afaaq Academic Future Program, I discovered my passion for chemical engineering. I felt so at home in that department, and decided to pursue it.Briefly discuss your reasons for pursuing the major you have selected. (Respond in 100 words or fewer.)While it is said that 'school is your second home,' I never felt the sense of belonging in my high school. Sure, I had friends, but I didn't have anyone to discuss Les Mis\u00e9rables with. The most diverse experience I had in my high school was a Syrian themed party, and we barely did any lab work for most classes. I was always either mocked or praised for reading foreign literature, with some going as far as saying how dare you read the works of infidels.While I never visited Harvey Mudd, I can clearly tell it would be my place to be. Situated in Claremont, within an hour drive of one of the world's largest and most diverse cities, Los Angeles would provide me with all the opportunities to immerse myself in other cultures, all the while acting as a hub for a plethora of internships. Harvey Mudd itself is what I want in my educational experience. A college with a deep sense of liberal arts combined with intricate hints of an engineering powerhouse, with a cozy student body that is diverse, intellectually curious, and accepting.Harvey Mudd's curriculum constitutes my passion and educational goals. A curriculum that, despite emphasizing the liberal arts, allows room for the technical side of engineering. A curriculum that morphs the best of both worlds, creating something so mesmerizing I can't imagine. Rachel Levy's fluidity course sounds so intriguing I am burning to see it. I long to the days when I can discuss Les Mis\u00e9rables with my Harvey Mudd colleagues, explore all the diversity Los Angeles has to offer, and call Harvey Mudd my 'second home'.What influenced you to apply to Harvey Mudd College? What about the HMC curriculum and community appeals to you? Please limit your response to 500 words.You wouldn't know my whole character.the weird habits I have, some which come in handy, such as cleaning things to distress myself, there is just something so soothing about wiping away stains off dishes and seeing them shine. My mom can't stop thanking god for the application process, thanks to it our house never looked this clean in years. You wouldn't know about how I tend to \u00ac\u00acsing self-deprecating phrases whenever I do something wrong, even when no one is around, or how I sometimes get so into a book that I spend the entire night reading, somehow finishing 800 pages in one day.  My love of giving and baking, I know so manly, how I made two cakes in a single day, causing a disaster in the kitchen but remedying it with my habit of cleaning, for my departing teacher, and mentor, and how I am planning to make custom cupcakes (each with a student's name) for my whole class. You wouldn't know about the countless nights I spent writing your essays, how hard I tried to make them interesting, hopefully they are, and concluding my nights with dreams of attending your institution. How my honest remarks can sometimes be 'too honest' only to be remedied with a heartfelt compliment, and my infatuation with foreign literature that triggers joking remarks of my peers such as 'you will lose your Saudi citizenship at this rate'. You probably wouldn't know the empathy I hold for other people, even when we are not unrelated. How broken hearted I got after the new tax bill was passed that I couldn't sleep, despite not being affected by that bill. You wouldn't know how dearly I hold education, and look for it to solve my country's problems, our reliance on oil is killing us and the world around us. I want to change that. Our public schools barely have any labs despite the ample funding they receive, and our curriculum is too religiously focused. How I am still in contact with my teacher, hoping to lead another academic college program for my high school students, and who knows, maybe this could extend to California high schoolers, or even a larger community of international students.What is one thing we won't know after reading your application? (500 words or less).Throughout high school, I felt privileged to be bilingual in Arabic and English. While I utilized this knowledge to help my classmates with homework and such, I never really applied it on a bigger scale. This changed in my senior year, I was chosen by my teacher to be the main translator for the Afaaq Academic Future Program, a program that aims to introduce students to the different majors at King Saud University.The position required me to stand in front of a large audience beside foreign faculty and translate their lectures. It was nerve wrecking to say the least; I could barely present in class; however, something weird made me feel at home. I believe it was the excitement of learning new information, especially since it was STEM focused, and translating it for my classmates. That experience not only helped me hone my presentation skills, it also inspired my classmates to consider different majors they had never done before.To say I am infatuated with Rochester's motto would be an understatement. I was always a sucker for motivational quotes. The idea of joining an institution based on constant improvement speaks to me on a personal level. Leaving the motto aside, I am deeply interested in the Eisenberg internship and Professor Jorne's research on hydrogen lithium cells. I'm sure that a Rochester education would help shape not only my future but even my country's and the world, as I am planning to research advancing the boundaries of renewable energy.Fugitive slave, abolitionist, entrepreneur, feminist, intellectual, and Rochester luminary Frederick Douglass said 'Man's greatness consists in his ability to do and the proper application of his powers to things needed to be done.' You're showing us your 'ability to do' in this application. Please describe also how you apply your 'powers to things needed to be done.' Explain why you want to joiWhy is my brother so different from me, even though we are twins?That question haunted me at five. I came home from school each day to the typical sight of my twin brother playing silently with toys. Once, however, he was not alone. Behind him stood my mother with an expression of heartbreak and anguish on her face, tears dripping down her cheeks. I confronted her the following morning. After some hesitation, she finally gave me the full story. She told me that while I came into the world easily, my brother was not as lucky.He was stuck inside the womb for 15 minutes. The lack of oxygen during that time damaged his brain cells, specifically, the part of the brain responsible for growth. Doctors said he would not develop past the age of 5 at best.After hearing my mom's story, I felt a sense of responsibility. I was the older brother after all (even if by 15 minutes), and I had not done enough to help him. I ended up deciding that he should go to preschool with me. Preschool, although annoying with the need to get up early in the morning, proved to be quite fun for me. The arts period was my personal favorite and I thought my brother would like it too.That day in preschool was one of my favorites. Despite my brother having difficulty communicating with others, we still had lots of fun. I ended up drawing the typical family portrait of my brother, my sister, my mother who was raising us on her own, and me. My brother mimicked me and we both laughed about it.While my feelings toward my brother started out as empathy and responsibility, they evolved to sheer admiration as we got older. My mother took initiative and started teaching my brother to talk, and little by little my brother started talking. Enough to even baffle the doctors at his annual examination. After that came the stage of teaching him math and science, in which I played a part.A sense of responsibility followed me through the years. At 9, when I learned to cook, I always made extra for him. At 11, when I started my hobby of reading science books, I offered to read with him. He similarly loved playing console games and shared all his favorites with me. I remember the casual chatter we had every day after coming home from school and the satisfaction that ensued after finishing our homework.Are people just born smart? I've had this question in my mind for a while. It would not have been for my brother that I realized its answer. My brother, despite all his impairments, is now the top student in his 12th grade class. Because he was born smart? No. Rather it was because the education he received unleashed his hidden potential. Much like what I am trying to do today and right now. Who knew we were so similar after all?Tell a story from your life, describing an experience that either demonstrates your character or helped to shape it.I come from a world far away, where women can finally drive, and the people drink crude oil for breakfast.Jokes aside, this stereotype, while holding some truth, is to no surprise, quite extreme. While I was blessed to be born to a slightly upper middle class family, this blessing had its hardships. To be truthful, I faced plenty of those in my life, enough that I started to wonder if I was transported into a 60s drama. Just when I started to cheer up with my brother's progress in walking and talking, he got diagnosed with epilepsy. And after it came the news of my parents divorce. After finally getting over that, my older sister was diagnosed with Rheumatism and my mother with Sciatica, and in came the uncountable visits to the hospital and sleepless nights. Which lead to my other sister developing depression and even attempting suicide. Luckily after pursing therapeutic session and therapy. Both are doing great now, one graduated with a bachelor's in English and the other is pursing Arabic. Unluckily, my brother fell into the pits of drugs, dropped out of college and almost hurt my sisters. Growing through all that morphed my personality into a peculiar mix of pessimism and optimism. While it was hard, I definitely did not leave it empty handed. Through all those experience, I learned cooking (for my handicapped brother), providing basic therapeutic messages (for my sick sister and mother), taking care of babies (when my married sister was away), providing emotional support (from my depressed sister), and most importantly, that there is a solution for every problem. Some people might say college is the biggest challenge you will face, for that I say, bring it on! I faced plenty of those and I am not afraid. Our families and communities often define us and our individual worlds. Community might refer to your cultural group, extended family, religious group, neighborhood or school, sports team or club, co-workers, etc. Describe the world you come from and how you, as a product of it, might add to the diversity of the University of Washington."}]}