{"schema":{"fields":[{"name":"index","type":"integer"},{"name":"personal_essay","type":"string"}],"primaryKey":["index"],"pandas_version":"0.20.0"},"data":[{"index":0,"personal_essay":"When I was seven years old, I discovered my precious Denny unmoving at the surface of the fish bowl. It wasn't difficult to see that he had passed away to fish heaven. I held an elaborate funeral for him, complete with a eulogy and a symphony playing in the background as I made the final flush. The mournful tribute I had written for my goldfish titled 'Dead Denny' was probably the first poem I ever wrote in my life. That day, I lost one of my first friends but soon realized that I had made another. This one, albeit, took a rather peculiar form: writing. If writing took a tangible body, my younger self would probably describe it as having purple hair, infinite superpowers, and a mischievous smile. I had always been a shy introvert so writing was one of my few best friends- someone who grasped my hand and pulled me into my own limitless imagination in a time when my first inclination to anything, deemed too daunting, was to say no. I never saw writing as just writing. It was almost a person to me- one that took part in my wildest adventures and gave me comfort. When I was fourteen years old, I went to summer camp to take a writing course. There, I met a boy who had broad shoulders and sunkissed hair. We only knew each other for the short few weeks of camp but we quickly became friends. That summer was filled with his corny jokes and Baltimore sunsets. It was after the camp ended when I received the news that he had died in a freak accident. What do you do when you're fourteen and the reality of death hits you like an earthquake: fast, unexpected, and terrifying? I wrote a deeply personal memoir. Then, at the urging of my English teacher, I submitted it to a national writing competition where it received a silver medal. While in the past I had relied on writing to flee from my fears, it slowly coaxed me to confront them. I submitted more pieces to competitions to be judged by strangers, something that was unthinkable in the past. I tried out for the Yearbook Club and discovered that I loved sharing a common passion and treasured the thrill of creating something that lasts forever. The very thing that had pulled me further into my own self as a child was now what thrust me into the great unknown that I had been so afraid of.When I was seventeen years old, my grandmother passed away from a sudden heart attack. I thought I understood death from what had happened three years ago but standing in the grossly fluorescent hospital room, holding her cold hands in mine, I realized with a shattering jolt that I truly didn't. How could someone who had been dancing in the kitchen just a few days ago suddenly be gone? I tried to write an eulogy for her funeral but I couldn't find the words to describe her. Words that had always flowed so effortlessly from my fingertips now seemed unfamiliar in my hands. Since I was young, writing had been there for me. That day I discovered that, almost like having a mind of its own, writing could also leave me. It would have been easier to blame the separate entity I had made writing to be, to ask why and how it could fail me when it should have been there for me. But I've learned that writing isn't a purple-haired superhero with a coy smile. It is not even a person. I am the writer and the superpower lies with me: to create a story, to say goodbye to someone too soon. And maybe as all superheros do - to save the world in my own, small way.When I was seven, I wrote my first book. As I scribbled passionately about kids riding a magical elevator to find their lost dogs, I realized that my first great love wasn't a booger-picking boy who shared his crayons with me. It was writing.Like all great love affairs, this one started off as a teensy crush. Writing short poems was like a few covert glances between a boy and a girl. It slowly dawned on me that words weren't just syllables strung together. They were land mines filled with unexplored ideas waiting to be told. To think that the power rested in my hands\u2014the infinite possibilities excited me. Still, excitement subsided and writing became something I did to pass the time\u2014a casual hookup if you will. However, during a period when I doubted my self-worth due to constant comparison with my exuberant twin sister, writing gave me an opportunity to become my own person. Writing became the special someone that made my insecurities vanish.All long-term relationships encounter a rough patch\u2014'It's not you, it's me. I'm not ready for something serious.' I told my first love I needed to experience new things\u2014badminton, the school orchestra, even forming my own service clubs. But nothing gave me the same thrill as writing did\u2014the childish giddiness of encountering her first crush.In high school, I wrote short stories, winning the gold and silver in the Scholastic Arts and Writing Awards competition. My passion for creativity pushed me to join the Yearbook Club where I formed many friendships. I was even elected as the Editor-in-Chief in my junior year. I also co-founded an online magazine to write about our high school experiences.Now, if you ask me about my first love, I'd say it's doing just fine. We argue when ideas run dry and the frustration of writer's block seeps in but love is all about patience and persistence. I know my greatest talent is something I've worked for just like all relationships.So who's to say that your first love never lasts?'Why are you crying?' My mom asked, bewilderment plastered on her face.I pointed at my fishbowl; precious Dorothy was floating at the surface belly up. She had passed away to fish heaven. I held an elaborate funeral to the amusement of my mother- complete with a eulogy and a melancholy symphony as I made the final flush.I've always loved animals, no matter how small or insignificant they seemed. I could watch ants move a single crumb across a playground for hours. One summer, I realized that Seoul had over 200,000 feral cats living within its borders. I had seen skeletal cats roaming the streets but never really thought about them dying from starvation, cold, disease, or abuse. After a little bit of research, I found that these stray cats rarely live beyond five years.Determined to do something, I found a local cat shelter called Nabiya that took in stray cats. I volunteered to help with the laundry, clean litterboxes, feed, vacuum, mop, and more. Once school started, I realized that a lot of clubs focused on global issues such as North Korean defectors or adopting a child from Africa - but none helped the insignificant and often forgotten such as stray cats that were dying in our own city. I founded the Nabiya Club at my school, partnering with the very organization that I was volunteering at, where I organized fundraisers and hosted monthly shelter visits for club members to actively help the cats. We raised over $2,000 to foot the medical bills of two critically injured cats that would have died otherwise. When I explain to fellow students about Nabiya, they usually chuckle at my 'cat-club' as it has been dubbed. But I believe my club is more than just helping stray cats. It's a step towards helping the often forgotten. I believe the community needs someone who recognizes this importance; someone willing to care for something that may seem trivial in comparison to all the other issues in the world. Perhaps even someone who is willing to hold a funeral for a small goldfish.It's hard to pinpoint what truly makes me different from other amazing applicants. Is it my grades and test scores? No. My eclectic extracurriculars? Probably not. But one thing that truly sets me apart is my family and how each has shaped me.My mom is small in stature but big in everything else including her voice and opinions. Her English is broken so I grew up listening to her rapid Korean. Because kids attending international schools are typically isolated from the mainstream society, my mom made sure that I didn't lose my Korean identity by teaching me difficult Korean phrases and making me watch Kdramas. Besides my almond eyes and oval face, I also inherited my mom's tenacity, pride, and her love for learning.My dad represents the American side of me - he understands my dry humor and loves discussing current events. He grew up in Korea but immigrated to California in his teens not knowing any English. He always tells me how much harder he had to work in school just to achieve the same results as his peers. While I am inspired by his struggles, I know that his story is not mine. I was fortunate to receive an amazing education and constant support - my dad taught me never to take my privileges for granted.My twin sister...well, she's in a class of her own. My fiercest competitor and best friend, she is the most fearless person I know. She has pushed me, a shy introvert, to never let the fear of failure dictate my actions. It's also through being compared to her that I have learned the importance of individuality and being my own person.I know that my academic achievements or the clubs that I have founded does not differentiate me from other competitive applicants. It is the values that I possess, the family that raised me, and the fusion of two contrasting cultures that I grew up with that makes me unique. I am not just my parent's daughter, a twin sister, Korean, or even American. I am all of the above. To the many pedestrians passing by us on the street, we must have been quite an amusing sight: a large group of high schoolers holding a giant inflatable globe, huge posters, and a teenage boy dressed up like the Grim Reaper. But to me, this strange sight was the culmination of all the hard work that I, along with all my other club members, had put into a single event. The Climate Finance Integrity awareness campaign had been a project that the club that I had founded, Transparency SFS, had been working on tirelessly for the past months. Perhaps it was this same tenacity and passion for global change that turned a simple email to the managing director of Transparency Korea, one of the branches of the international NGO Transparency International, into something so much bigger. Our partnership with the global organization started from an interest in anti-corruption which was fueled by the Park Geun-hye scandal plaguing our own country's government. Only a few weeks later, I was told that I would be in charge of leading an awareness campaign along with my other club members in the busy streets of Seoul. I lead my club in designing brochures about our cause and creating huge poster-boards with surveys pedestrians could fill out. We bought a huge inflatable globe and a Grim Reaper costume as a way to attract the attention of passersby. As my first time in leading large-scale event, it would be a lie to say I didn't have my doubts. Would my leadership fail miserably? Would people even care about our cause?But standing in the cold streets with my peers, united by a single passion, I realized the size of the crowd we attracted was not what mattered. It was the fact that we were there, trying to bring awareness to something we believed in. I learned that leadership is so much more than just being in charge. It is taking that first initiative to turn something small into something meaningful. After all, who knew a single email would turn into a 40-people event?"},{"index":1,"personal_essay":"Most seniors spend countless hours scouring every resource they can find- online, in books or people- in order to choose where they will spend their next four years. For Samantha Pyo, it was a relatively easy decision.'The moment I found Northwestern, I knew I had found my soulmate. The more research I did, the more I fell in love- especially the Medill School of Journalism.' Ms. Pyo professed as her eyes lit up at the mere mention of her first choice university. Having written stories from a young age and having been involved in journalism all through high school, she has always been fascinated by words and the innate power they hold. 'NU would provide endless opportunities to take my love for words and turn it into what I do for the rest of my life. Its philosophy is \\\u2018learning by doing' and only at Northwestern would I be able to undertake a global journalism residency in Qatar and gain professional experience through an internship with prominent companies like CNN, all while pursuing my love for history through an outside concentration.'Ms. Pyo is particularly attracted to the Medill Justice Project, founded in 1999, which has led to wrong convictions being overturned. 'Northwestern teaches you as an undergraduate that you have the power to change the world. And it gives you the tools to do so through first-hand experience in investigative journalism.' she said. But it's not just Medill that has convinced her that Northwestern is \\\u2018the one.' She loves the lakeshore view of its campus, The Rock, and NU's diverse yet connected student body.'The freedom and staggering opportunities offered at Northwestern is nothing like I've ever seen before. But if college is an adventure, it's one I'm more than willing to take.' Ms. Pyo declared.Northwestern Statement (Optional, Strongly recommended, 300 words max) Other parts of your application give us a sense for how you might contribute to Northwestern. But we also want to consider how Northwestern will contribute to your interests and goals. In 300 words or less, help us understand what aspects of Northwestern appeal most to you, and how you'll make use of specific resources and opportunities here.I can't imagine any school, other than Tufts, being described as both 'playful' and 'intellectual.' But perhaps this idea of being anything and everything is the epitome of Tufts and also the reason why I belong there.Only at Tufts would the two extremities of my personality be fully nurtured. As a writer with a passion for history, social justice, and language, I can major in 'International Literary and Visual Studies' which would allow them to converge. My intellectual side would be further stimulated with the abundant opportunities offered at Tufts; through the 'Tufts in Annecy' summer program I could immerse myself in the French culture as France has been on my 'places-to-travel' list since I first fell in love with the language in the sixth grade.  My 'playful' side would be just as satisfied by its limitless choice of clubs and organizations. The unique Tufts Culinary Society would allow me to cultivate one of my greatest passions- eating food -which was developed through my extensive search for the best restaurants in Seoul with my friends. Though Tufts is a highly competitive research institution, its community is one that is encouraging and doesn't take itself too seriously. This is evident through The Zamboni, and joining such a publication would allow my love of writing and humor to merge. I've never been able to fit myself into a single category whether that may be as a writer, a foodie, or a travel junkie. But at Tufts, I would never have to. 1. What excites you about Tufts' intellectually playful community? In short, 'Why Tufts?' (200-250 words)Ever since I was five and learned that mere syllables could be strung together to form intricate sentences, I've been a lover of words. This love has shaped my desire to tell a story and I believe that the abundant resources available at USC will enable me to do just that while also fueling my passion for learning.Having been part of the Yearbook Club all through high-school creating countless layouts on the computer and as an executive of the Sports Council advertising team, I recognize the importance of mixed-media in conveying pertinent messages. Courses such as 'Visual Journalism' will allow me to integrate my interests in media and journalism to further my understanding of using different platforms to communicate effectively and ethically. The extensive internship opportunities offered to Annenberg students by prominent companies such as NBCUniversal and Harper's Bazaar would provide me with valuable field experience and professional network I wouldn't be able to find in a typical classroom.Though I am likely to concentrate on Journalism at USC, I also plan to take advantage of the opportunity to combine majors and minors from varying fields of study. Using USC's flexible system, I could fuse my interests in writing and history- enabling me to enrich my knowledge on the country I call home with a minor in 'East-Asian Area Studies.' My education at USC would stretch beyond the limits of a classroom or a single area of study to encompass everything I could ever hope for as a student.  Describe how you plan to pursue your academic interests at USC. Please feel free to address your first- and second-choice major selections.I've never been able to hold a tune- notes that come out of my mouth always crack, wavering unsteadily in the air before dissipating sadly. My singing ability has always been the target of my friends' constant teasing and laughter.Maybe that's why when a six year old boy tugs on my hand and asks me to sing his favorite Disney song, I can't help but hesitate slightly. Charlie is small with curious eyes. The Big-Buddy Program allows me to spend time with elementary schoolers who have unstable homes, providing them a friend and a safe haven. But out of the many children I spend every Thursday with, Charlie is secretly my favorite. While we usually spend our time playing hide-and-seek or reading, when he spots a piano in the corner of the room available, his eyes light up and he drags me to the seat.'Can you sing \\\u2018Let it Go'?' he asks.He doesn't wait for my response and starts clumsily banging on the keys; the melody that's produced sounds nothing like the \\\u2018Let it Go' I know. But in the small room filled with a dozen other volunteers and accompanied by a dissonant collection of random notes, I sing. Not because I suddenly find confidence in my voice but because I've learned that there's a certain beauty in trying things even if you know they will be imperfect. And in the smile that takes over Charlie's face, I know that I've found that beauty.What is something about yourself that is essential to understanding you? I can't imagine any school, other than Tufts, being described as both 'playful' and 'intellectual.' But perhaps this idea of being anything and everything is the epitome of Tufts and also the reason why I belong there.Only at Tufts would the two extremities of my personality be fully nurtured. As a writer with a passion for history, social justice, and language, I can major in 'International Literary and Visual Studies' which would allow them to converge. My intellectual side would be further stimulated with the abundant opportunities offered at Tufts; through the 'Tufts in Annecy' summer program I could immerse myself in the French culture as France has been on my 'places-to-travel' list since I first fell in love with the language in the sixth grade.  My 'playful' side would be just as satisfied by its limitless choice of clubs and organizations. The unique Tufts Culinary Society would allow me to cultivate one of my greatest passions- eating food -which was developed through my extensive search for the best restaurants in Seoul with my friends. Though Tufts is a highly competitive research institution, its community is one that is encouraging and doesn't take itself too seriously. This is evident through The Zamboni, and joining such a publication would allow my love of writing and humor to merge. I've never been able to fit myself into a single category whether that may be as a writer, a foodie, or a travel junkie. But at Tufts, I would never have to.The Big Buddy Program allows me to befriend kids from unstable homes. Out of the many children I spend every Thursday with, Charlie is secretly my favorite- maybe because the shy six-year old boy reminds me a lot of the heroine of my favorite childhood story. He loves reading just as Matilda does, picking a new book for me to read aloud every week. His first language is Mandarin, and in the beginning of my time with him, the few words he did say to me were in a language I could not understand. He rarely spoke to the other kids in the program, holding my hand and dragging me to a remote corner of the room while everyone else played tag or hide-and-seek. But as the weeks passed, and after a lot of patience I could see him grow more comfortable with me and others. Soon, his reserved demeanor disappeared and in its place was a lively boy, eager to have fun.Matilda inspires me to be both the perpetually curious young girl in the story as well as the kind teacher who strengthened her. Now, Charlie is no longer timid in his conversations, teaching me simple phrases in Mandarin while I encourage conversations in English.'Hey Charlie! Ni hao ma?' I would say to him. How are you?'Good. Can we play outside?' he would reply, his eyes alight with excitement.'D\u0101ngr\u00e0n.' Of course. 1. What excites you about Tufts' intellectually playful community? In short, 'Why Tufts?' (200-250 words)Tanvi is a small girl with shy eyes that don't keep contact with mine for more than a few seconds. Her deft fingers work quickly with the slippery clay in contrast to my maladroit fingers. I attempt at my own design, gracelessly molding my own mound.The studio is filled with chatters of English and Hindi but only silence is exchanged between Tanvi and me. When I signed up to partake in one of the service trips that my school offered, I was thrilled to travel to Kolkata where I could interact with students from local villages and be immersed in their culture. But so far, Tanvi and I have said only a few words to each other; I told her my favorite animal was a monkey and she talked about the jasmines that grew in her village.I turn my attention back to my sad heap of clay and start to work on it again.There are several more minutes of silence and then, 'Sammie.'I look up in surprise and see Tanvi shyly extending her palm. On it is an impressively detailed clay monkey.I laugh and show her my own figurine- a deformed flower meant to be the very one she had described to me earlier. Her laugh rings loudly as well.My creation may have seemed nothing more than an attempt at a clay flower but I also know that it was the first step in building a friendship, even between two people of disparate backgrounds.Whether you've built blanket forts or circuit boards, created slam poetry or mixed media installations, tell us: What have you invented, engineered, produced, or designed? Or what do you hope to?Ever since I was a child, Matilda has always been one of my favorite books. Although the books I read have increased in both complexity and depth, there's something about the story of a little girl disregarded by the world that still resonates with me. Maybe it was because in my mind, I could so easily be her- encountering Ms. Honeys and fighting the Ms. Trunchbulls that faced me. Like Matilda, I harbored a deep love of books as well as a perpetual need to ask questions that were both stopped by nothing. I fearlessly climbed the ledge of my bookshelf with her in mind, my arm outstretched to reach books I couldn't see. Now I am older and to some, Matilda may be just small girl with a red ribbon in her hair but to me, she is a representation of my limitless passion for words and unending curiosity.What is your favorite fiction or non-fiction work (film, book, TV show, album, poem, or play)? Why?I ran my fingers over the thick strings of the instrument; the texture was unfamiliar. Barely over 5 feet, I was much shorter than the double bass which towered over me. I glanced at my orchestra teacher skeptically. When he had asked me to learn how to play the double bass in the school orchestra which was desperately lacking players, it seemed an impossible feat to transition from the violin to the bass in just a few months. But after putting in countless hours of practice, there I was on stage playing in the Christmas concert. The thought that I can contribute to something bigger than myself is what motivates me to learn. The knowledge I bring to the world, no matter how small it may seem, can make an enormous impact. In a huge orchestra, I can be the essential bassist providing the low notes for a perfect harmony. What motivates you to learn?"}]}