{"schema":{"fields":[{"name":"index","type":"integer"},{"name":"personal_essay","type":"string"}],"primaryKey":["index"],"pandas_version":"0.20.0"},"data":[{"index":0,"personal_essay":"Curled up in the back seat with my bear-sized trunk bags, I drive up the oh-so-familiar hill and view the woodsy terrain that always warms my heart. However, I am incredibly nervous. This time is different than my past experiences. A despicable combination of doubtfulness and fear of change trembles in my stomach.After constant battles with my thoughts, I had chosen to spend my last summer in high school at my childhood happy place: Camp -------, a sleepaway camp in rural Pennsylvania. It was too soon to leave the place that has played a significant role in my development. Nevertheless, I began focusing on other opportunities available for the summer, forgetting how much camp means to me as a second home. My choices for the summer were to either continue science research at school by finding a research mentor with a professional science laboratory, or assume a new role at camp. Perhaps this summer could lead the path to my future career, but here I was\u2014going back to summer camp. I was beginning to regret my decision.Heading up that camp hill, I didn't know what to expect. I knew the transition from camper for nine years to counselor would be difficult. Supervising over a dozen nine-year-old boys in the blazing heat while focusing on the prospects I passed up would be extremely difficult. To make the most out of my summer, I needed to convince myself I made the right choice.By the time the week of counselor orientation was over, my trepidation was a thing of the past. The first bus arrived, and as the eager campers jumped onto the ground, I couldn't help but smile. I flashback to my first year, seeing myself bound off the bus towards thirty or so 'giants' cheering and waving their hands in the air for me\u2014a pivotal feeling. Instantly, I recognize how monumental my job is. I never realized my counselors made an inordinate impact on my summers until I was in their place.On the last day of camp, I created individual cards for my campers that showcased their positive characteristics and development over the summer. I used this to inspire them to be themselves\u2014something I learned from my own counselors. I hid the cards in their bags, and one boy discovered his before leaving on his bus. The smile on his face after reading it was astounding. He ran to me, thanking me for everything as he reached up for a hug. At this moment, I discovered how much I grew in a matter of seven weeks. I now highly value the power of making an impact on others.The drive down the hill after seven metamorphosing weeks epitomized my new outlook on life. I had never imagined how demanding\u2014but rewarding\u2014it could be as a counselor in charge of rambunctious campers. Given my gratitude for all the counselors who worked tirelessly through my growing years as a camper, I had paid it forward. While I initially derided my decision to come back to camp, I discovered that I can learn the most where I expect it the least.This hill--what seemed as a blockade for a great opportunity to start my scientific career--ironically became my path to become an engineer. My camp counselor experience exposed my underlying desire to stimulate change and advancement in someone's life. I used past experiences and moral knowledge to solve problems quickly and creatively throughout the summer. This was my first step in making an impact, and now I have ample room to grow and direct this motivation towards society. As a scientist, I will be committed to innovation, creativity, and of course, perseverance.Ultimately, any personal circumstance is your drawing board for creation. Potential is available anywhere\u2014what you learn and gain is up to you. The result may surprise you."},{"index":1,"personal_essay":"Science and math have been the spark for my curiosity since I could remember\u2014I desired to know how our universe functions. An overarching goal for my studies in the scientific realm is to advance how society functions, and through my innovative contributions, eventually provide help to individuals. When I was about ten years old, the thrust of my interest in innovation was focused on my pet rabbit, rather than humans. My sympathy for my rabbit had proliferated the more I thought about how he was trapped in a little cage for most parts of the day. That prompted me to create cardboard 'mansion-sized' buildings using trial-and-error structural testing and building techniques. I then placed them around my house for him to explore.At Tulane University, I aim to generate more innovative ideas through scientific research and hands-on, entrepreneurial learning. Tulane's research has a major focus on health and bioinnovation, creating biotech companies right on campus. In addition to scientific research, I also have the opportunity to pursue several different academic paths.The flexibility of academics at Tulane is perfect, given that a third of students double or triple major. To have an interdisciplinary experience, I am considering combining my Biomedical Engineering curriculum with a major in Marketing or Psychology. Taking classes in any of the five schools Tulane offers will diversify my education and uniquely expose me to many new fields instead of focusing on one.While attending a Tulane information session I became intrigued by the passion that the faculty has for students, epitomized by their approval a service dog raising club! I was impressed with how both faculty and students seized opportunities that heavily related to service. The public service requirement will allow me to become involved within the New Orleans community and apply my engineering knowledge to solve problems. For example, it would be a fulfilling experience to mentor local high school students on a science fair project.It is my hope that during my academic experience, I will have many opportunities to share my knowledge with other students. In high school, some of my favorite activities were mentoring at the local elementary school and guiding campers as a camp counselor last summer. At Tulane, volunteering in the humanitarian organization, Engineers Without Borders, would enable me to take my knowledge abroad and make an impact on other societies outside of my own.For much of this year, I have been subscribed to Tulane New Wave and consistently check for science and health news. In biomedical engineering at Tulane, I am eager to combine my interests in the practical use of biology, technology, physics, and mathematics to solve real problems in the U.S. and internationally. One New Wave article that stuck with me concerned AxoSim Technologies, a technological company that is offering a new type of drug test platform. Since many types of drugs are too expensive for consumer use, production costs must diminish. They created 'nerve on a chip,' a 3-D model for nerve tissues, as an alternative to animal testing and pricey development. This article showcases the integration of business and entrepreneurship with biology and technology, which would be perfect for me to experience at Tulane, given its flexible programs.Among the many relevant courses for me at Tulane, the area of organ functions and biomechanics especially excites me. One such class is BMEN 3650 - Biomechanics and Biotransport. This will enhance my existing knowledge of fluid mechanics, organ structure, and the relationship between physics and biological systems. I also hope to conduct research in biomedical engineering laboratories with professors to gain experience and make contributions to the industry. I am especially interested in the Neural MicroEngineering Laboratory under Michael J. Moore, which partnered with AxoSim. This lab will allow me to explore disease through in vitro models. Professor Moore also teaches BMEN 3400 - Biomaterials and Tissue Engineering, which will give me hands-on experiences with cells and pathological events that occur as a result of biomaterials and tissue-engineered products.Overall, Tulane is a hub for service and culture where students and faculty will inspire me to step out of my comfort zone. Perhaps at Tulane I will find an interest I never knew I would develop, or will become hooked on the crawfish I taste at CrawFest.Please describe why you are interested in attending Tulane University (optional) (50-800 words).Although they often have trivial plots, there is hidden inspiration in TV sitcoms. Beyond the corny jokes, the zany characters and frivolous plots, sitcoms can have real-life significance. One such show is 'Parks and Recreation,' which depicts a government department in a fictional Indiana town.The most inspirational character I've seen appears on this show: Leslie Knope. She truly loves her job and has a superb work ethic. In addition, she's a genuine friend and cares about everyone's well-being. As a government employee, she shows compassion for the citizens regardless of how unappreciative they can be, and never gives up after failure.Many sitcoms are entertaining not only for their humor, but for their moral lessons. Leslie taught me to fight for what I\\\u2018m passionate about, unconditionally. She can be a role model for many types of people: feminists, immigrants, public-service employees, and anyone who just needs a push.What is your favorite fiction or non-fiction work (film, book, TV show, album, poem, or play)? Why?As an inspired 8-year-old, I watch robots battle to 'death' and catapults launch with on-point accuracy at my father's high school Science Olympiad competition. These events were the initial sparks to my curiosity: How do you create the robots? How are the catapults accurate?Curiosity motivates me to explore anything that captivates my interest. Juxtaposing my curiosity with a long-distance run, I never settle for a one-mile race; I aim for a second mile\u2014my next step in learning. Learning is my long-distance path of curiosity. As I find the answers to my youthful questions (motor and intelligence systems, simple physics\u2026), I form new ones: How can a computer create networks to connect to other devices anywhere, just by using 0s and 1s? Is there life outside our solar system? How can we find it? I learn not only from answers to my questions, but in the process of discovery.What motivates you to learn?The excitement I feel for discovery and problem-solving has shaped my academic interests. During my undergraduate years at the University of Michigan, my goal is to participate in independent research and learn in the presence of distinguished faculty in an array of disciplines. I believe the LSA Department is well suited for me because I can pursue a specific scientific field of study while minoring in a different concentration. My curiosity about biology and biochemistry was piqued when I contracted food poisoning in 8th grade\u2014I desired to know how food poison is derived. During my first year of advanced science research in high school, I focused on microbiology in ground beef. Since I did not have the equipment and the mentorship to experiment on the genetic level of bacteria, I at least wanted to know how bacteria's genetic information related to humans. In my junior year, my AP Biology course and the wealth of information in the textbook, raised my awareness about biochemistry. Gene regulation and enzyme activity linked to cancer and disease became particularly fascinating.At the University of Michigan, I would become more knowledgeable about these topics by working in research to solve problems or conducting more in-depth exploration about topics surrounding gene regulation, antibiotics, and enzyme mechanisms and how some of these concentrations relate to cancer and diseases. I hope to conduct MCDB Research with faculty such as James Bardwell in protein folding and Anuj Kuma in bioinformatics and relations to cancer-related pathways. For my first two years at UM, the Undergrad Research Opportunity Program (UROP) will allow me to pursue research under supervision from faculty experts. I also plan on joining the Biology Student Alliance at UM to interact with peers in different biology fields and expand my understanding of biology in society. Taking biochemistry courses such as BIOLCHEM 451 and BIOLCHEM 452 will let me hone in on macromolecules and kinetics.Another interest of mine is computer science and its relation to other scientific fields. My participation in my school's computer science club in junior year spiked my intrigue with technology and how computers process information. As I begin to self-study AP Computer Science and delve into computer systems, I want to learn more about their complexity. Pursuing the Data Science major as a double major or minor in conjunction with Biochemistry\/Molecular Biology would create a unique academic experience and allow me to explore the field of Computational Biology. One course in LSA that excites me is BIOPHYS 117. This course will allow me to connect programming to the physical sciences in a unique way. Joining ArborHacks, a programming activity, will connect me to other students with similar interests, while consequently promote computer science to the Ann Arbor community.LSA is unique because it gives me the opportunity to include engineering as part of a joint degree program. Specifically, when studying Cellular and Molecular Biology and Biomedical Engineering, I can focus on biological aspects, alongside mathematical principles and innovation in BME.Since I am an advocate for interdisciplinary studies, choosing Michigan LSA allows me to combine several of my interests to shape my undergraduate academic experience if I choose the Individual Major Program (IMP). This can add to my academic experience--to think in new, innovative ways.Describe the unique qualities that attract you to the specific undergraduate College or School (including preferred admission and dual-degree programs) to which you are applying at the University of Michigan. How would that curriculum support your interests? (500 words)One of the communities I am proud to belong to is a virtual community\u2014the community of Twitter. While Twitter is composed of meaningless celebrity tweets and viral videos, there is much more significance to the social media platform. Twitter is a way to express one's opinion, and it can be powerful in spreading information internationally. Within Twitter, I belong to a progressive sub-group composed of diverse, proactive individuals who believe in international equality for all human beings regardless of race, gender, religion, and sexuality. Teenagers, in Generation Z, make up a significant portion of this community who utilize the power of social media to the maximum. A major issue discussed in the community is the significant turn in U.S. presidential ideologies since the past 2016 election. Particularly, I am seeing passionate expressions of dissatisfaction and concern for the current policies and actions of the federal government. The power of social media in disseminating information amazes me. The common beliefs and messages of our Twitter group are amplified to the public\u2014through thousands of 'retweets' --which we hope will motivate more people to get involved in political\/human rights issues and drive social change. In this community, I find my voice through the shared opinions of other members. Consequently, the abundant news sources on Twitter serve to keep me up to date with current events. Outside of this virtual community, I spread these political beliefs through Model UN in my high school. For every conference, I choose the Human Rights Committee and request that I represent a relatively progressive country. Though I must align with my countries views, this setting gives me a way to debate my personal opinions in a professional setting to create resolutions to these global issues.Everyone belongs to many different communities and\/or groups defined by (among other things) shared geography, religion, ethnicity, income, cuisine, interest, race, ideology, or intellectual heritage. Choose one of the communities to which you belong, and describe that community and your place within it. (Approximately 250 words)My interests have mainly centered on math and science. However, being a camp counselor prompted my curiosity towards helping future generations. As I researched education-related career paths, I realized my true calling and fascination\u2014the field of educational policy.My goal is to become familiar with cognitive science and education theories which surround the laws and economics that govern the U.S. education system. Ultimately, I want to improve on educational policies and administration. However, I still want to be involved in the science realm. Northwestern is the only college at the undergraduate level that allows me to integrate my interests through The School of Education and Social Policy. Its interdisciplinary program combines educational policies, human development theories, and the science of learning. SESP is unique in that it has a Learning Sciences major which combines my interests in science, innovation, education, and policy.Taking core SESP classes with their unique use of quarter systems will give me the flexibility to explore other specialized classes or double major. In the LRN SCI\/TEACH ED 338 class, I can discover how technology affects the way people learn and engage. To enrich my scientific mindset, I would study human-software interactions in conjunction with the LS curriculum.Besides academics, Northwestern has many opportunities for real-life experience. Through the Practicum requirement as a junior, I would directly contribute to the education industry by researching current education issues. I am also interested in an apprenticeship under SESP faculty to contribute to their advanced research in education; working with Professor James P. Spillane, for example, would allow me to delve into school organization and governance topics and learn about fundamental educational issues. To supplement my SESP curriculum and research, I would join the on-campus organization, Design for America, to work collaboratively on steps to better society.Other parts of your application give us a sense for how you might contribute to Northwestern. But we also want to consider how Northwestern will contribute to your interests and goals. In 300 words or less, help us understand what aspects of Northwestern appeal most to you, and how you'll make use of specific resources and opportunities here.There's not much to say about living in the quiet Long Island town of East Meadow for my whole life except that I've learned to appreciate stability.What hasn't been stable, however, is my backyard fence. I live in a corner house, where drivers speed through my development to avoid a long traffic light. Over time, four cars have crashed into my backyard\u2014 sometimes into the house itself. It's quite unnerving\u2014one day I can be relaxing outside and suddenly there's an SUV careening towards me. But I've survived here for over 17 years and can't imagine calling home anywhere else.Tell us where you have lived - and for how long - since you were born; whether you've always lived in the same place, or perhaps in a variety of places. (100 word limit)Of utmost importance to me about Brown is its open curriculum, allowing me to combine my passion for science with my interest in educational policy and learning theories. Here I can integrate psychology, behavioral biology, and technology into education studies. With freedom to direct my own academic path, I can enhance my scientific knowledge and find new areas of curiosity. I would also like to discover human-technology interfaces and how technology impacts one's education. Brown's Educational Studies curriculum uniquely allows me to explore education from various perspectives including development, policy, reform, and economics.In my studies, I seek practical experience and problem-solving activities. As a Model UN member, I devised many resolutions to social problems. Therefore, EDUC 1750 is one course that excites me because I will be able to discuss social education issues and propose impactful solutions. After reading an inspiring civic engagement article on Yamelith Renteria\u2014a sophomore who volunteers at Hope High School\u2014I would love to work with students in the Providence area, continuing my experience as an elementary school mentor and peer tutor. Through the Engaged Scholars Program, I can assist a faculty member in research or gain practical experience in curriculum design and learning theories.Why Brown, and why the Brown Curriculum? (200 words max)'Don't look up from the paper!' I silently scream to myself as I nervously prepare to speak in front of my entire ninth grade. It was student government elections, and I had no desire to give a speech to receive votes. Mid-second sentence, I froze. I felt my face flush with embarrassment, as all eyes were upon me.Striving to become a better speaker, I joined DECA, a business-oriented club that helps students develop skills for future application in the business world. Through DECA, I discovered the extensive role that business plays across a broad range of careers, and this prompted my interest in business to skyrocket. Skill building through competitive oral presentations to judges made me a much better public speaker.DECA has been the cradle for my new interests in business\u2014prior to this, I had no knowledge or experience in business. Adding business knowledge to my scientific focus in high school created a unique academic experience and will be helpful for my future endeavors.Aside from fostering new interests, DECA has allowed me to meet new people. In my junior year, I took a big leap by competing in a 30-page research event that involved creating a growth plan for a contemporary wholesale company, which sparked my entrepreneurial curiosity. After advancing to the international level in California last year, it became a very rewarding experience to meet business industry leaders. I also met ambitious students from five continents, interacting with them by trading items from each other's countries and discussing our different perspectives.Through DECA, I learned that business knowledge is essential for virtually all types of majors and occupations. Without DECA, I would not have realized my curiosity for business and desire to integrate topics into my undergraduate academics. Thankfully, now am I not only nervous to speak in front of crows, but I actually enjoy it. I am eager to use my entrepreneurship, research, and presenting skills from DECA and view certain aspects of fields from a business standpoint.Describe an extracurricular you were involved inJoining an LLC at the Georgia Institute of Technology will allow me to supplement my rigorous coursework with the benefit of collaborating with my peers whose interests are similar to mine, as well as learn more about myself through service projects. I enjoy cultivating personal relationships with peers and faculty, and being a part of a small community while having the resources of a large research institution provides me with the best of both worlds. My high school experience has been with small communities: about 180 students in my graduating class and around 20 people per class. This has given me the advantage of associating with intelligent and motivated peers who are as eager to learn as I am. The small size of the Living Learning Community is similar to what I am used to and will help in my transition to a new environment in the heart of Atlanta with a freshman class many times the size of my high school class.Over the years, I have experienced a significant amount of joy in helping others. Throughout high school, I have been a mentor for kindergarteners, a camp counselor, and a peer tutor. Seeing young people become more motivated or develop self-awareness as a result of my efforts, is a gratifying experience which stimulates my desire to continue helping others. I have also helped other students with college applications and resume-building, as well as functioned as a second 'guidance counselor' for some of my friends in discussing how to align their high school class schedules with their intended college major. Making a difference is very important to me, and I will continue to apply these efforts in a Living Learning Community. Given the rigorous academics at Georgia Tech, I can be supported by the students in my LLC following my calculus or other engineering classes, whereby we can help each other study and quiz ourselves. The LLC will also become a place for socializing and communicating outside of the classroom.At Georgia Tech, I will be majoring in the College of Engineering. I would like to become an engineer because I have a drive to reate solutions for problems. As an engineer, I hope to solve problems that are significant in society. In the Grand Challenges or Global Leadership Program, I can collaborate with others to create sustainable change in the world's global problems. Through either of these programs, I will be beginning my engineering career by working with peers through progress and service. I will even have the opportunity to make an impact in an international setting. The classes and environment I will be living in will transform me from a student into an empathetic engineer.Each LLC is carefully designed to deliver the benefits of living and learning together with a small community of  students who share a special connection to the LLC. You'll find it easy to find fellow students who are excited to talk with you about what you are learning in class or to join you in forming a study group for the class. You'll also find it easy to find friends to go on excursions to concerts, the theatre, or sporting events or just on a short trip to the dining hall for lunch. Equally and sometimes more important are the small acts of kindness that bind together members of a commuNot realizing my interests back then, in freshman year I took an art class instead of science research. It wasn't until the end of that year when I realized my mistake. Fortunately, my freshman biology teacher recommended that I be placed into sophomore year research. However, I was at a disadvantage because those who took research in ninth grade already were familiar with advanced research techniques. This left me to fend for myself in creating an advanced experiment, so I chose to spend much of my summer researching how to design college-level experiments.Going the extra mile kept me on par with my classmates. My experiment in bacteriology applied to everyday life. By using natural ingredients as marinades, I tested which can inhibit the most bacterial growth on ground beef. I was proud to be commended for my experiment by my teacher and the science fairs for its practical relevance.Describe a time where you stepped out of your comfort zone.I am fascinated with Georgia Tech's research focus in undergraduate studies. The co-op program and vast research opportunities will allow me to explore my engineering interests. Utilizing the most modern technology, overarching at Georgia Tech, is important for my studies and for becoming more knowledgeable in the global network. Since I am an undecided engineering major, Georgia Tech is the optimal institution to explore my scientific interests in fields I haven't been involved in before\u2014including aerospace, electrical, and robotics. The College of Engineering allows students to conduct hands-on, problem-based learning, very important for an engineering career. Though my intellect races to the scientific side, I hope to pursue a business track considering my positive experiences in Science Research and DECA. The prevalence of entrepreneurship and start-ups at Georgia Tech, shows how business applies in a technological\/STEM institution. The Business and Engineering minor would integrate business into my experience.Beyond rankings, location, and athletics, why are you interested in attending Georgia Tech? (max 150 words)Being undecided about an intended major, I did some soul searching by researching career path and major options to align my interests and skills with a particular field. I was pleasantly surprised to find a multitude of choices available for students in college--double majors, minors, special programs, interdisciplinary studies, etc. in allowing us to create our own education path. After my experience with young people as a camp counselor this past summer, I became determined to improve the lives of our future generations. This is why I am interested in educational studies. I want to break (bridge?) the socioeconomic gap for higher learning, improve elementary and secondary education institutions in lower class neighborhoods, and promote the importance of an education. I would also like to apply my interest in the sciences by studying learning theories and human development to ultimately improve on curriculum design.<br \/><br \/>*Why have you chosen to study the academic discipline associated with the scholarship program you are seeking? You may include comments about both your academic interests and your professional\/career goals. 150 words<br \/>I am intrigued by George Washington's Honors Program. I come from a small town and an exceptionally small school; in fact I know all the names of everyone in my senior class. I find comfort in having a small, tight-knit community because of how close I can become with my peers. The seminar-type classes that the Honors Program offers is important to me, since it lends itself to establishing personal relationships with other students. I will be able to live on a large urban campus with a sizeable population, but have 'the small town feel.' I was also fortunate to get to know and spend time with a lot of my high school teachers outside the classroom. Likewise, through the honors program, I will be able to maintain close relationships with faculty and take advantage of their office hours for advice, academic help, and networking.Living in the Honors Community in West Hall is especially appealing. My roommates and my neighbors will likely be in the Honors Program and even in my honors classes. This is a significant advantage to my undergraduate experience in cultivating solid and hopefully long-lasting relationships. I was pleased to discover that some honors professors will live on campus as well.In addition to its small, personal environments, the Honors Program is essential for its opportunities in the classroom. I would greatly benefit from class 'field-trips' and guest speakers because of the direct relevance to my classes. More importantly, I love participating in discussions in the classroom. In fact, Model UN was one of the most fulfilling high school clubs I participated in because I proactively voiced my country's opinion and proposed solutions through written resolutions. This concerned pressing issues such as the role of technology in globalization, the Zika Virus, and human trafficking. Therefore, participating in discussions regarding society's significant issues and voicing my ideas will be extremely impactful in honors classes such as 'Improve the World.' Understanding societal transformation and how it impacts our globe will motivate me to become a global leader and drive change through supplements to my scientific course work.What is most unique about the honors curriculum is the requirement of seminars in several different academic fields through discussion and curiosity-provoking courses. In courses ranging from scientific reasoning, to arts and humanities, I will become more understanding of complex issues. As I am more interested in science with a slight business\/entrepreneurial tilt, I will benefit from these interdisciplinary courses because they will make me well-rounded and excited to learn.Lastly, participating in the Honors Program will allow me to have opportunities to pursue undergraduate research. Research is critically important for intellectual growth and preparation for graduate studies. While engaging in research under faculty members, I can earn academic credit and be eligible for grants like SURE for independent research in computer science or biology.Why GWU and the GW Honors College?Roughly a year ago, I read an article about Margaret Hamilton and her work with the Apollo spaceship. She developed software to allow the ship to reach the moon. I find that satisfying\u2014how can 'words' on a computer help a spaceship reach a celestial body that is over 200,000 miles away? It's amazing how much software can be involved in everyday life. It is the backbone of so much that the majority of people fail to realize; for example, a simple 'Doodle Jump' game on the iPhone was created by code. The local Chipotle's 'Order Online' website was developed by programmers. Code is the heart of technology which is the driver of contemporary societal prosperity.I am also awed by artificial intelligence. How can a computer\u2014a machine\u2014act like a human? This area of computer science reveals the future of computer functioning and problem solving. A major part of AI research today is to develop artificial general intelligence, which will allow computers to outperform humans in even cognitive activities. A scary--and what seems like a fictional--thought spurs interest in me.Through my interest and curiosity to learn more about the technology that surrounds my everyday life, I decided I wanted to learn how to code. My hope through this outside learning was to understand how and why technology works. My school just started to offer programming classes this year. Because of this, I took it upon myself to study code in my sophomore year by delving into the topic of computer science through online videos and articles. As I learned aspects of Java, Python, and HTML, I saw myself immersed in computer science each day. Problem solving through one's own creations is an incredibly fulfilling feeling. When my school created a Computer Science Club in my junior year, I immediately joined and collaborated with my peers who learned coding much before I did. During this recent school year, AP Computer Science A unfortunately did not fit in my schedule, so I am learning Python and the principles of computer science in a programming class. In my free time, I self-study the components of AP Computer Science A.Through the experience of teaching myself computer science, I found that it only takes some curiosity and motivation to develop my own interests. I learned that I have an ultimate goal to make a difference in society through technology and problem solving in programming. After this self-taught experience, I know that I want to use my current knowledge to understand more about software and the theories and applications of computer science. Coding has helped me become more innovative and understanding of technology. I am fascinated by creation, and would like to expand my application of programming to other STEM fields such as biology and mathematics. In addition to software, in the future I would like to learn about network systems\u2014the process of how different devices can connect to one another and exchange data.a) Please describe an instance when you took ownership of your intellectual growth and molded your education to meet your own goals. What did you learn about yourself through the process? 500 wordsMy goal in undergraduate studies is to create a personalized, interdisciplinary academic path by combining mydifferent interests. USC is ideal because of the two-dozen plus majors to choose from in Vertibi. As anUndeclared Engineering major, I can explore all the fields before choosing a concentration.My experiences creating biofuel from algae in Science Research class, building towers and vehicles in ScienceOlympiad, and maintaining entrepreneurial spirit in DECA, have led me to pursue engineering with an integrationof business. I want to be able to use my curiosity and innovation in the sciences to design and implement solutionsfor societal problems.In Vertibi, entrepreneurship is uniquely overarching for an engineering school. I will learn to think outside the boxto generate ideas and engage in challenging research programs such as SURE. If I pursued a math-related majorin Dornsife, I would conduct computational math or natural sciences research through SURF and SOAR. Situatedin Los Angeles and close to Silicon Valley, I will be surrounded by vast opportunities in both technology andbusiness.While the flexible programs allow me to study entrepreneurship in the Marshall School of Business, I willsupplement my academics by joining select student organizations. Solar Car will allow me to integrate my interestsin business, engineering, and environmental issues. In Design for America, I can create new ideas to improvesociety in collaboration with students outside engineering. In Startup Garage, I can collaborate with professors tocreate a high-tech company and explore Silicon Valley.USC Academic InterestThe human mind fascinates me. People have multifaceted abilities and cognitive processes that form their ownidentity\u2014something I find especially intriguing. Throughout high school, I have been unsure about what field topursue, although I recognize my interest and strengths surrounding math and science. After continuous research, Idiscovered that colleges have complex ways of individualizing programs and paths for students becauseeveryone's interests are unique. Combining my curiosity for biochemistry and my fascination with the human mind,I am eager to explore cognitive and social psychology to learn how humans develop their interests, behavior, andinteract with people in other professions.My experiences as a camp counselor and a kindergarten mentor sparked my interest in human interaction. As anengineering major, I want to delve into cognitive psychology and relate human neuroscience to how engineers usetheir intuition and creativity. Given my attraction to biology, I aim to study the biochemical processes behind howthe human mind functions at a more in-depth, molecular level\u2014specifically, neurobiology.In engineering, contemporary technology is critical to improving daily life and the environment by providingsustainable solutions for societal problems. While integrating technology and computer science into my specificengineering field, familiarity with cognitive and social psychology will give me insight into how peopleinteract\u2014especially scientists and engineers. These various factors can be applied to social media softwaredesigned to connect people. Blending psychology and neurobiology with engineering would ideally enhancehuman-technology interfaces to meet individual's needs and improve everyday experience.Describe something outside of your intended academic focus about which you areinterested in learning.This summer I worked as a sleepaway camp counselor. For nine years attending as a camper, I only had to worryabout myself. However, this time young boys were my primary concern\u2014providing them with a fun summer andhelping them develop important social values.I quickly realized how tiring it was being enthusiastic and alert from early morning to night in hot weather. Since itwas implausible to run a cabin by myself, I relied on the support of three co-counselors to get through each day.Because we had unique personalities and diverse experiences growing up\u2014two in Europe\u2014we held variousnotions about supervising the campers and resolving issues that arose. We therefore learned from each other andcompromised when our approaches differed.There were many successes in the cabin that I attribute to ongoing collaboration with my team. We implementedconsistent strategies to handle conflicts on the spot. We came to agreements on cabin rules and what we wantedthe campers to learn from the summer.For example, when I noticed one camper seemed isolated, I informed the other counselors to collectivelyencourage him to step out of his comfort zone. During 'feedback nights' twice a week, we discussed how to makeour campers happier and help them to develop social maturity. Through brainstorming, we generated creativeideas to encourage inclusion, good behavior and electronic device-free activities. Working in partnership with mythree co-counselors, I was able to care for 15 kids and give them a memorable summer.Essay regarding an experience of collaboration with others, and how it relates to USC EngineeringBesides human intellect, the impetus for discovery is the tools, mechanisms and systems that make discoveriespossible\u2014the backbone for astronomy was the invention of the telescope. That is why I believe the 'Engineer theTools of Scientific Discovery' is the most important challenge for engineers and directly impacts the other 13challenges. Engineers complement scientists in conducting their research of the unknown by using their ideasfrom the natural world and implementing them to create the unimaginable.The application of this concept has already shown viability in modern scientific research and discoveries. The2017 Nobel Peace Prize in Physics was awarded to scientists who detected gravitational waves passing earthfrom merging black holes, opening new doors for studying our universe and enhancing space technology. Thisdiscovery confirmed Einstein's General Theory of Relativity and would not have been possible without theengineering design of LIGO's interferometers\u2014instruments that detect gravitational waves\u2014behind the process,where laser light measures the ripples from the gravitational waves even at the smallest of measurements.It is important for scientists and engineers to continue working together to enhance technology, expand scientificdiscoveries, and broaden understanding of genetics and human physiology. Without their interaction, the scientificand technological realms would not be as progressive as they are today in advancing society and understandingour universe.Choose a challenge from the 'Engineering Grand Challenges' that is most important for engineers to solve, and why."}]}