{"schema":{"fields":[{"name":"index","type":"integer"},{"name":"personal_essay","type":"string"}],"primaryKey":["index"],"pandas_version":"0.20.0"},"data":[{"index":0,"personal_essay":"Growing up, my tongue was my worst enemy. To make normal sounds meant contorting it into seemingly foreign shapes, the effort of which often made my tongue weary. My R's become W's, my S's slurred; when I became excited and spoke fast, I might as well have been speaking in another language. I loathed the incomprehensible sounds that came out of my mouth, but, looking back, it was not the words that flowed through my lips that I detested, but the ones that never had the chance to come out.Freshman year was around the time I realized the impact of these missing words from my childhood, and, coincidentally, the time I began delving into languages, particularly Korean. At the time, I was unaware that this endeavor would uncover a voice within myself whose existence I had been ignorant of for years.As I learned to introduce myself using Korean, starting from 'hello', I was introduced to my father through the return address of a letter. In one quick Google search, I realized that the father I grew up knowing - the Private Investigator who would disappear for months for work - was a complete stranger. My real father had a return address from the Ohio Correctional Facility, where he had been for the last two years on a felony drug charge. Questions I had always held inside me, questions I was too afraid to even consider, rose to my lips, but by then my tongue had grown weary from the weight of these unspoken words.Instead, I learned how to ask these questions in a second language. Why did you leave? Where did you go? I could express these in Korean, but it was not until the Google search that I discovered the answers. Along with this discovery, the fragments of prior events \u2014 fragments I had never tried to make sense of\u2014 melded together to form a conclusion I never thought to reach. Heavy boots waking me from my slumber, red and blue lights flashing outside my window; the 'criminal' the police were looking for when I was eight suddenly had a name. The 'convict' these same police had scrounged our small apartment for when I was ten was my father.Fast forward seven years, and I'm standing in a classroom in South Korea. I had just given a speech in my Korean language class about my family, only fumbling over a few words. While my peers gave detailed accounts of the origin of their grandparents, I could only tell the story of my mother, who immigrated alone from a life of abuse in Jamaica to live a hard-working life in America. Because of this, I realized that despite the huge question mark that existed throughout my early life, this did not mean my future had to be a mystery. While I have never been able to gain clarity from my father and have yet to learn all the answers, I am at least learning the answer to 'what'; what my mother's sacrifices mean to me and what I am meant to do with my life.Despite how my tongue had discouraged me in the past, and how lack of communication had stripped clarity from my youth, rather than shying away from using my voice, I flourish when expressing myself in different dialects. My tongue may still become tangled at times, but it is no longer my enemy; instead, it has become my best companion and how I take my experiences and translate them to something meaningful. Now that I have the ability to speak up, I want to help those who are unable to communicate at all where it's most important. I want to become a voice for those who are sick or in need and whose language may not be of the majority, and a voice that calls out for the betterment of generations to come."},{"index":1,"personal_essay":"HOSA-Future Health Professionals remains and will continue to be most meaningful to me. Since establishing my school's chapter sophomore year, I have watched it grow to more than 100 official members, and in conjecture to that growth, I have also seen the passion and hopes of students flourish as they realize the potential they possess. This organization has also helped me to realize where my passions lie when I came across the HOSA event titled Transcultural Healthcare, the perfect intersection of all of my interests: culture and language, medicine, and humanity. I eventually placed in the top 50 statewide in Transcultural Healthcare, and, consequently, my study in this topic has shaped my aspirations . Everyday as I am planning meetings and thinking of new ways to benefit the community through blood drives and health fairs, I am reminded how much change one person's dreams can make to entire lives.Briefly elaborate on one of your extracurricular activities or work experiences. Why did the chicken cross the road?In biology my freshman year, I learned how proteins made in the nucleus of a cell  eventually ended up integrated in the cellular membrane, and I thought this was the answer to the infamous question. To get to the membrane \u2014 but, wait; how did a protein even get to the membrane in the first place? How did the chicken manage to accomplish as arduous a task as crossing an assumingly busy road? In class, we learned the complexities of the synthesis of proteins, but spoke nothing of how a conglomeration of chemical monomers somehow could make its way across an entire cell on its own.So I asked myself again: Why (and how?) did the chicken cross the road?It was simple \u2014 chemical reactions in the cytoplasm facilitated protein migration, but this simple fact was missing from the curriculum. Replace any major topic learned in high school with the chicken, and you get the Crossing Chicken Complex; we know it made it to the other side, but nothing of its context or journey. What made zero divided by zero indeterminate? Why can't you go faster than the speed of light? What was opposite of the other side? Solving this Complex made learning exciting and new for me, even with subjects I never had any interest in before (who knew European History could be just as analytical as Biology or Calculus?). So, I implore you: Why did the chicken cross the road?Idea or experience that makes you excited about learningDear roommate,Sorry for getting up so early; I went on a morning run to clear my mind and I didn't want to wake you. I'd be overjoyed if you want to join me in the future, but be warned: even after four years of competitive running, I am still yet to master the art of running while talking, so I'll have to be the listening ear during our break-of-dawn jogs. While on the topic of running: sorry if I kick hard in my sleep, I tend to have running dreams and my legs can't help but move.I also find myself unconsciously breaking out into my favorite songs \u2014 and getting the lyrics horribly wrong. If you know the actual lyrics, please correct me; that's what my last roommate, my twin sister, would always do. Or better yet, join in with even more incorrect lyrics (any ballad or musical soundtrack is fair game).I'm able to talk whenever I'm not gasping for breath during a run, and I look forward to having discussions on anything and everything, academic or personal. It's only the second day of college, but I am so glad we are rooming together, and I hope that we can make our first year at Stanford truly memorable (for better or for worse, right?).   Sincerely,LoisP.S. There's a Jamaican restaurant called 'Back A Yard' near Palo Alto we should check out; in Jamaican Patois 'Yard' means home, which is exactly where we are now.Note to future roommate 'Hey Mom, where are you?' Midnight had come and gone, and the absence of the familiar rumble of the garage door opening beneath me heightened my worry. Her tired voice conveyed an affirmation of safety, but it wasn't until the garage creaked open that my uneasiness dissipated. When I went down to greet her, however, she embraced me tightly; I had called just as exhaustion was about to overwhelm her while she was behind the wheel, and my short conversation with her prevented our worst nightmare. That night, those first words I spoke, though few, had ensured she made it back safely.Thus, the first words hold the most meaning to me. Whether it's talking to a loved one so they don't fall asleep or a friend going through a dark point in their life, starting a conversation can save lives. People's first words to someone have the ability to break their shells and transform them into a new person. A few words, spoken from the heart, can engage people in topics that can develop into their lifelong passions, or propel someone on a diverging path that leads them to changing the world. Or, simply, it can provide comfort and hope, however temporary.I believe there is meaning inherent in how we choose to speak when silence is so much simpler. I hope that my own first words remain meaningful to the people around me and beyond.Something meaningful to you and why "}]}