{"schema":{"fields":[{"name":"index","type":"integer"},{"name":"personal_essay","type":"string"}],"primaryKey":["index"],"pandas_version":"0.20.0"},"data":[{"index":0,"personal_essay":"'Dingdong!' Every five minutes, the bell rang ominously. One by one, patients arose from their waiting room seat and disappeared into the exam room. My mother and I waited for our turn to come, and I with each passing ringing of the bell, I became more anxious, while she remained unflustered. Her deafness, it seemed, had a small benefit. She had begun going deaf during her pregnancy, when an allergic reaction to an antibiotic damaged her ears. So, every year we took my mother to one of the largest hospitals in Seoul to have the otolaryngologist check her hearing aid. When our bell rang, we entered the exam room and sat before the doctor. Then, just a few minutesinto our conversation, the next bell rang, and the doctor rapidly scribbled a prescription note, after which the nurse ushered us out.Even though some patients came from distant islands to see the doctors, no medical exam could last more than five minutes. Because the hospital could not afford more doctors, treatments sped along at the rapid rhythm of the ceaseless bell. In Korea's push to provide universal care, it had undermined the quality of care. When I think about the challenge of providing care that is both excellent and broadly available, the sound of the unforgiving bell haunts me. There had to be a better way. Basic economics asserts that technological advancement will shift both the supply and demand curves to the right, thereby increasing the overall number of patients offered medical service while quality remains unchanged. I began wondering how I could use more advanced modeling to improve both efficiency and quality.At first, I worried that math was too theoretical to provide solutions to a real-world problem. As I developed a more nuanced understanding of mathematics, I learned that math provided simple and broadly applicable rules that, if used creatively, could generate answers to nearly any problem. In college, I discovered data science in a statistics course, and I wondered if it could be used to generate insights into healthcare. For my final research paper in the class, I analyzed how rising administration costs in healthcare are associated with increased complexity of health insurance. However, the analysis could not be done without solving the limitation from a 1950s healthcare administration dataset. I used the data in subtle ways to derive patients' genders using an array of clues. I enjoyed crafting the code and felt the same sense of accomplishment I had felt while excelling in high school math and physics competitions, except in this instance I saw the immense potential practical value of using math to solve problems like rising health insurance rates. When I began college, I had done so intending to become a doctor, but the more I explored data science,the more I realized that I could use data to improve the lives of entire populations. Indeed, the thought of using math in a practical manner that helped real people was genuinely exciting for me.I explored data science at a deeper level during a research internship at the Korea EconomicResearch Institute, where I interpreted R codes for non-data scientists. Our team of data scientists identified patterns in healthcare costs and quality of healthcare using nationwide datasets, capturing the underlying problems of universal healthcare. Again, I heard the bell ringing and understoodthat it was a problem throughout Korea. Moreover, by takingonline data science courses from Coursera and through arranging conversations with researchers, I began to see that my skills and interests were those that an adept data scientist possesses. I loved the idea of doing work thatleveraged creativity and logic to solve real-world problems through team-based cooperation.Throughout Korea, the tell-tale 'dingdong' sound still haunts the waiting rooms ofgovernment hospitals. I dream that one day my mother can sit in front of a doctor who can examine and converse with her without dreading the interruption of an unforgiving timer. Data science willempower me to make this dream a reality.During my third year working as a research assistant in the Department of Psychology in Korea University, I landed a volunteer position at Seoul's Public Internet Addiction Recovery Center.When I arrived at the center, I was assigned to three elementary students: Kangmin, Hyunjae, and Jaehyuk. All three sat with their legs shaking and their eyes glued to their smartphones while I asked them questions about their Internet use. Their school transcripts contained poor grades, and their attendance records were unsatisfactory. Observing them gave me goosebumps, as I had been the same way in seventh and eighth grade. Two hours of trying to get them to open up to me wasn't working. So I asked them if they wanted to skip this discussion and play games at the local PC caf\u00e9 instead. They nodded excitedly, so we sneaked out just the way my seventh-grade P.E. teacher did with me, except he had the principal's permission. Every day for four hours, we met at the center and went straight to the caf\u00e9. Four hours of gaming was nothing to game-addicted students, who usually played 14 hours a day. Using my P.E. teacher's tactic helped me get to know them. Kangmin began gaming to cope with stress from demanding schoolwork. Hyunjae was overwhelmed by the expectations his family had for him. Jaehyuk was being forced by bullies play games using their accounts to break the highest score records.Understanding the motives behind their addictive behavior was very helpful in finding solutions. Kangmin was transferred to a less rigorous school to give him more freedom to explore his academic interests. We introduced Hyunjae's parents to a consultant and persuaded them to be more encouraging of Hyunjae's accomplishments. As for Jaehyuk, we contacted the School Violence Measures Autonomy Committee of the school to discipline the bullies and protect Jaehyuk from further harassment. With such success, I was acknowledged as a Student Leader at the center the following year.In high school I realized that I had glossophobia, fear of public speaking. My anxiety was so severe that I had to take prescribed medication before any class presentation, but the medication caused uncomfortable symptoms of its own. It numbed my body in an intense way, causing me to just spill out my words without being able to feel or engage with the audience.Wanting to rid myself of glossophobia, I had always run for various leadership positions, volunteered to present ideas during small-group discussions, and initiated small talk with strangers. Although I made small improvements, I still needed to depend on the medication.I didn't give up: I entered the campaign for Class Vice President. It required giving a Vice President Candidate speech in front of the entire class, and I promised myself I would not take any medication. I started speaking up more in class and volunteered during small-group presentations. I also participated in short five-minute presentation assignments. I wrote my VP speech a month before the speech date and practiced until I memorized it by heart. I was determined to overcome glossophobia by proving to myself that I could successfully give a major speech. I wanted this so badly that I did not even report other candidates when I saw them breaking the rules of the campaign, even though I could easily disqualify them. I wanted to win solely through my own performance.At last, the day of the VP speech finally came, and I gave it my all--without mistakes, without medication. All I heard after I finished were my peers shouting my campaign slogan 'Go Ham!' Unfortunately, I had lost the campaign due to a vote separation in the senior class--a junior girl was the sole candidate in her class--but I knew I had overcome glossophobia. And I realized how much I loved making speeches. I made eye-contact with the audience, pointed out each class, and made the audience laugh and cry. It was an incredible feeling to know I was no longer controlled by fear.Because of my excessive gaming in middle school, I often slept in and skipped school, yet was in denial of my addiction. My GPAs at the time were 1.25, 1.38, and 1.00 (out of 4.00). My father, a psychiatrist, tried everything to help me. The school principal, my homeroom teacher, my best friends, and Ms. Oh--the most famous pediatric psychiatrist in Korea--counseled me to help me get back to school. After completing the first semester of eighth grade, our family moved to Pittsburgh. During the first week of school, I received a score of zero out of fifty on the '50 U.S. States Test' in history class. My teacher had given me a chance to retake the test. So I printed a copy of the U.S. map and began studying. I realized it only took me seven minutes to memorize twenty states. I made songs and flashcards to memorize more. Soon, I ended up memorizing all fifty. I realized that my gaming addiction had conditioned me to think that I was incapable of studying. This simple history test shattered this fear and reignited my desire to learn. Since then, I began taking my studies very seriously. I set short-term goals and enjoyed small wins on my own. Every time I completed an assignment or aced a test, it boosted my self-esteem. At the end of the year, I was prized a tablet for having the highest GPA in middle school. I was happy, but I broke the tablet in half as a promise that I would never let myself break down because of technology.I still use an old iPhone 5 that dies in 40 minutes and takes 50 seconds to load an application as a reminder of my past. My friends laugh at it, but really, so many youngsters are consumed with their phones, unable to socialize without it or concentrate. I still am an advocate of technological advancement, but I will always be aware of its potential drawbacks.I have been serving as a Peer Mentor at my school since tenth grade. Peer Mentors supervise incoming students by helping them adjust to school life. During school orientation programs, they meet with these students daily. I wanted to be involved in peer mentoring because I knew all too well what it was like to be a new kid in school. Throughout my school years, I have moved schools about six times. Through this position, I was able to meet students from all grades. Every year, students enter our school from all around the world, some coming from countries I have never even heard of. These students stand out as 'different' and face the daunting task of assimilating to school culture and making a healthy circle of friends. From clich\u00e9 ice-breaker activities to forming bonds through outdoor challenging activities such as survival camping, our Peer Mentors help them get to know one another and adapt to school life.I also mentored a senior who was struggling with substance abuse issues and depression. As a former game addict, I could relate to his state, so I took great care to reach out to him. His state was quite severe, however, so he was often irritable and unapproachable. It was difficult for me to watch him suffer and I sometimes doubted whether I could help him.I persuaded our Chief Residential Assistant to allow a two-month rehabilitation period for him. Since the local clinic lacked the necessary resources, we needed to take a two-hour drive to the Drug Rehabilitation Center for a more comprehensive program. I did my best to support him as a friend during this time. I also consulted my father, a psychiatrist. I stayed in touch with the student throughout winter break.Although he was not completely drug-free, he significantly decreased substance use and was able to stay in school. He is now a freshman at Penn State studying psychology and stays in touch with me by sharing what he's learning about the field."},{"index":1,"personal_essay":"'I will make you good writers, not just hard workers.' I had always struggled as a writer, and hearing that my professor values outcome over effort felt quite daunting. As a Mathematics major, I had friends who questioned why I would put myself through the torture of pursuing mastery of a skill that I lacked. But I had experienced the power of purposeful language and believed that a true education needed to be broad, not just deep. This sense of intentionality and commitment to self-improvement has characterized my educational journey. When I noticed that Emory's Quantitative Sciences curriculum lacked a robust data science component, I felt disappointed because I wanted to understand the field with sufficient granularity to apply it to the complexities of healthcare. Similarly, I had a hard time realizing that I cannot incorporate business classes into my study due to the exclusivity of our business school. Talking to my high school friend at Northwestern about my hope for advanced data science education as well as a diversified business curriculum, he encouraged me to look into Northwestern's program. Looking into Northwestern's statistics department, its data science concentration courses caught my sight as well as its Center for Engineering and Health, particularly in its Gordon Hazen Lab that uses mathematical models to find optimal medical cost-effectiveness. Additionally, with no separate business school for undergraduate students, the diverse student body was enjoying the business education programs, such as Business Institution minor. With the guidance to become the great writer that my writing professor promised, I have taken a focused and intentional approach to my education. Thus, I understand that to achieve my potential, I must change courses.'Vote Ham and Go Ham!' That slogan helped get me elected as Hall Council President in my first-year. Excited to foster the community through leadership, I made a commitment to serve breakfast and host weekly social mixers. It has been a rewarding eight months, leading the hall council that I appointed. Due to the novelty of the club, there were no guidelines, and it was particularly challenging to execute this as a freshman. Realizing that we have a very limited budget of $1000 to fulfill our commitment, we built strategic planning and corporate sponsorship committees, approaching local businesses to hold low-cost events. The experience showed how pursuing creative, logical solutions through collaboration can open the doors to new opportunities. Most importantly for me, it made clear that I wanted to work within the business world. Additionally, with the help of my mentor that I met at Emory Entrepreneur & Venture Management, I learned effective ways to court corporates, including writing professional project proposals and sponsorship letters. By the end of last semester, we were hosting monthly breakfast and social events. The experience showed how building creative, logical solutions through collaboration can make dreams a reality. It would be an honor to share to the Northwestern student body what I learned as a Hall Council President in Emory, taking initiatives that engage my interest in collaborative solution and business skills.1 Please brieflfly elaborate on one of your extracurricular activities or work experiences.Having triumphed over four years of a personal struggle with gaming addiction, I can say I've had a life-changing transformation I will never forget. Since then, I have explored my interests in psychology through research internships at Korea University, community service at the Seoul Public Internet Addiction Recovery Center, and school mentoring activities. To continue delving into the complexities surrounding addictions and disorders, I hope to become a part of Carnegie Mellon's pioneering research-driven psychology department, which goes beyond the traditional curricular boundaries to engage students in programs that are scientifically oriented and balanced with clinical courses. Such clinical settings would provide the opportunity to study the relationships between addictive behaviors and depression, anxiety, and self-control.As a psychology major at Carnegie Mellon, I hope to examine addictive behaviors on a neural level. During my summer vacation as a research assistant at the Brain Convergence Research Center of Korea University, I organized the data of MRI brain volumes and its deformations of patients with depression. I also learned how to code programs to organize fMRI bold signal data using Python language at the Psychology Department of Korea University. They were very time-consuming tasks, as there were enormous amounts of data to go through. It was my first glimpse of a graduate-level research study, allowing me to get a feel for the methods of data analysis. The purpose of this particular study was to examine the relationship between altruism and habituation, which refers to 'the diminishing of a physiological or emotional response to a frequently repeated stimulus.' The fMRI data reflected participants' dopamine levels in the brain during the acts of giving a monetary donation and receiving a monetary donation. One of the observations was that habituation levels during acts of giving a monetary donation were significantly lower than during acts of receiving a monetary donation. This made me wonder about habituation in terms of smartphone addictions. I explored this topic in my research paper written for the ISSCY research competition, which was published in their online journal.Carnegie Mellon is known for its efforts in brain research at BrainHub, an interdisciplinary ground that brings together the departments of biology, cognitive psychology, computer science, statistics, and engineering. I was struck by BrainHub's 'Mind Reading' research that applied machine learning techniques to fMRI data to measure brain signals in order to read emotions in individuals. CMU's researchers had created the first process on emotion analysis, which involves many complicated variables. According to the lead author of the study, this new kind of method has great potential to identify emotions without relying on people's ability to self-report, which I believe can be extremely helpful for treating individuals in critical states. This is the type of research I would be thrilled to be a part of.I'm also very interested in the department's developments in the emerging field of health neuroscience, the study of relationships between the brain and physical health. Learning how the brain influences physical health and vice versa can provide insights into how the brain processes an array of genetic as well as environmental factors with physical health in terms of clinical illnesses. I hope that as this field continues to develop, it will open up new cross-disciplinary platforms that can find new ways of improving health and promote stronger health policies.I have played a role in counseling at my school, where I was a Peer Mentor for incoming freshman students. I've always been curious about the expanded counseling services at the university level, so I looked into CaPS, Carnegie Mellon's counseling service center. I was glad to find that it is such a strong and accessible resource for the students to receive help on issues from parenthood to suicide interventions. It is one of my goals to become familiar with these resources not only for myself but for my peers who may need them in the future.I definitely plan to be involved in CMU's Active Minds, the nation's only nonprofit organization dedicated to raising mental health awareness among college students. I look forward to being a part of promoting an open dialogue about mental health issues. This organization would provide opportunities to enrich my perspective on mental health by having frank discussions with fellow students and collaborating with professionals to educate the campus community.As a former YMCA Parents' Night Out volunteer, I'm great with kids and can even change diapers swiftly. I was glad to learn about CMU's involvement in the Children's School which is the only facility in Pittsburgh where it is possible to study children at the pre-school age. Understanding the behaviors of children is important, as the early years play a crucial role in their development. Having received much guidance and attention from my own mentors, including my father who is a psychiatrist, I hope to give back to the children in the same way. Astrophysics for People in a Hurry by Neil deGrasse Tyson; Make Your Bed: Little Things That Can Change Your Life...And Maybe the World by William H. McRaven; The Girl on the Train by Paula Hawkins; The Kept: A Novel by James Scott; and Relativity and Quantum Physics For Beginners by Steven L. Manly. The Last Lecture by Randy Pausch contains many lessons that my father emphasized, and it also helped me overcome my glossophobia when I was campaigning for Vice President at my school. List the books (if any) you've read this year for pleasure. Choose one and in a sentence describe its impact on you.<br \/>(500 characters)<br \/>My past struggle and curiosity for cyberpsychology motivates me to understand people with personal struggles. At the Seoul Internet-Addiction Recovery Center, I was assigned to mentor three elementary students who had gaming addictions. I could empathize because I had struggled with the same addiction in middle school. Using my seventh grade P.E. teacher's tactic of playing games with the students to build close relationships, I was able to find out the causes of their behavior. This led the center to implement constructive solutions for each student. For one of them, we tracked down a group of bullies and consulted the School Violence Committee.To explore addictive behavior even further, I wrote a research paper regarding the relationship between smartphone addiction and environmental variables by surveying ninety students from the U.S. and Korea, running down the streets, and was published in the International Social Science Conference for Youth Competition's online journal.What motivates you to learn?After overcoming a two-year period of gaming addiction during middle school, I quickly gained interest in the relationship between psychology and technology. Notre Dame's eMotion & eCognition lab and Programming for Video Game Development course under director Dr. Villano, a professor of both psychology majors and Computing & Digital Technologies (CDT) minors, grabbed my attention. eMotion & eCognition Lab's current concentration on rehabilitation of mental disorders using technology interventions such as humanoid robots would teach me a great deal about the potential of technology in psychology. The Programming for Video Game Development course will also show how video games are made to affect gamers. During my seven months of college searching, only two out of seventeen colleges provided extensive opportunities for undergraduate students to study cyberpsychology, and this was the only institution that provided education on video gaming to psychology majors. During my habituation research internship at the psychology department in Korea University, Professor Kang informed me of a lack of technology education among psychology majors. I agreed with him that education in technology development is necessary in order to effectively counter its harmful effects, and this belief can also be seen in Notre Dame's psychology department.I often cringed inwardly as my school friends asked, 'Is your mom deaf?' The answer was yes, but it was never that simple.Yes, my mother was hearing impaired and suffered depression. Despite her rather desperate situation and lack of strong social support, I was impressed by my mother's ability to read lips and faces. Observing her behavior and paying attention to her moods led to my interest in depression and the social prejudice around it. As a survivor of a two-year-long game addiction period, I could relate to her feelings of isolation and depression and decided to channel my experiences toward the study of psychology.As an aspiring psychology major at Cornell, I hope to study depression on a neural level. During my summer as a research intern at the psychology department of Korea University, I organized the data of the brain volumes and deformations of female depression patients. The work made me wonder about the relationship between depression and smartphone addictions, so I wrote a research paper on the relationship for the International Social Science Competition for Youth research competition and was published in their online journal. One of the observations from my survey of ninety teenagers from the U.S. and Korea was that cultural norms played a major role in depression levels and smartphone overuse. To learn more about the relationship between depression and technology addictions, I hope to study at Cornell's unique Social Media Lab, an interdisciplinary space that brings together the department of psychology, information science, and communication. I am intrigued by its exploration in cyberpsychology and want to understand how psychological distress is conveyed through emotional expression on social network sites. I was also excited to learn about Social Media Lab's research on virtual reality to assist patients with PTSD and anxiety, demonstrating the potential for technology to help the human condition rather than harm it. Social Media Lab continues its mission to increase public awareness of social media's impact on youth by collaborating with ACT For Youth and providing research blogs; this will allow me to build on my experience at the local Internet Addiction Recovery Center, where I helped young students overcome gaming and computer addictions.During my internship at Korea University, a psychology professor explained that emerging psychologists are utilizing fMRI with little knowledge about the physics behind its system. With my interest in physics, I participated in a fMRI habituation lab, where I coded programs to organize fMRI bold signal data using Python language. It was my first glimpse of graduate-level research, allowing me to get a feel for the methods of data analysis. The study examined the relationship between altruism and habituation, which refers to 'the diminishing of a physiological or emotional response to a frequently repeated stimulus.' The fMRI data reflected participants' dopamine levels during the acts of giving a monetary donation and receiving a monetary donation. One of the observations was that habituation levels during acts of giving a monetary donation were significantly lower than during acts of receiving a monetary donation. With Cornell's Biomedical Engineering minor program, whose professors have pioneered developments in MRI technologies, including time-resolved acquisition method in MRA, that have been implemented in numerous psychology studies, I look forward to courses such as Principles of Magnetic Resonance Imaging to build my foundation in psychology and biomechanics.Outside of the psychology department, I would like to continue my high school chorus involvement at Cornell. I believe in the power of music to unite people and societies. As an undergraduate at Cornell, I would love to join Glee Club, a worldwide touring choir and Cornell's oldest student organization, supervised by a Grammy Award nominated director who conducted performances at Carnegie Hall and the Supreme Court. He also researched choral rehearsal psychology in England and Scandinavia as a Trustman Fellow, and it would be an honor to learn from his experience and delve into depression intervention through choral music.Describe two or three of your current intellectual interests and why they are exciting to you. Why will Cornell's College of Arts and Sciences be the right environment in which to pursue your interests? (Please limit your response to 650 words.)My past struggle and curiosity for cyberpsychology motivates me to understand people with personal struggles. At Seoul Internet-Addiction Recovery Center, I was assigned to mentor three elementary students with gaming-addictions. I could empathize because I struggled with the same addiction in middle-school. Using my seventh-grade P.E. teacher's tactic of playing games with me during internet-addiction to build close relationships, I was able to find out the causes of their behavior. This led the center to implement constructive solutions for each student. For one of them, we tracked down bullies and consulted the School Violence Committee. To explore addictive behavior even further, I conducted a research regarding the relationship between smartphone addiction and environmental variables by surveying ninety-students from the U.S. and Korea, running down the streets, and was published in the International Social-Science Conference for Youth research competition's online journal.Additionally, my life next to my mother multiplied my interest towards people with personal struggles. I often cringed inwardly during sixth-grade as my friends asked, 'Is your mom deaf?' The answer was yes, but it was never that simple. Yes, my mother was hearing-impaired and suffered depression. Despite her desperate situation and lack of strong social support, I was impressed by my mother's ability to read lips and faces. Observing her behavior and emotion led to my interest in depression and the social prejudice around it. With my two-year-long Internet-addiction experience, I could relate to her feelings of isolation and shame and decided to channel my experiences toward studying psychology.2.      What about your background, or what perspective, belief, or experience, will help you contribute to the education of your classmates at UNC?<br \/>Having triumphed over two-years of gaming-addiction, I've had a life-changing transformation. Since then, I have explored my interests in psychology through school mentoring activities, service at the Seoul Internet-Addiction Recovery Center, and research internships. I hope to become a part of NYU's research-driven psychology department, where I hope to examine behavioral addiction more closely.As a research assistant at Korea University's Psychology department, I organized fMRI bold signals. During this study, I learned the concept of habituation, which refers to 'the diminishing of a physiological response to a repeated stimulus.' This made me wonder about habituation in the relationship between smartphone-addiction and depression, so I wrote on this topic for the ISSCY research competition's publication nomination. One of the observations from my survey of ninety teenagers was that environmental factors played a significant role in the smartphone-addiction and depression relationship. To continue studying these kinds of issues, I hope to utilize NYU's Counseling for Mental Health program, which develops aspiring counselors' intervention skills in mental illnesses. The clinical settings in the Langone Health's addiction program is also where I can learn about addiction-intervention.NYU's Interdisciplinary Study of Decision Making (ISDM) brings together the school's six prestigious institutions. I'm interested in ISDM's exploration of addiction-studies to learn how environmental factors influence decision-making in addictive behaviors. I was struck by The Human Project (THP), first big-data platform of a bio-behavioral study of ten-thousand New Yorkers. As I surveyed ninety-students by running down the streets during my smartphone-addiction research paper, I respect efforts such as THP that have great potential to provide valuable insight.Serving our school as a Peer Mentor for new students exposed me to counseling services at my school. I was also curious about counseling at the university-level, so I looked into NYU's counseling service center. I was impressed by its strong resource for the students coping with issues from parenthood to suicide interventions. I plan on becoming familiar with these resources for my fellow peers.Lastly, I'm drawn to NYU's Center for Research on Culture Development and Education. As a former YMCA Parent's Night Volunteer, I'm great with kids and can change diapers swiftly. I was glad to learn about NYU's exploration in children's behavior in cross-cultural settings. Having received much guidance and attention from my own mentors, including my psychiatrist father, I hope to give back to the children in the same way.We would like to know more about your interest in NYU. We are particularly interested in knowing what motivated you to apply to NYU and more specifically, why you have applied or expressed interest in a particular campus, school, college, program, and\/or area of study? If you have applied to more than one, please tell us why you are interested in each of the campuses, schools, colleges, or programs to which you have applied. You may be focused or undecided, or simply open to the options within NYU's global network; regardless, we want to understand - Why NYU? (400 word maximum)"}]}