{"schema":{"fields":[{"name":"index","type":"integer"},{"name":"personal_essay","type":"string"}],"primaryKey":["index"],"pandas_version":"0.20.0"},"data":[{"index":0,"personal_essay":"I can only tread for a little bit longer. I focus on my hands and feet swirling around in vicious little circles to keep my head above the water. It's the only thing that can distract me from the thousands of square feet of open water that surround me on all sides. The waves are so choppy; I can barely see the shore in the distance. I try not to think about the fact that I am alone in the middle of the Chesapeake Bay right before a storm...Oh wait. I'm not alone. My capsized beginners' sailboat is condescendingly bobbing up and down a few yards away. I refuse to close my eyes. It'll only allow my terrified imagination to run wild. Scared. Vulnerable. Helpless. I feel sick. I swim against the angry waves over to my boat. Frustrated and working with the help of adrenaline, I use my 110 pound body mass as leverage to turn the boat upright. The coast guard sees my newly erect boat all alone and soon sends a rescue ship to get me.I used my experience as a failed sailor as inspiration to overcome the fear and vulnerability associated with helplessness. I started practicing Kenpo Karate. I was not in constant mortal danger, but learning and practicing Kenpo gave me a sense of internal safety that diminished my fear of being powerless. I continued with martial arts, placing in national competitions, and beating the boys in my sparring class. Today, I am a third degree brown belt, and I am finally confident in my ability to protect myself. Unfortunately not everyone has that luxury. I saw kids like me, who were unable to stand up for themselves, and I saw in them a familiar young girl out in the open water of the Chesapeake Bay. So I became a karate teacher at my karate school. I taught boys and girls from 5-16 years old the basics and even advanced techniques of martial arts because I wanted to give them the same internal security that I desperately craved.I once again saw this vulnerability and helplessness in a fictional situation. As a defense attorney on my school's Mock Trial team and I represented a highschool boy who was accused of murdering his band mate. He was young and fairly unaware of his rights and the justice system scared and confused him. It was his own personal Chesapeake Bay.While I knew this was a fictional case, the sentiment behind it was real. My experiences with defenselessness have been influential in my desire to help alleviate this feeling in other people. I aspire to be a criminal defense attorney in the future. As a mock trial attorney, I see defendants as those who are helplessly stuck in their situations without proper guidance or protection. People believe, like I did, that they are in over their heads and all alone in an unfamiliar environment. I am determined to give support and protection to those without it. To help them navigate the unknown. To help them present themselves in a way that others can understand. Alone, defendants do not have much help getting their side of the story out to use as defense. As an attorney, I will be committed to ensuring that my clients do not feel lost, stranded, and terrified of the unknown: whether that be their rights, the legal process, or in my case the Chesapeake Bay."},{"index":1,"personal_essay":"My ideal college experience is one built on enlightenment, diversity, and community; Northwestern University ensures all of these opportunities to me during my next four years. I plan to achieve this by taking advantage of learning opportunities both inside and outside of the classroom. I intend on majoring in Political Science with an adjunct major in International Studies, both of which are extraordinarily vast fields of study. Due to Northwestern's use of the quarter system, I will be able to take more classes in my major and in my other interests than I would be able to at other schools. Classes like Urban Politics, Public Opinion and Voting Behavior, and African American Politics are sure to provide me cultural and intersectional insights to the nuanced complexities of political issues today. Additionally through clubs and organizations at Northwestern, I will be surrounded by diversity and community as I further my interests in foreign affairs. The Global Cafe mentorship and Event Series will provide me with the tools and resources I need to pursue research and a career in International Relations. Regular guest speakers and small workshops with alumni and graduate students are unique opportunities for me as an undergraduate to learn more about the world around me in a community setting. In addition to the Global Cafe, I intend to continue participating in Model United Nations with Northwestern and to potentially join the travel team and chair the high school MUN conference hosted by Northwestern each year. I am dedicated to developing a worldly perspective and finding opportunities and communities that match my interest; Northwestern is the place for me to do just that. "}]}