{"schema":{"fields":[{"name":"index","type":"integer"},{"name":"personal_essay","type":"string"}],"primaryKey":["index"],"pandas_version":"0.20.0"},"data":[{"index":0,"personal_essay":"The names of the long-deceased and long-forgotten scroll down my computer screen. Some might brush them off as unimportant, these ancient unknowns, but I've found myself more and more entranced by the simplicity of entering names, the power of family across generations-- the patterns from mother to daughter, father to son. Most of them could never have guessed that a 10-year-old girl, four hundred years in the future and an ocean away, would spend her afternoons copying their names from site to site on the global phenomenon of the mysterious Internet.Now, however, 10-year-old me is stuck in 18th century Germany, in the childhood home of her maternal sixth-great-grandfather, Joannis Stephani Klassen. Who were his parents? Who were his siblings? Why did his grandson emigrate to Minnesota? My sources seem to have nothing to offer. Geni.com, Ancestry.com, MyHeritage.com... all are silent, and would probably still be silent, even if I could get a premium membership and the proper genealogists' tools which come with it. That's the problem with research this deep: finding cousins and second-cousins and fifth-cousins twenty-four times removed is easy, but finding information from the German countryside, nigh on four centuries ago? Nearly impossible. Discouraged, I realize that I won't get anywhere with this ancestral line. As I right-click myself forward in time, I find myself becoming more and more frustrated. How am I supposed to become a professional genealogist if I can't even find my own seventh-great-grandfather in the delineated mess of ancestral history? I move to another file, though, and while the confusion remains in my mind, it takes a hike towards the bottom of the pile, while the need to find more connections rises to the top. One dead-end doesn't mean that I'm hitting the end of my abilities-- rather, I'm just getting into stride.Two hours later, the names and stories of my ancestors swim away from my eyes. Three hours later, blinded by the computer screen's glow, I shut my eyes, rub them, shake my head-- and keep going. I'm not done, will never be done, but I somehow can't stop reading, and copying, and pasting, and adding to the tree-- until I fall asleep in my chair.The early days of my six-year-history with genealogy began the chain-reaction which landed me amidst the explosive wonders of the research process. And, though my passion for genealogy has subsided to an occasional hobby, the roots which that obsession spread have taken me into the French Revolution, the books of Isabel Allende, chemical baking reactions, and so many more. When I begin to read one book, I find myself reading the author's others, for background information. When I bake a chocolate cake, I experiment with new amounts of oil and applesauce, searching for the perfect equilibrium. When I began to love Spanish, I jumped into French, using both languages to supplement and strengthen my understanding of conjugations and phrases. When I write a paper on Joseph Conrad's subtle feminism, I hunt down feminist critiques of his work, and analyze the differences between other thoughts and my own. In essence, I research my way through the world-- and add in more data to supplement my own knowledge.When I lose the trail, and ruin a cake or essay with my experimentation, I jump in the next time with even more fervor... though let's face it, strawberry-chocolate frosting is a bit beyond the realms of sanity. Thus, when I return to my genealogical research today, I never have a true -- or clear -- starting place. Sometimes I'm on my mother's side, sometimes my father's, and sometimes I jump into research from a completely unrelated branch of the global forest... but each piece of the puzzle, no matter how insignificant, brings me one step closer to knowledge: and each keystroke, one closer to the awe-inspiring melting pot that is our collective story.The genealogical process isn't perfect. Strange things often happen across the cyber-plains of family history, and connections often pop up out of nowhere, destroying connections that I'd previously seen as incontrovertible. But it's that quality of spontaneity which charms me-- the potential for disaster from a single mistake, the potential to change everything we know about our past, to move forward into the future. And, somehow, those lessons have stayed in my mind for all of this time. I hope to make my own future-- to change the field of bioethics, and our understanding of scientific advancement. I hope to fight for my opinions, to challenge the status quo, and to dream of new ways to bring understanding of the ethics of science to the population. In that future, any small thing could change our understanding of scientific thought--- any small discovery could force a complete re-creation of our ethical ideals. But as my genealogical research has taught me, that's only to be expected--- and if our ideals cannot be challenged, then they cannot be trusted. "},{"index":1,"personal_essay":"Virtually all of Stanford's undergraduates live on campus. Write a note to your future roommate that reveals something about you or that will help your roommate -- and us -- know you better. (100 to 250 words) \u200bDear Roommate,Have you ever tried archery? There's this feeling of complete silence in the mind and body, of harmony between finger and eye and feet, of unity and peace and focus. When I stand in front of my straw-bale range, watching the trees for wind, I've learned that the isolation is, truly, the most beautiful gift I can give myself. Being silent is empowering, and the emptiness of the mind can transform into the richest thoughts. So, as I raise my bow and extend, I close my eyes. My goal is not to hit a target-- indeed, I shoot with nothing but the bare straw in front of me -- but to achieve my goal of complete focus, picturing the arrow's resting place in my mind's eye, and opening my eyes to find the picture the same in life as in imagination. That focus transfers over into my everyday life as well. So, when you find me reading late at night, I'm begging you: don't make me turn off the light! While I'll certainly be glad to see you, if you try to compete with a book for my attention, there is the definite possibility that you'll lose... and, for that matter, I sincerely hope that you'll join me in covering our floor with so many books that the carpet becomes invisible.Stanford students possess an intellectual vitality. Reflect on an idea or experience that has been important to your intellectual development. (100 to 250 words) 'Vive la Revolution!' So went one of the few things I knew about the French Revolution, prior to the spring of my junior year. The spring semester, however, housed the most action-packed and influential class I've ever taken: historiography. In seminar form, the course covered Arendt and Aristotle, Fanon and Foucault. We dove into the coarsely charismatic Communist Manifesto and the slightly smoother History of Sexuality--- all to gain enough understanding to write just one research paper. In the final two weeks of the course, I sat down, awareness of my actual subject still nonexistent, to write a forty page paper on the French Revolution. In those two weeks, my other classes paled in comparison. I commuted between 19th century Rouen and Paris each day, and I returned each night to a desk transported to the past by the piles of historical resources in which I immersed myself. By summer, although I still had much more to write, I at least knew the paper's primary purpose: to prove the connections formed by the revolutionary spirit, through the French revolutions of 1789, 1832, and 1848. The concept of a revolutionary spirit, influenced by our readings of Hegel, became my question, long after I began to answer. Through my search for the spirit of revolution, I discovered a principle that today envelopes my learning: sometimes, the question must arrive after the answer begins, and we must question the answer, rather than answer the question. What matters to you and why? 'As a guy,' my classmate Malik said, 'your speech bored me.' Really? My college speech class last summer required a praise speech, and I chose to praise the author Tamora Pierce. Delighted to express my admiration for an influential, feminist author, I was shocked by Malik's statement, as he insinuated that empowering girls is boring for men. Even stranger, Malik's speech earlier had mentioned the importance of equality, so I was all the more confused by his lack of sympathy for feminism. How could he profess to support equality, while not wanting to hear about it? I burned inside, struggling not to leap out of my seat and explain to him why women's rights matter to men, why equality is important to discuss, not just to believe in. When classmates like Malik use subtly derogatory language without realizing that each word drips with a history rich in misunderstanding, I realize that we live in a bubble, opaque from within, yet clear under examination-- that although we claim to stand for equality, many of our actions misrepresent our supposed beliefs. The hints of condescension, grasps at gender-role straws, daily assumptions about women-- these make feminism a cause that constantly guides my heart, because I can see the societal flaws which shape our collective vision, and pull at my own. I'm a generally imperturbable person, but the subtlety of the injustices done to women make me want to scream until the tone-deaf eardrums of the world take note."}]}