{"schema":{"fields":[{"name":"index","type":"integer"},{"name":"personal_essay","type":"string"}],"primaryKey":["index"],"pandas_version":"0.20.0"},"data":[{"index":0,"personal_essay":"Once Upon a PollywogI measure my wealth in crickets. I know it seems odd to gauge my fortune that way, but today, I am contentknowing that I have a reliable enough income to purchase a steady stream of insects to feed my first pet, a treefrog named Marshall. A sky-blue, marshmallow-of-a-frog with a permanent smile and clown-sized feet, he is aboutthe size of a kiwi but the shape of a beefsteak tomato. In retrospect, he signifies not only the prosperity of my firstjob, but marks the first time in my life when I didn't want, or need, my parents' help.When I first got him however, the more daunting significance was that with a lifespan of up to 20 years, Marshallcould far outlive my time at home. In fact, he may as well be my first child, and just like a parent, no matter howmany times he pooped on me, dumped water on the floor, or refused to eat his mealworms, I wanted only the bestfor him. So naturally, feeling responsible in a way I hadn't before getting Marshall, I set out to build him a truerainforest .There aren't many vivarium-building 101 classes out there, so I was just as uneducated about rainforest-buildingas I was about frog-keeping. With the help of Home Depot, an online herpetoculture supply company, and theexperts at the vet clinic where I work, I was able to design and build Marshall his own two square-foot slice ofAmazonia. With layer after layer of silicone, foam, cork, and substrate, his new home began to come together.After the addition of exotic plants and mosses (which I came to discover are ironically as hard to keep alive asMarshall), I added springtails, a decomposer, to complete the ecosystem.Since the plants needed time to acclimate, I spent the next 30 days experimenting with different lighting andhumidity levels, trying to find the right balance of heat and light to satisfy both my needy plants and my high-maintenance frog. A month later, Marshall left his temporary tank of plastic plants and prepackaged moss. Withmy proud parents beside me, I cut the ceremonial ribbon (yes, there actually was a ceremony with a ribbon), andhe flopped out into his new home for the first time.An entire summer of work was concentrated into that 12x12x18' tank. Each day, I would leave my full-time job atthe vet clinic to work at my other full-time job as a vivarium architect. Hours of creation and experimentation,hundreds of hard-earned dollars, and countless moments of parental anxiety contributed to a well-lit, 20 lb.collection of dirt, wood, and plants. But it is also a home, an ecosystem; it is a dynamic work of art that iscontinually growing. It was and is a priceless investment, but its value is not expressed in monetary terms. To me,knowing that I can care for Marshall by myself is invaluable. In fact, being in charge of Marshall's well-beingactually put me in charge of my own. Once I was in charge of taking care of 'someone' else, I became morewilling to take on the unfamiliar and be assertive with others, and this carried over to the relationship with myparents as well. I took over a lot of the tasks my parents used to do for me, from things as important as making myown doctor appointments to those as trivial as drying my soggy running shoes. I went from being in charge ofmyself to taking care of us both, and knowing that, we both fall sleep peacefully at night to the melodic chirping ofcrickets - him listening to his next meal, while I hear a slightly different tune."},{"index":1,"personal_essay":"The word 'lemurs' stood out during a five-college presentation I attended last spring. After a short Google search, I was knee-deep in admiration for a school that houses and studies over 250 lemurs. Further research into Duke wielded similar excitement as cross-disciplinary classes like Behavioral Ecology and the Evolution of Animal Behavior and Biology for Engineers caught my attention, as did transformational programs like DukeEngage that allow students to make an impact in the world. It quickly became evident that Duke allows for an individually tailored course of study, but uses collaboration between high-caliber students and teachers to enrich the college experience beyond learning from a book or lecture. Nowhere else will I be able to take the initiative to contact experts and do research in the fields I am interested in-- even as an undergraduate, and even in studies as specific and unique as lemur behavior. "}]}