{"schema":{"fields":[{"name":"index","type":"integer"},{"name":"personal_essay","type":"string"}],"primaryKey":["index"],"pandas_version":"0.20.0"},"data":[{"index":0,"personal_essay":"]  For the longest time there were two people waking up in my bed each morning, and neither one of them knew who I was. One boy dedicated his time to observe the remains of an assassin bug, a hugely impactful predator with a name fit for its voracious nature. The other boy spent his early mornings reading the newspaper. A devastating cyclone had just hit the people of Burma, a thuggish ruling junta was causing havoc in their lives, and the young boy had to know about it. Although the two boys didn't fully understand the implications of a loss of a particular species in a food web or restrictive trade policies on poor countries without much arable land, they still yearned for more knowledge.  Who was I? A future lab scientist, or the next President to come out of the state of California? Early on, my mother could see this dichotomy developing within my own personality. I got many puzzled looks when I asked for a subscription to TIME magazine along with a microscope kit for my tenth birthday. My career ambitions would seesaw between an astronaut and world traveler. The two Andrews would battle for a supermajority of the hours in each day until I decided to be the critical vote to swing towards one Andrew or the other. These halves behaved like two brothers; a modern day Cain and Abel with my punishment seemingly being eternal self-damnation.    Approaching adolescence, the two Andrews would fight for relevance in my mind. One, an active soccer defender, would yell war cries in the middle of his soccer match in a not-so-well thought out attempt at intimidation. The other knew his way around a World Book encyclopedia set, even at the expense of social crucifixion. Stevie Wonder was blasting from speakers as I studied the origins of Greek Democracy. Hardly anyone my age paid attention to news that didn't make headlines. I'd be their CNN, a young Wolf Blitzer, analyzing a multifaceted humanitarian crisis although with little knowledge of historical context. I struggled immensely with the thought of my future. The conclusion drawn from those explanations was simple: the two Andrews had no place together.  After several years of intense self-reflection, I realized college would be the platform where I could passionately grow and find out who I want to be in this world. I could go to a school that has some of the world's best professors and challenging courses that push me to consider every side of a complex issue. I can picture myself starting the day studying the decay patterns of radioactive elements and finishing the day by debating the success of the Nuclear Non-Proliferation treaty. Whether I end up working for a private energy corporation or the U.S. State Department, I know at this very moment that this is what I needed all along. I needed an avenue to continue to grow in both of my fields of interest. I would not be limited to one half of my heart. My two Andrews, it turns out, were not mutually exclusive, but rather dependent on one another. "},{"index":1,"personal_essay":"The essay is an extended metaphor comparing my life's journey and future goals to the physical experiences of a glacier."}]}