{"schema":{"fields":[{"name":"index","type":"integer"},{"name":"personal_essay","type":"string"}],"primaryKey":["index"],"pandas_version":"0.20.0"},"data":[{"index":0,"personal_essay":"] Growing up in the city, perhaps The City, I have always been surrounded by technology. Everywhere I turn, I see people with their heads buried in their phones, anxiously awaiting their next text or frantically typing out a response to the one they just received. As unfortunate as it is, often I am one of those people, bustling down the street with barely a clue about what is going on mere feet from me. Perhaps that's why my first hike, a four-day trek through the Catskills on a trail aptly named Devil's Path, made such an impact on me. For the first time in my life, I was completely isolated from technology. I may have only been three hours away from my New York City home, less than one hour away from the campgrounds at which I was spending the summer, but without the comfort of my cell phone, or even a streetlight illuminating the path ahead of me, I might as well have been on another planet. 'I can't go on any further,' panted one of my hiking companions, another boy who had never been in an environment remotely similar to the forests of the Catskill Mountains, barring a Bronx Zoo exhibit. We had only been hiking for an hour, but he was exhausted. The thirty pounds on his back had taken their toll, physically and emotionally, prompting him to collapse onto the nearest boulder, struggling for breath. Witnessing our comrade's pain, the rest of us crowded around him, slightly annoyed but eager to help, despite feeling the beginnings of fatigue ourselves. When it became clear that he could not continue without support, another camper and I propped ourselves underneath his shoulders and, until his strength returned, lent our bodies to him to use as crutches. Thus began our journey over seven mountains and across thirty miles of the least welcoming terrain I have ever encountered. The physical stress of the walk, however, paled in comparison to the preparation we had to put in once we would arrive at our destination for the night. The sun would only grace us with its rays for so long before disappearing over the edge of the nearest peak, the flashlights we had brought did more to attract mosquitoes than they did to guide us in the darkness that followed, and the nightly downpour made us yearn for the day's sweltering heat. Thus, we had minimal time to set up our shelters, filter the river water with which to refill our twenty-four-ounce metallic canisters, and gather wood for the fire that would play the role of the microwave when it came time to heat our dinner. Working independently to complete the tasks by nightfall would have been infeasible, but by dividing the labor and collaborating, we were able to erect our tents and serve a meal with just enough time to enjoy the stunning sunset. Although that hike will forever have a place in my heart, the Catskill Mountains are far from my ideal surroundings. All of us depend on technology, and we must harness its full potential to consistently push the boundaries of progress. But nor is the modern city, where technology has gone from a tool to an addiction, its pervasive influence causing people to ignore those around them, the type of environment where I will best thrive.  Cooperation is the key factor in determining my perfect place. The sense of camaraderie on the hike was unlike any I have encountered in everyday life. City people are so engrossed in technology, so captivated by the ability it grants us to work individually, that we tend to forget how to interact with fellow humans, a skill essential for progress. If we can regain that ability, hone those communication skills, and put technology back in its place as a tool for human progress, we will have the ideal conditions for societal advancement. "},{"index":1,"personal_essay":""}]}