{"schema":{"fields":[{"name":"index","type":"integer"},{"name":"personal_essay","type":"string"}],"primaryKey":["index"],"pandas_version":"0.20.0"},"data":[{"index":0,"personal_essay":"] Family is everything, right? For me, this is especially true. My oldest brother, David, has Asperger's Syndrome. As experts calculated that one out of every 150 babies born in 1995 were born on the Autism spectrum, David had a 0.67 percent chance of having Asperger's. That is, there was a less than one percent chance that he would be excluded and bullied for his eccentricities. There was a less than one percent chance that he would be unable to communicate his extensive knowledge. There was a less than one percent chance that I would have to be a big sister to my older brother. For seventeen years I have lived with and loved my fascinating yet frustrating eldest sibling. I felt sympathy for him, but also admiration. I was amazed by his ability to choose any topic and understand every aspect with tremendous ease. Dinosaurs were his childhood passion and he could identify every skeleton in a museum by the time he was six. While other families traveled to Disneyland, ours visited dinosaur museums. In hopes of absorbing even a small portion of his plethora of information, I stayed at his side on all of his adventures. I looked up at him in awe as he counted the cervical vertebrae of the Apatosaurus and listened intently as he read aloud about the wings of the Archaeopteryx. Together we studied the sediment layers of the Badlands and searched below the KT Boundary for bones. I tagged along, wide-eyed and dreaming of someday becoming as knowledgeable as he was. These experiences ignited my love for science, nature, history, and discovery. As much as I wanted to be like him, this desire was selective. Because of his Asperger's, David had difficulty handling unforeseen circumstances. Many times I was forced to assume control of situations, regardless of my age. Once, on a winter morning many years ago, David and I got into a car accident. The stress was too much for him to handle and he broke down; I was left alone. I took a deep breath, stumbled out of the mangled car, and assumed control of the situation.  As I navigated the protocol for car accidents, David remained cemented to his seat, slamming his palms on the steering wheel and bawling uncontrollably. I will never forget the looks of confusion and sympathy I received that day. Experiences similar to this taught me to accept responsibility and remain composed under stress. These situations were not the only time David's inability to conform to societal norms was exposed. During school, he endured bullying and exclusion for his quirks. It was heartbreaking to witness classmates treat him viciously because he was different. It angered me greatly, and I vowed that I would never be a bystander to intolerance. I learned to speak out against injustice and inequality and to stand up for those who could not. Despite my best efforts, some hateful words always slipped past my defense. As a result, my big sister duties did not end in the hallways. At home, many nights were spent defusing the ticking bomb fueled by his bad day. I let his screaming, malicious comments slide off my shoulders. I reciprocated his hate with love and comfort. Weathering these nights taught me to remain peaceful in the face of anger and hostility. Although he may never realize it, my brother permanently and drastically influenced my life in a variety of ways. He encouraged my love of knowledge, ability to assume control, desire to advocate equality, and strength to stay compassionate. Thanks, big brother. "},{"index":1,"personal_essay":"Essay Description - I reiterated my interest in Harvard. I explained that I had always wanted to go to Harvard but that I never thought it would ever be attainable. I continued to say that the goal of Harvard that had used to been a far fetched fantasy slowly began to become a possibility. I said, basically, please let me in because I have worked hard to get where I am and now my goal has a possibility to become a reality.Full Essay - I had been refreshing my inbox for days, constantly checking the dimly illuminated screen of the iPod effectively glued to my hand. As I glimpsed at my screen for the millionth time that morning, my heart skipped a beat as the long awaited icon of a new email popped up. Frantically, I swiped the notification and meticulously studied the email over and over before allowing an admittedly embarrassing squeal of joy escape my lips; the research project a classmate and I had written was chosen to represent the United States in an international competition. We would be travelling to Russia to present our research on a world stage. After reveling in my moment of complete ecstasy, I reminded myself of the devastation this opportunity had sprouted from. Not long ago, my city was ravaged by a five hundred year flood event. Houses were submerged, bridges overtopped, and lives uprooted. For days I filled sandbags in a futile attempt to ward off unrelenting waters. On the television, I watched the dikes of my cherished middle school gradually overflow. Demolishing homes that had succumbed to the river's power ignited in me a desire to gain something from this catastrophe. An opportunity presented when my teacher told me about the International Junior Forest Contest. This contest prompts students from across the world to engage in forestry research. I was unsure of how to most effectively help my community, and this contest provided the perfect avenue for positive contribution. When people return to their homes after a flood and survey the devastation, alive trees in contrast to their decimated home would provide a symbol of hope. With this incentive in mind, I contacted a classmate of mine and we began our research. Once armed with knowledge of flood resistant Genus, we could mitigate damage through educated planting. To find an answer, we studied trees in the valley and recorded Genus, height, damage, and coordinates. We collaborated with a professor at the local university, and supplemented our data with some that he had previously collected. After extensive field work, hours upon hours were spent at the local bakery analyzing data, debating wording, and editing the paper. Eventually, we had a final product. Once the report was submitted, it was a nerve racking waiting game. Several days later, I received the email. After scouring the words written by someone whose first language was obviously not English, I spotted the word \\\u2018chosen' and a ridiculous grin spread across my face. Immediately we started plans for visas, flights, hotels, all other technicalities of international travel. Other years the U.S. Forest Service has aided in this process, but they withdrew all aid this year as a result of political tensions. All of the planning was laid upon us. I was unaware of the difficulty to arrange this type of travel, and I now have tremendous appreciation for travel agents. On the flight out, it had not fully dawned on me that I was about to enter Russia to represent the United States in an international competition. When the plane bounced across the tarmac in St. Petersburg, the feeling was surreal. Once at the contest, I was ecstatic. Every person around me spoke a foreign language, and only a few spoke broken English. We were isolated on our island of English, barricaded from other people with an impregnable language barrier. I loved it. Being submerged in a new culture is a humbling and enlightening experience. It was even comical at times, as one of the more difficult things I have ever done was try to demonstrate to a Russian deli employee that I wanted a spoon. At the contest, the variation of countries was stunning; at the dinner table I could pass bread to a girl from Kyrgyzstan while listening to the conversation of the guys from Tajikistan. As amazing as the cultural diversity was, the research aspect of the contest was even more fascinating. It was stunning to be exposed to regional issues of areas from all corners of the world. To be made aware of the Orange tree felling issue in Brazil and the biological engineering of Eucalyptus in South Africa was breathtaking. When our turn to present our research arrived, I was delighted by the warm welcome we received. The environment of the international scientific community was dominated by acceptance and curiosity. Our presentation was awarded at the end of the contest; however, we are unsure of the exact nature of our award as we cannot read the writing on the certificate. On the flight home, I reminisced on the amazing experience. I loved every second there and will greatly miss the beautiful cultural differences and the formidable language barriers. After exposing our research to the world, I hope to effectively implement it back at home. I am grateful that I was able to participate in such an activity as internationally presenting research, but I retain my main goal of helping my community mitigate damage in impending disasters. "}]}