{"schema":{"fields":[{"name":"index","type":"integer"},{"name":"personal_essay","type":"string"}],"primaryKey":["index"],"pandas_version":"0.20.0"},"data":[{"index":0,"personal_essay":"As I enter the restaurant, my nose is greeted by the wafting scents of Argentinian-style churrasco. The pleasant aura of smoky carne asado mingles with the warm chatter of Castellano, filling my heart with a congenial sense of belonging. Gaucho Parrilla, a popular Argentinian grill located in the Strip District of Pittsburgh, has been a house of worship for my family ever since its opening two years ago. Back then, the restaurant itself was no larger than my Spanish classroom, a sanctuary similarly adorned with the emblems of South American grandiosity. A few times a year, my family makes the pilgrimage to Gaucho Parrilla to indulge in the restaurant's divine offerings and watch as the cooks banter back and forth in Spanish, their just-audible jerga often crossing my mind as familiar.Ever since I was a youngster decked out in denim button-up overalls, Spanish has fascinated me. When I learned in my kindergarten Spanish class that whole other worlds existed completely independent of the English language, it blew my mind. Did those otherworldly kids plop themselves down on a fuzzy couch and watch Sesame Street while eating animal crackers and getting crumbs all over the place just like I did? How did their mothers remind them to look both ways before crossing cracked pavement roads on the way to the bus stop if they didn't use English? I realized that these kids were just like me even though they spoke a different language, and I wanted to learn Spanish so I could build legos and solve puzzles with them once the time came.As the years progressed with my foreign language education, I kept this goal in mind: I wanted to be able to speak Spanish to bridge the language barrier between myself and the 400 million people with whom I wished to be able to communicate \u2013 and have a good time while doing so. When I was seven, I learned from my grandfather that my great grandmother, Alice Sanchez, who sadly passed away before I came into existence, was of Mexican descent and spoke fluent Spanish. I felt like I had just stumbled upon an ancient mossy treasure chest previously buried in my mind, yet fundamentally ingrained in my blood. Nobody in my family had a semblance of speaking ability with regard to Spanish despite our Latin lazos de sangre, and I aimed to break this trend. As my Spanish fluency grew alongside my passion to speak the language, I began to practice more and more outside of the classroom in order to further my proficiency to the level that I desired.From consistently speaking Spanish around the house with my family (often to their frustrated dismay), to hogging my parents' Puerto Rican and Venezuelan friends at dinner parties, to even taking trips to Gaucho Parrilla to converse with the staff over fantastic food, I have striven to immerse myself in the language in a metaphoric baptism of sorts. The payoff I have received as a result of my linguistic 'faith' has been intangibly wondrous. I have committed myself to becoming as fluent in Spanish as possible, not for grades in a classroom or for monetary incentive, but merely because I have found it to be an enjoyable and fruitful challenge.I have regularly pondered the tremendous foresight of the resolve that I contrived during my kindergarten days. A part of my five-year-old self, still clad in the inspiring costume of button-up denim overalls and crumbs, continues to linger on in my soul, reminding me of my original intentions to learn what I dub the language of curiosity. If I happen to become a physician further down the road and a ni\u00f1ito comes into my office complaining of something painful, I might just ask him \u2013 '\u00bfTe gustar\u00eda construir legos o resolver rompecabezas?'**'Would you like to build legos or solve puzzles?'"},{"index":1,"personal_essay":"While touring Northwestern, I was blown away by the unique atmosphere on campus. The desire to learn and succeed among students was quite palpable, and I felt driven simply by walking among these pioneers of the future. My appetite to be immersed in a competitive yet nurturing academic atmosphere ultimately drove me to select Northwestern as my top choice. Every facet of the Northwestern curriculum helps facilitate creative interdisciplinary learning; the quarter system allows students to pursue their varied academic interests and make double majoring manageable, and I have full intentions to double major in biomedical engineering and Spanish. Attending Northwestern would make this objective ever more attainable by giving me flexibility to double major and study abroad, while still graduating in four years. Studying abroad in a Spanish speaking country is a dream of mine, and the guaranteed transfer of class credits from study abroad programs would make this dream practical. Additionally, the particular opportunities for undergraduate research within the biomedical engineering department at Northwestern are unparalleled. The opportunity that I would have to delve into research as part of the McCormick School of Engineering upon arrival is uncommon; most schools are not nearly as immersive with regard to undergraduate research. The generous undergraduate research grants make student-led research possible, and the possibility of working alongside the likes of the renowned biomechanics pioneer John A. Rogers on the forefront of biocompatible electronics is incredibly enticing, especially as an undergraduate. As I hope to attend medical school in the future, I want to go to a university where I know I will be given the tools to succeed further down the road, and I believe that Northwestern fits this bill perfectly. "}]}