{"schema":{"fields":[{"name":"index","type":"integer"},{"name":"personal_essay","type":"string"}],"primaryKey":["index"],"pandas_version":"0.20.0"},"data":[{"index":0,"personal_essay":"] Every child has heard it. 'You have to clean your room because it's my room. You're just staying in it. You can't do what you want.' Or after a fight with the parents they say 'You're so selfish. I've given you so many things. But I bought them. They're mine. I can easily take them away.' And then after one of those one of those fights, or when it's raining or snowing out, or when I need to clear my head, or when I just don't want to do my homework just yet, I take the five year old, flattening basketball that my dad keeps reminding me to put air into and the millionth set of cheap ear buds that will break in a month I've owned, and go out into the driveway with my old, blue basketball hoop set up there.Shooting hoops on a home goal is miles apart from playing varsity basketball. Varsity is stressful, practices every day, every game counts, sacrifice, sweat, time spent doubled over because I'm out of shape and can't breathe. On my home goal it's just me, the ball, music playing from my phone in my sweatpants pocket even though it's 80 degrees out, the hoop, and my own thoughts. There's no rush to beat a buzzer, nine other people on the floor with me, constant screaming from parents in the bleachers, nothing. I can focus. I can think. I can get away from my school life and my home life at the same time just by being five feet outside my house. I don't even feel so out of shape anymore. Granted, it's not perfect. I can't say how many times my ball has been caught in the net or in the rim or under one of the cars in the garage and I've had to rescue it using an old staff from my earlier days of practicing Taekwondo. Often enough my ball will bounce off the black base and launch into the grass, or into one of the bushes in the front lawn and I'll have to fish it out. But I don't care. I'm happy.As it gets later and colder out, one of my parents pokes their head out the garage door and tells me to come back in. I beg for five more minutes, as I did the day before, and the day before that. One of them pokes their head back out three minutes later. I make sure to remind them I still have two more minutes, because 'the song I'm playing has (x) amount of time left.' The head disappears. It reappears two minutes later. (I'm coming mom. Jesus, it's not like we have a street lamp right in front of our house or anything.) I put my ball away in the garage and come in the house. My mom calls me as I'm running upstairs to my room. The door. I forgot to lock the door again.My hoop has gone through constant wear and tear. I've destroyed and replaced the net at least once a year. The backboard's been broken. It's fallen over in a storm once or twice. It's imperfect. But it makes me happy. Every time I shoot at it I'm working more at becoming a better shooting guard. I don't have to talk to anyone while I'm out with it. Things have changed in my life, my friends, school, me, but the basket stays the same as it ever was. It's where I do my best thinking. It's where I can set aside my worries and problems and just shoot. It's simple. But best of all it's not a place that my mom, my dad, or even my sister will touch.Because I can call it mine. "},{"index":1,"personal_essay":"(I wrote this specifically for Johns Hopkins University, as they were the only place that asked for this)With a strong background in math and science, I was sure I wanted to go into engineering when I attended college. For right now I'm settled biomedical engineering or the like. But as someone with other interests, especially that of learning another language (I'm currently working on Spanish), I have been interested in studying abroad as well. For most schools, the rigor of engineering program makes it nearly impossible for an engineer to study abroad, but at Hopkins, it isn't. I can go outside the U.S. without restriction and still learn things to help me graduate in a reasonable time. Being able to go abroad as an engineer is probably uniquely a John's Hopkins aspect.Another great thing about John's Hopkins is that it is a research institute, meaning there are lots of opportunities for any kind of student to get involved with research. If I choose to go on a medically involved engineering path, it would be important for me to get involved in research as the medical field is always changing. During my freshman year in high school, my Engineering Drafting teacher told us that engineers primarily do two things - make new things and make existing things better. In the medical field, that would primarily be making things better, constantly improving vaccines and machinery to get people healed quicker and combat disease more efficiently. Should I want to go to graduate school, another good feature for helping me achieve my goals would be Hopkins' medical campus, which I got to visit during the H.O.M.E. program.But I'm not just a student. I'm a basketball player, volleyball ref, science nut, and so much more, and I know with the hundreds of clubs at Hopkins will be able to find several things that match my interests, and things that add even new interests to the list, and that's why Hopkins would be a great match to starting to create my future."}]}