{"schema":{"fields":[{"name":"index","type":"integer"},{"name":"personal_essay","type":"string"}],"primaryKey":["index"],"pandas_version":"0.20.0"},"data":[{"index":0,"personal_essay":"] 'Eww!' exclaimed several of my classmates during a lecture on Chinese history. Their faces contorted into grimaces of disgust as the teacher showed us a grotesque photo of the Chinese cultural practice of foot binding: a pair of feet twisted at an impossible angle. A boy turned in his seat and, chomping obnoxiously on his minty gum, sneered, 'How're your feet, Alice?' The collective gaze of the class seemed to beat down on me. I squirmed in my seat, my face reddened by embarrassment and fury.When I came to the United States eight years ago, enrolling in public school was like being thrown head first into a melting pot among a stir fry of races. I was immersed in diverse cultures and values, truly believing in the tolerance and acceptance America has promised. However, after noticing the seemingly careless jeers and laughs of my peers, the hidden deceit in all stereotypes overwhelmed me.Could those few pages of Chinese history textbook pages dominated by words such as 'Communism' and 'Tiananmen Square Massacre' truly represent the country China is? Self-doubts seemed to boil over inside me as I questioned the country in which I've grown up and with which I've identified myself. Was I really just another 'Communist Chinese'? A brainwashed zombie? Was that really all that my mother country had given me?No, that couldn't be true. My peers could not possibly truly understand the rich, golden Chinese culture and history hidden behind the musty, dark mask of political labels without living them the way I have: rolling a fat brush in ink carefully grinded for smooth formation of kaishu calligraphy; lighting the round, red lanterns for the promise of happiness in a new year; tapping my Chinese paintbrush on paper, giving life to the flight of a dragonfly; tipping my toes while swirling my arms to the folksongs from XinJiang. They couldn't possibly know the warmth of a Chinese New Year night as the entire family huddles on the sofa in front of the TV, enjoying the eloquence of xiqu, an ancient Chinese opera passed down from the Han Dynasty, and laughing at the puns of a well-thought-out xiangsheng, the Chinese traditional crosstalk. If I have to be honest, however, I made the same exact mistake about the States.In my nine-year-old mind, I innocently believed that life in the magical 'land of freedom' consisted of blissfully eating McDonald's everyday while playing at school, free of any homework, stress, or troubles. Without question, my understanding of my new environment has changed drastically in my past eight years in the United States. By moving from classrooms full of peers of the same ancestors and culture to classrooms full of people of all religious beliefs, races, and backgrounds, I have gained a valuable, new perspective. As I sit, huddling on the sofa re-watching classics with my friends - a Creole Catholic, a Malaysian Muslim, a Mexican atheist, a Caucasian Mormon - as another New Year rolls by, it suddenly dawned on me: though the world is filled with people of diverse interests and heritages, we are the same sentient beings.Each nation has a face both beautiful and flawed. I am deeply grateful to have had the opportunity to live in both China and the United States, giving me the worldly outlook I now have. Although I would rather eat a hamburger every day for the rest of my life than ever experience foot-binding, and although I am proud to take part in a system of government that values the voice of its people, I am equally proud of the complex and magical history of my ancestors. The combination of these interwoven fabrics, the ability to be many things at once and not have to apologize, these are the true boons of having grown up in a multifaceted globe. No stereotype can defile that. "},{"index":1,"personal_essay":"Tell us about an engineering idea you have, or about your interest in engineering. Describe how your ideas and interests may be realized by\u2014and linked to\u2014specific resources within the College of Engineering. Finally, explain what a Cornell Engineering education will enable you to accomplish. (Please limit your response to 650 words.)"}]}