{"schema":{"fields":[{"name":"index","type":"integer"},{"name":"personal_essay","type":"string"}],"primaryKey":["index"],"pandas_version":"0.20.0"},"data":[{"index":0,"personal_essay":"] My childhood experience drove me to set such high goals for myself.  As a child, I had everything I needed; this included harmony, happiness, and health. My family was by no means wealthy but my parents had great jobs and they managed to own their own home. In a sense that was the peak of unity and joy for my family. Regretfully, the world came crashing down on us when my father was fired from his managerial position at the 'Sedano's' supermarket and we were forced to move from our nice home in Miami to a shady neighborhood in Tampa, Florida. Ever since then, I've been longing to bring back that balance through my success. Considering all that had happened, my life became a series of economic challenges. I moved from Miami, to Tampa, to Hialeah in a span of six years. I remember reading somewhere that the average person moves seven times in their lifetime. I've moved eight times in my seventeen years of life and the ninth will be when I go away to college. In essence, moving has become common to me while it is a hassle for others. Given that my economic status is unfavorable, there have been times when I have lacked in technological luxuries. In a country that is experiencing a technological revolution, it's hard to get by in school without a computer. I endured my whole freshman year without a computer, but I didn't let this put me down. I consistently went to libraries and friend's houses to get my assignments done. It was difficult to stay focused and put in the extra work of walking to libraries but my strong will led me to finish every assignment efficiently and punctually. I never allowed my deficiency to hold me back. Due to my moving conditions, I've never had a stable group of friends. In spite of this, I have managed to surround myself with the right people. They are people with the same aspirations as myself: A+ students who have realistic goals and plans. My friends are the kind of people I want to surround myself with when I reach the collegiate level. We can share ideas and collaborate as well as compete against each other. For college, I yearn for an environment that makes me feel like I can establish a symbiotic relationship with anyone that's around me in which everyone becomes a better individual. Prior to my enlightenment of the opportunities that I had available, I was intimidated by colleges of higher education. I thought that I would have to attend a state university because I did not have enough money to afford education from a reputable school. That all changed when I went to a college fair. That day my eyes were opened to the plethora of opportunities I had available for me despite my financial hardships. My determination grew exponentially and I was able to find programs like Questbridge that could help people like me get into the schools of our dreams. My aspirations were fueled when I toured the University of Miami campus with a former alumni. I got to experience a little taste of college life and I was fascinated by it. The chance to be independent and hardworking to reach an ultimate objective became incredibly enticing to me. It made me realize that I'm ready for that life. All of my life experiences, especially my most recent ones have led me to where I am today. I've become incredibly active and focused on my work and in my community. I've always enjoyed studying and expanding my knowledge. My knowledge allows me to think in different and abstract ways and I truly enjoy being able to utilize my abilities for the betterment of myself and the people I wish to represent. Although I have learned so much already, my mind is still fresh and ready to be refined. In the end, accomplishing so much in my high school career with such limited resources has been more than gratifying. I acknowledge that my academics will only be that much harder in college, but I know my dedication is unmatched. Wherever I go I will indubitably succeed. I thrive in the midst of challenges. Wherever there's an obstacle to overcome is where I belong. I've already endured so many struggles, but it's made me vigilant and prepared for whatever my life throws at me.  "},{"index":1,"personal_essay":""}]}