{"schema":{"fields":[{"name":"index","type":"integer"},{"name":"personal_essay","type":"string"}],"primaryKey":["index"],"pandas_version":"0.20.0"},"data":[{"index":0,"personal_essay":"When in Rome: 'When in Rome, do as the Romans do': walk like them, try to talk like them, dress like them; be them to the best of your abilities. And to some extent, it does make sense. What better way to experience a different culture than by assimilating yourself into it? But the idea this creates is that we must constantly tr y to fit in with everyone else; it leaves little to no room for expressi ng any individuality. I've lived in the USA and India, two places th at are different in many ways, but two places that have had a significant influence on me. I used to take this saying quite literally. I would hide the influence of one country when living in the other: in America I would hide my Indian heritage, in India I would hide the American part of my childhood. I remember it was a never -ending game of hide and seek, having to act differently everywhere I went, summoning a different person each time. I would hide my paratha and yogurt behind my l unchbox at school in New Jersey, hoping that the rest of my lunch table wouldn't notice my outlandish meal. I would sit amongst the sandwiches and lunchables wondering why I didn't just pick a few up from C osco instead of having to eat in secrecy. After I moved to India when I was 10, I found myself doing something similar. I would sub consciously morph my accent to fit everyone else's so people would be paying attention to what I said instead of how I said it. During my first year of high school, I would try to mask the hint of American in my voice to make it sound more Indian when intr oducing myself to the class for the same reason, afraid that someone would try to imitate it. But what I've learnt as I' ve grown up is this: you shouldn't have to change who you are based on where you are. As the years went on I saw people getting all kinds of food for lunch, my Japanese friend would get sushi, my Russian friend would get Kholodets, and they would share their food with their friends without a vestige of shame or embarrassment . I saw people g oing and ordering Indian takeout and realized that culture and diversity aren't things to be humiliated by , but things sought after, and things that should be embraced, and I didn't even put my lunchbox on the table anymore. In India I grew proud of the fa ct that I came from somewhere else. The accent still set me apart, but I learnt to look at it as more positive thing than not . Whether it made presentations in class more interesting or conversations more entertaining, I wasn't sure, but I knew it was a pa rt of me just like anything else. After this revelation, I found myself rolling my eyes whenever I heard that particular phrase: 'When in Rome do as the Romans do.' 'No.', I would think to myself. 'When in Rome, do whatever you want.'"},{"index":1,"personal_essay":"How will you explore your intellectual and academic interests at the University of Pennsylvania? Please answer this question given the specific undergraduate school to which you are applying. (400-650 words) *For students applying to the coordinated dual-degree programs, please answer this question in regards to your single-degree school choice. Interest in coordinated dual-degree programs will be addressed through those program-specific essays: How many people can say their blood type doubles as their life'smotto? I used to: 'B-' translated to 'Be negative.' This wasn't exactly my motto, but I'd convinced myself that I had bad luck. It wasn't completely unjustified. I was almost always on the losing team, I misplaced things at the exact moment I needed them, and once, every single computer in my house stopped working right before I had to submit a major report. In each case, my bad luck prophecy came through. But one day, my 'terrible' fate landed me in a psychology class where I learned about the Self-fulfilling Prophecy Theory: once we make a prediction, we inadvertently ensure this prediction comes true. Could it be? Was it possible that what triggered this bad luck was my claiming to possess it in the first place? As I continued to study psychology, I experienced additional revelations: why certain smells can evoke strong memories, why we tend to blame people rather than situations. My curiosity was piqued and I slowly began to fall in love with the discipline. Since I also have a variety of other passions (the natural sciences, anthropology, history, art, and linguistics), I would happily embrace Penn's freedom and flexibility to study psychology in conjunction with these other fields. Programs such as the Critical Writing program offer courses on the efficacy of NGO's, and the renovation of art. I know I'd enjoy these courses in Anthropology and Art History. I'm also truly excited about the possibility of studying under the guidance of professors like Coren Apicella. Not only have I found her research on the Hadza hunter-gatherers intriguing, but her specialties lie in areas that distinctly match up with my interests: Biological Anthropology and Social Psychology. I aspire to be one of the few undergraduates that work at the PLEEP.When visiting Penn's campus, I discovered the Kelly Writers House\u2013 it's fascinating. As I walked through the house, I saw art and literature everywhere, on the walls, tables, shelves; I stood in awe as I noticed an old television set transformed into an aquarium. I can envision myself there, hanging out and exchanging ideas with other artists and writers. When my hand gets tired of the writing, I'd head over to Penn Masala, whom I've listened to and sung along with throughout high school. I plan to audition and hopefully become a part of their a cappella group. At Penn, I can picture myself walking up Locust Walk signing up for clubs and studying outside on College Green. I loved the sense of community: my tour guide seemed to wave to almost everyone she saw; it was obvious that she really felt a sense of belonging.With the realization that bad luck is a state of mind, not an immutable curse, I have a newfound confidence to explore things I'd have previously avoided. I dream of discovering and pursuing my passions in Penn's outstanding courses, getting selected for the Honor's Program in Psychology, having my work displayed in the Writers House, experiencing a research breakthrough and changing the face of the field I'm studying, whether abroad or on campus. As Benjamin Franklin once said: 'An investment in knowledge pays the best interest.' I want to invest all I have in the opportunities Penn offers. "}]}