{"schema":{"fields":[{"name":"index","type":"integer"},{"name":"personal_essay","type":"string"}],"primaryKey":["index"],"pandas_version":"0.20.0"},"data":[{"index":0,"personal_essay":"] \u00a1Hola chicos! \u00a1Vamos! \u00bfQue tal? \u00bfBien? Bueno chicos, primero vamos a empezar con este trabajo. \u00bfSi? \u00a1Bueno!So began my first class, in my new school, in my new country.As much as I&#39;d like to say my transition into school in Zurich was seamless, that is not the case. Having taken three years of Spanish in Seattle, I thought I knew enough, and was overconfident when I walked into class on the first day of school. A typical day of class consisted of speaking, reading, analyzing, and writing, all in Spanish. I was the only one in my &#39;beginning Spanish&#39; class who hadn&#39;t actually been speaking Spanish for as long as my three classmates. I struggled more than I ever had. I was not only just transitioning into a new Spanish class, but a new culture and all new classes, and it became extremely overwhelming.Every day, my British classmate would tease me for the way I pronounced words, or if I ever made a silly mistake. Eventually, he nicknamed me &quot;Idiota.&quot; When my teacher, Ms. Campo, asked me to describe myself in no less than fifteen sentences in Spanish, my face went bright red after attempting the task. I felt my eyes start to well up and I knew there was nothing I could do to stop my cheeks from flushing. My classmate was only seconds away from pointing at me and laughing, yet I knew that Ms. Campo would sit there and wait for me to finish, no matter how long it took. After a torturous ten minutes, filled with snickers and rude whispers, I was finally done. My heart pounding, I slowly composed myself trying not to burst into tears. It was the most uncomfortable I have ever felt. For the first time ever, I really did feel like an &quot;idiota.&quot; I just stopped speaking in class.I wasn&#39;t used to getting things wrong, especially in Spanish, but I wasn&#39;t really used to learning about and soaking in the culture either. Instead of only learning foreign words, we were cooking traditional Spanish empanadas, reading El Mundo, and watching El Orfanato. My experiences in class helped me realize that if I really wanted something, it would take some failure and some hard work, but it would definitely pay off. I learned to fully invest myself, to put my heart into a class and a subject in order to succeed. I no longer just float through a class.Having been back in Seattle for two years now, I am realizing how much this situation helped me grow. Instead of quietly sitting in the back of the classroom, I am now confident enough to present my chemistry project on Electronegativity and Electron Affinity to the entire school. Working one on one with my teacher, I can challenge his ideas and ask clarifying questions, and even share a laugh when I realize how silly my questions sound.As I leave my chemistry lab after a morning of making foam &#39;cupcakes&#39; and bright pink bouncy balls, my mind flashes back to Zurich. The credits are rolling after our favorite Spanish movie ends, and this time I understood all the words. Incre\u00edble. "},{"index":1,"personal_essay":"If I were part of the admissions committee at Redlands, I would ask the following question as part of the application: 'What is the most important thing you've learned in high school?' I would ask this question because I believe that it shows a lot about the student in very different ways. By basically asking what was the most important aspect of his or her high school experience, the admissions council can see the ways in which the student faced an obstacle, overcame that obstacle, and what he or she learned from the entire experience. If I were asked this question during the application process, I would respond by saying the most important thing I learned in high school was to not be afraid of stepping outside my comfort zone. Living in Switzerland during my 10th grade year, I was really encouraged to challenge myself on a daily basis, whether that was in school, with the Swiss-German community, or with getting amazing opportunities to travel and meet even more amazing people. I learned a lot of important lessons along the way such as being open to diversity, being accepting, and being understanding, but I never would have been able to experience those things if I didn't first learn to break out of my shell and become more confident and open up to the world around me.During my four years at Bucknell, I want to double major in neuroscience and biochemistry. I am very interested in pursuing pre-med during college, because eventually my dream is to go to med school and become a surgeon. Not only do I want to perform surgeries, I would want a lot of my time to be spent in the lab researching new cures for diseases and performing clinical trials based off my research with the hope of finding a cure for that disease. I want to be on the cutting edge of new and innovative medicine and medical techniques, so that one day I can contribute to the eradication of certain diseases. I would love to learn exactly how different chemicals react within the body, and how doctors can engineer or manufacture certain chemical compounds so that they can attack specific diseases in the body without causing damage to the healthy cells. Bucknell offers so many amazing opportunities to research with professors and intern with doctors, and I know that this school will be the best place for me to take advantage of the opportunities given, and really thrive.I believe every individual should strive to create positive social change in his or her community, and that each contribution is large enough to make a difference. An example of how I have been able to impact my community is through an internship at a low-income clinic in Seattle. Working there, I was able to gain insights into different aspects of my community. I had interned in hospitals before, but patients there were more or less the same. At the clinic however, doctors were routinely dealing with people who couldn't speak any English, and couldn't afford treatments. I intend to continue to seek out opportunities to help the underserved, both during and after my four years of college at USD."}]}