{"schema":{"fields":[{"name":"index","type":"integer"},{"name":"personal_essay","type":"string"}],"primaryKey":["index"],"pandas_version":"0.20.0"},"data":[{"index":0,"personal_essay":"] Growing up in a household comprised of a single parent and an older sibling has definitely been a major contributor to my desire to succeed in life. Following my parents' divorce, at a young age, I was forced to move into a new country, taking a giant leap forward at a time when most other kids' 'great leaps' consisted of choosing which toy they would play with that same afternoon. From that point on, my life has never been the same. We were constantly moving around from house to house until we finally found a real home. Being unfamiliar with everything -from the language to the culture- I had no sense of self. I had abandoned everything that was concrete in my life -my newly acquired childhood- for the simple promise of an American Dream.          Ever since I was a little kid, I have highly valued education because I truly believe that knowledge can lead to great things. Therefore, I have always sought to do all that I possibly can to perform well in school. This was initially a problem for me, however, as I attended three different schools within the short period of my first six months in the country. The first school only saw me for one week; the second school saw me for a semester; the third school saw me finally settling in what would become my home school from elementary all through high school. This transition from a nomadic lifestyle to a more sedentary one provided me with an idea of what my goals were, where I was going to achieve them, and how I was going to accomplish them. In a sense, it was my transition from a helpless, extinct Cro-Magnon to a Homo Sapiens with a future ahead.          There were often times when our financial situation was so surreally low, that I wondered what \u2013 if anything \u2013 we were going to eat. As a result, my mother was forced to work two and even three jobs to provide for my sister and me, which resulted in me only seeing my mother in the mornings (while she slept) when I got ready to walk to school and occasionally on the weekends (if she had the day off). Eventually growing tired of all the hardships that presented themselves one after  the other, I promised myself that one day I would be able to care for my mother, and reciprocate all the time she had spent on me, all the hardships she had endured for me, and all the sacrifices she had made for my well-being.           As for my older sister, she has always been there for me, supporting me when I have had any major athletic and academic events. She has even been there for me during times when I have felt that I had no one to talk to. However, I have never really seen her as a role model, as she breezed through her high school years not putting much effort, thinking that life would always wait for her; she ended up in community college and (though there is really nothing wrong with that) that is not the goal I have set for myself.           Many times, friends have asked 'Why? ...' Why do you try so hard? Why did you exchange your social life for school? Why do you break your back so often just to get better grades than other people? I have not once answered such questions because they undeniably deserve no response, because well... I have done so to ensure that someday I can go to college and receive a higher education. I have done so to ensure that this 'higher education' will provide me with the opportunities to obtain a job that I hope to enjoy. I have done so to ensure that when I am out 'in the real world' I can be happy with my life and with all the decisions I have made. I have done so to help others. To help my mother. To help myself. "},{"index":1,"personal_essay":"Alone is something you will feel very often. It is important to remember that you are never alone. You always have yourself. That is what I told myself on my morning jog at the park, as I prepared for my cross country competition, on a gloomy Saturday morning. Maybe it was the fact that not many people are up at five forty-five in the morning, but that day, I felt myself completely isolated from everyone. As I took a short stretch break to get some blood pumping and get my body going, I was embraced by the unbearable, cold touch of the wind. I immediately continued on my route which led only to miles and miles of emptiness.          As I proceeded through the park and its outer surroundings, thoughts began to race through my mind. How was it possible for something invisible and untouchable, as was the wind, to push me \u2013 even if at the time it was simply to escape the deadly breeze \u2013 towards my destination?  A few minutes later, I caught myself whistling; I realized that I too could produce a form of 'wind,' a form that was subtle and comforting. This was a new sensation. This was a feeling of joy that I had obtained merely from whistling to some of my favorite tunes. When I finally returned from my jog, I took a small promenade across the park to cool down. Never ceasing to perform my newly-discovered gift, I realized that more and more people were arriving at the park. It was as if I was a magic flute that had the ability to attract a crowd as soon as it was played. This time, however, was unlike other times I had been surrounded by many people. There was a small difference that I would have taken for granted any other day: feelings of loneliness and isolation no longer raced through my conscience and my mind was at ease; people smiled as they came across me and as I stumbled past them. I was no longer a simple magic flute. I was now a person capable of changing people's emotions instantly. I could either walk around doing nothing for myself and\/or for others, or I could whistle happy melodies that could make others' days just a little brighter.          Though some people had always believed that I was an altruistic person, that was not the case. I figured that when performing such actions, I was indeed expecting to receive something in return. I was desperate to feel accepted; I wanted to experience what it was like to be appreciated by others. It was then that I became aware of how powerful I was from the start. It was then that I discovered the real effect of simple actions. It was then that I learned that by forcing a few of my muscles to cooperate and synchronize in order to produce this ordinary 'wind,' I could bring myself together. Above all, however, I could bring other people together."}]}