{"schema":{"fields":[{"name":"index","type":"integer"},{"name":"personal_essay","type":"string"}],"primaryKey":["index"],"pandas_version":"0.20.0"},"data":[{"index":0,"personal_essay":"] Science, Philosophy and Policy. If anyone were to look over my activities and interests and the things I've worked on, they'd likely characterize my life so far as one thing: unfocused. And it probably is, objectively speaking, in terms of practicality, or pursuing a specific, well defined career track, or having a biography-ready story, nicely packaged and blatantly coherent. Psychologists might call it some form of attention deficit disorder, my counselor, academic distraction, and my parents, a wandering mind.The fact was, with all of my diverse endeavors and zeal to try more, my sleeping hours were continuously shrinking - yet I was unfazed and happily bounding forward. This I find rather hard to explain logically; but in the end, interests overcame fatigue and daunting tasks. While I understood that focusing in one field of study has benefits, I was not swayed completely, simply because I was dazzled by the knowledge revealed by different subjects and hooked by the excitement derived from reading numerous science journals, public policy studies, and philosophy essays. I enjoyed subjects ranging from modeling viscoelastic responses of the Earth's crust to water to ice and land mass load changes, to east-coast sea level change in past six decades, to the establishment of senescence, rather than rationality, as the true basis of worth. And above all, I loved what I learned - proving hypotheses using data diagrams and regression analysis generated with MATLAB was just as rewarding as attempting a forceful rebuttal to a full-out cross examination in a debate. Classroom materials were all very well and good, but there wasn't any need to limit myself just to those things. Why miss out on other rather extraordinary subjects?So when I studied the topic of end of life care on a school project, I first looked towards the obvious perspective: that of medical science. I carefully studied journals and pored over the numbers and data model - on trials conducted over years, in a group controlled for disease progression and risk factors. Some articles even went to quantify of the quality of life and happiness in order to establish 'scientific' measurements of the effectiveness of treatments. But I came to realize rather quickly that these numbers and facts didn't constitute the full picture. Considerations of where life derives its importance from, the will and desires of the patient and family, and the larger societal context of doctor's role and ethical responsibilities were needed. I found that real world issues were complex and limiting them to a single field of study was ineffective.Truth is, I'm rather happy with where my interests have led me. Being constrained to one worldview, or just one experience, limits what I can do. After all, I couldn't imagine how Benjamin Franklin, or Da Vinci, or Elon Musk would respond to wisdom advising them to 'get focused'- though it would probably be some form of a noise of well qualified derision. But jokes aside, the world has lots of problems waiting to be solved, improvements to be made, and dreams to be achieved, with seven billion people, many of whom live in developing countries. To make our lives better, both today and tomorrow, is a project of science, a question for philosophy, and a challenge in policy. And I intend to give my best try at it. "},{"index":1,"personal_essay":"Looking back, I think that I've spent more time than I would've liked to doing 'what needs to be done'. I've also found 'what needs to be done'- the process of grooming for college - a bit strange, because of the mentality it reflects: people start planning their lives from an early age and use every opportunity to gain advantages. Although this system has its benefits, it's made college one step in an orchestrated process - the concept of education has been almost industrialized and made mechanical. For me, simply following a predefined 'track to success' isn't something I want.The college experience to me is something special. It's about doing what I have passion for, seeking purpose, and finding the conviction and courage to pursue it. It's about exploring, occasionally getting lost, but always aspiring for something greater. I want a college environment that acknowledges the need for such growth and adeptly guides it. Columbia, and the Core Curriculum in particular, represents all these things and more to me. The Core is centered around the Great Works- important not because they offer any directly practical uses, but because they raise questions central to the human experience. The guidance and purpose that studying these timeless topics provides is crucial to making use of the means and leverage provided by research and policy. Henry D. Thoreau once said, 'Knowledge can be acquired only by a corresponding experience. Each man can interpret another's experience only by his own.' At Columbia, I will study things that last, build a foundation of curiosity, integrity, and compassion, and ensure that no matter what purpose I find in life, I'll be prepared to meet it."}]}