{"schema":{"fields":[{"name":"index","type":"integer"},{"name":"personal_essay","type":"string"}],"primaryKey":["index"],"pandas_version":"0.20.0"},"data":[{"index":0,"personal_essay":"I pull the crisp grey jacket on for the first time, admiring the way the color frames my every motion with power and class. This is a drum major uniform, meant to set me apart from the rest of the marching band as I conduct them. I practice a few gestures; a crescendo, a cutoff, enjoying the feeling of the grey fabric, reveling in the wide-eyed stares of freshmen, knowing that soon all attention will be on me as I control the music with motions of my white-gloved hands. Brimming with pride, I cannot wait to perform. Three months later, I stand in the award ceremony at the end of the band season, reeling as someone asks if my gloves are meant to be grey. They used to be white, I whisper as my heart drops into my stomach, and I turn my hands over and over, comparing them to the clean, crisp grey of my uniform jacket, criticizing the creases, the stretched and broken seams, the holes patched with tape, the worked-in brown smudges, the black grease marks, the sweat stains, the tiny drips of blood that all smear together into a tainted, disgraceful grey. But, looking closer, I realize that the hole on my thumb was ripped while unloading marimbas and drums. The brown dirt worked into the fingertips is the dirt of Littleton, Colorado, where I folded up and pinned every band member's pant legs to proper length. The black smears are grease from the props, where I perfected the angle right before the show started. The seams are stretched from helping a freshman up after he tripped. And the grey, grey dust is from the parking lot just outside this stadium, where I picked up the hundred water bottles I handed to band members - taking one for myself only after everyone else - and carried the trash half a mile to a dumpster. I am a leader, set apart in grey, but the grey of my gloves is a different grey than that of my uniform. My uniform is a flat hue purchased with donated dollars. My gloves are a patina of black, brown, white, and grey, a color bought with sweat and service. I love this stinky, sweaty grey. I have loved every second I spent earning it. The laughter shared while I fixed comically long pants, the self deprecating smile of the clumsy freshman (and the relief in his eyes when we laughed it off together), the grateful nods of band members when I handed them a water bottle: I would not sacrifice a moment to have a pair of clean gloves. A thousand tiny moments of my season, of my community, of my band family, of my love, of my life, are woven into the very fabric on my hands.I have grown into the uniform and the position as it has molded to me. Though I do enjoy the showmanship that comes with my position, I love to see my band strive and succeed, and I am most grateful for the chance to help them in any way that I can. My leadership is not about the attention I receive; it is about the passion in the performance, the devotion to the art, the fervent humanity of the people. To lead is to give, so I give everything that I can to them. In the final award ceremony, our band is called, and I step forward and salute the stadium. I do not salute because I am proud of what I have done; I salute for my friends, for my band, for the hard work and dedication they have poured forth. And I salute with grey-gloved fingertips.  'I thought you were just white,' my classmate declares when I show him a picture of my family: white father, Chinese mother, and two children somewhere in the racial middle. And yet a few weeks later, the same classmate derides the A on my geometry test, 'It's only because you're \\\u2018Asian,'' he hisses as he flips his paper over to hide his grade and his racism. I have been assigned two mutually exclusive stereotypes: I am a collector of stereotypes, and I must exist within these contradictory roles. I am not 'just white,' but it certainly seems that way. Born in America, I've known only the white suburbs of Ann Arbor and Denver. When people look at me, the first thing they see is the paleness of my skin. And I ache. I am half white American, half Chinese, but the world wishes only to see my whiteness. In particular, I struggle with the word 'just.' My whiteness is not untrue; in culture and in color I am quite white. But I look at my Chinese mother, smell the rice porridge permeating the walls of our home, and know that this cannot be my whole truth. I have come to realize that my Asian heritage, while bestowed upon me freely, cannot be realized without my effort. I choose Chinese over Latin despite everyone's advice, I search my reflection for the hints of Chinese in my face, finding solace in my low nose and almost-monolids, I write my middle name over and over until I find beauty in its curves and sharp corners, until \u4f69\u5a77 stops meaning a collection of Chinese sounds and starts meaning me. I make an effort to protect that part of myself, the part of me that would be smudged away by those who see 'just white,' because now I cannot afford to lose that part of my identity. Now, I do more than simply exist in an awkward halfness: I love the beauty of being mixed. I revel in about how my Asian mother made me take off my shoes off but my dad couldn't care less, or how the Asian side of the family always made the best food except on Thanksgiving (on Thanksgiving I want American turkey). Each element of my existence is incomplete without the other, so the dichotomy is essential to my identity. Since I have come to accept my own complex place in society, I want to share that with others. Everyone, no matter their racial background, has had the experience of not quite belonging to one group or another, so I want to build a community that recognizes the complicated nature of identity, racial and otherwise. And I want this community to do more than recognize it: I want to celebrate the complexity of an interconnected society that begets an uncompartmentalizable identity. For as I have learned that nuance makes identity valuable and unique, I have learned that being half makes me whole."},{"index":1,"personal_essay":""}]}