{"schema":{"fields":[{"name":"index","type":"integer"},{"name":"personal_essay","type":"string"}],"primaryKey":["index"],"pandas_version":"0.20.0"},"data":[{"index":0,"personal_essay":"] Mentors have had a powerful influence over me ever since I was young. My granddad acted as my first mentor, exposing me to a world of ham radios, trinkets, Rubik's Cubes and creativity. Little did I know that when he died, I had lost the best mentor I would ever have. My grandfather's creative projects instilled me with a desire to learn by utilizing learning opportunities and what others taught me to design and create my own learning projects.My expertise with designing was limited at first, but my knowledge with carnivorous plants introduced me to the world of designing plant hybrids. A local orchid grower had taught me how to grow Venus flytraps, and later taught me how to hybridize these exotic species. I decided that I should try and create my own carnivorous plant hybrid, which was much harder than I had anticipated. Over a period of five years, I struggled to create a hybrid that was a superb design between two plant varieties. The first spring, a rabbit ate the flower stalk. After all measures had been made to protect against rabbits, a bug ate the flower stalk the following spring. At first I feared the unknown, not knowing what challenge or failure I'd encounter next.  But soon the unknown began to excite me. Each failure taught me something new and opened up an unexplored opportunity to try again. My success with creating the hybrid inspired me to create even more hybrids with people around the world. I exchanged pollen with a grower in Colorado, and together we created one of the first hybrids with Nepenthes Rajah, a carnivorous plant capable of consuming rats. Five years of learning had paid off and opened a world full of opportunities.I had learned a lot about carnivorous plants, yet I still desired to learn more about engineering. An engineer was visiting my local town to test out his new drone design. 'Let's face it, the first time you fly one of these things, you'll crash,' the engineer told me as he showed me the various components of his drone. I knew from my experiences with carnivorous plants that he was right. Only a few months later, I had designed and built a larger version of the engineer's drone. I would often find myself with the drone in one hand and the controller in the other, knowing that the drone would inevitably crash but that I'd have to learn somehow. Over time, I experienced less crashes and stabler flights. Maneuvering the wind currents became easy, and unexpected thermal vents no longer frightened me \u2013 they actually made drone-flying fun. My new knowledge with designing and flying drones had me asking myself, 'How could I design a drone that could benefit the world and save lives?' With this in mind, I decided to build a drone that would film and chase wild fires. The engines would need to rotate so that the drone could catch up to a part of the forest fire and slow down to a hover to capture aerial footage of the flames. Various mentors on the school's FIRST Robotics Team taught me how to design objects on a computer, create gearboxes, and make objects with a 3D Printer. With the knowledge I had learned, I set out to design a 3D printed gearbox system that would rotate the engines. I finished the new drone design, and took it out into the field to test it. As I turned the drone on, the engines activated and the plane began to hover. I didn't hesitate when I grabbed the controller. All of my designing experiences had taught me that knowledge is a gift that comes in the form of mentors, lessons, and opportunities. This time, a new opportunity is hovering right in front of me, waiting to pursue new and unexplored boundaries. I am ready to take the controls. "},{"index":1,"personal_essay":"          Ever since I was ten, I have had a passion for creating hybrids between different species of carnivorous plants. At first, I was intrigued by the diversity of carnivorous plants. Nepenthes Attenboroughii refused to produce any leaves unless I watered it with coffee to increase the soil acidity. Drosera Regia only flowered if I fed it rat feces. Each plant had something new to teach me, and creating hybrids with these mysterious plants gave me a profound curiosity for learning new things.           Creating carnivorous plant hybrids was more difficult than I anticipated. Each spring, when the plants flowered, I encountered a new problem. One year, a rabbit ate the flowers while a bug ate the flowers the following year. I found a joy in finding creative solutions to these complex problems. A pest-proof enclosure that I designed kept the plants safe from both bugs and rabbits. After five years of trial and error, I created my own carnivorous plant hybrid. I utilized my hybrid knowledge with a grower in Colorado, and together we created one of the first hybrids with Nepenthes Rajah, a carnivorous plant capable of consuming rats. Collaborating with these different growers around the world allowed me to learn even more. I discovered a love for learning and the profound importance of learning opportunities, realizing that the world has so much to teach us; all we need to do is open our eyes and look for it.            I looked anxiously at the engineer as he examined my design papers. 'This is beyond my level of knowledge. You should build something similar and more common, like a quadcopter. The internet is full of instructions to build those.' I was designing a UAV drone with two engines that rotate on x-y axis gimbals to provide for unrestricted 3D aerial motion, for I had never found interest in prepackaged kits with a list of contents and instructions to follow. The best part designing something myself was asking questions like, 'How should I design the axis gimbal to conserve space?'          An engineer had taught me about various gear systems utilized on the space station. Suddenly, I realized that I could use a miter gearbox. It was exciting to see knowledge come to life before my eyes. Problems continued to arise with my gearbox design, but I was eager to find a solution. 'There needs to be a bearing here to prevent friction,' I said to myself as I examined my first prototype gearbox. After a series of trials and errors, I developed a gearbox that solved all of the problems I had encountered and learned from.The gearbox made me realize why I have always disliked instruction manuals. Instruction manuals provided me with answers, but I desire questions. I don't want to analyze and memorize someone else's solutions, even if it always contains the best answers. I want to be inventive, learn from my mistakes, and develop solutions of my own.Dear future roommate,Are you a creative writer? Or maybe you're a programmer. I am neither, yet I am vitally interested in learning from all sorts of people. I may ask you about your classes and hobbies quite often, for I love learning about innovative things and teaching people what I've learned. I try and expand my knowledge every chance I get, and I enjoy bouncing my ideas off of others. You may be intrigued to know that I collect carnivorous plants and grow about 100 species. If you want, I can show you how to cure a stomachache with the pitcher fluids of Nepenthes Lowii. Or, I could show you how to feed rats to my Nepenthes Rajah! Don't worry, I'm just kidding. My small Nepenthes Rajah can only catch flies, although they are known for consuming rats in the wild. During the night, after all my plants are watered and fed, you'll find that I'm an avid astronomer who stays up late to see the Pleiades star cluster, but complains when cloudy skies block a lunar eclipse. If the timing is right, I can show you how to take a picture of a rare Mercurian eclipse. I can also teach you the art of designing a dual-axis gimbal and how to build an awesome desktop CNC machine. But moreover, I can be there as your friend, who is not perfect by any means, but is always willing to offer a helping hand. "}]}