{"schema":{"fields":[{"name":"index","type":"integer"},{"name":"personal_essay","type":"string"}],"primaryKey":["index"],"pandas_version":"0.20.0"},"data":[{"index":0,"personal_essay":""},{"index":1,"personal_essay":" I started drinking coffee as part of my evening routine at the age of seven. Everyday at 6:30pm, a cup of coffee with cold milk accompanied my grandmother, my sister, and I during dinner. In Honduras, coffee is a form of expression that is introduced at a young age. Each type of coffee carries its own significance and is associated with different situations.  Caf\u00e9 negro is for rushed mornings, late nights, and rainy days, when the sound of coffee brewing is identical to the sound of rain. Caf\u00e9 con leche is for the evenings, Sunday mornings, and social gatherings, when conversation and laughter in between sips will cause the coffee to be cold by the time you finish drinking it. Cappuccinos and lattes are for special occasions, celebrations, or to just treat yourself on a regular day. Cortaditos are for tiring, endless days, particularly those in the middle of the week.  Up until the age of ten, I did not really understand the culture behind coffee; to me, there was no difference between drinking coffee or drinking water, fruit juice, or any other beverage. I continued drinking coffee as part of my daily routine when I moved to the United States. Though my life was transitioning into this new lifestyle, coffee was one of the few consistencies during the process. Consequently, I realized that coffee is an asset that adds both value and liveliness to my life.  With each cup of coffee, I celebrate the positive things. As I drink Honduran coffee, I am reminded of the richness, beauty, and culture my native country has to offer beyond the high violence and crime rates. Likewise, I am reminded to portray the richness, knowledge, and passions I possess. With each cup of coffee, I also celebrate my family. After moving to the United States, 5pm Sunday coffee became our own method of connection. Busy work schedules limit the amount of time my family spends together, so Sunday coffee is used for us to reflect on the past week and describe what we look forward to the next week. More importantly, the culture of coffee allows me to witness the power of communication and discussion. In my family, coffee is not the \\\u2018goodbye' at parties; in fact, it is the start of an insightful conversation. Even the casual family Sunday conversations over a cup of coffee spark intellectual discussions of personal and global issues. As I sit with my family linking personal stories with worldwide phenomenons, I have enhanced my intellectual knowledge and gained a global perspective when it comes to interpretation. I don't drink coffee to stay awake; I drink coffee to stay mentally alert of my surroundings. Coffee allows me to integrate myself into family relations, Hispanic culture, and society in general. As I carry my traveler mug, I drink coffee as a method of reflection. Stopping to take a sip of coffee allows me to take snapshots of specific details of my daily life; details which I would otherwise overlook if it was not for my brief pause. Though the majority of individuals drink coffee for energy from the caffeine, I drink coffee to slow down, take a break, and appreciate a particular moment.On the first Saturday of the Science Honors Program, my best-friend and I explored the Hungarian Pastry Shop on Amsterdam Avenue. As we rambled on about the experiences in our respective classes, we lost track of time until 2pm. The next bus home was at 2:30. Taking subway 1 to 42nd street takes around thirty minutes on Saturday afternoons, since the subway is crowded and traffic delays cause the train to stop frequently. The walk from Times Square Station to Port Authority takes another five minutes when the streets are crowded with tourists. Buying the bus tickets adds another three minutes. Of course, we knew we wouldn't make the 2:30 bus; but we still ran to subway 1, Port Authority, and even to the ticket window and gate 234. We arrived at the waiting area at 2:33, just to see the bus leaving the station. Conducting research is like constantly running to catch the bus; you feel the rush as you perform experiments with current theories against your proposals. But you try anyways. During the introductory lecture of the SHP nanotechnology course, Ms. Li-our PhD student instructor- described research as pushing the boundary of human knowledge on a focused area. As we derived Schrodinger equation during class, I realized Columbia will expand my academic knowledge. But as I ran to the bus, I realized Columbia will teach me values beyond academics. At Columbia, I value the learning culture fostered through the intellectual practices integrated into the curriculum. The tranquility of Morningside campus will enhance my analytical skills, while the rush of the city will push my limits both inside and outside the classroom. Through challenges in areas specific to my research and in real-world situations, I will be prepared for all types of opportunities.For the past four years, I have spent five minutes of my business courses looking through the front page of Bloomberg. The objective is to identify what is on the market's mind and how that translates to daily life. Lessons begin with a brief discussion of conclusions the class gathered.The key to this exercise is contextualizing to understand market psychology. Different economic indicators yield different conclusions, but some have larger impacts than others. The difficulty is not in selecting indicators, but rather in weighing factors from investors' perspective. I value these discussions because of the global perspective I developed. The interpretation skills I formed shifted my perceptions of non-business related subjects. I see technology and relate it to its impact in different countries depending on each country's position in the economic cycle. I see scientific advancements and consider ethical perspectives around the world. As I research disruptive applications of zinc-oxide nanostructures, I consider the common person who knows nothing about nanoparticles. What conclusions are necessary for the public to trust and accept nanoparticle innovation? More importantly, I translated my analysis to interactions with friends and family. In economics, all indicators are analyzed, but the focus is on the most impactful ones. Similarly, I learned to focus my interactions on emotions and the tonality that dominates communications with others. We cannot change bearish indicators in the economy nor the negatives in someone's life; however, we must formulate our interactions around the negatives and avoid attitudes of complaint that impede growth.My Favorite CoffeesI wake up every weekday with a large cup of caf\u00e9 negro. Though caf\u00e9 negro is not my favorite, rushed mornings, late nights and rainy days are not complete without it. I wake up every weekend with caf\u00e9 con leche and marble pound cake. Though most are exquisite, no Hispanic social gathering is complete without terrible caf\u00e9 con leche paired with conversation and laughter between sips that will cause the coffee to be cold by the time you finish drinking it. Cappuccinos and lattes are for special occasions, celebrations, or to just treat yourself on a regular day. That is, of course, if you enjoy sugary foam more than actual espresso.Decaf coffee is not real coffee, so I will skip that one. Frappuccinos are not replacements for daily coffee, but they are nice treats on summer days. They are also good treats during college interviews at Starbucks, even if you have to drink small sips to hope it will last until the end of the interview. And of course, the famous cortaditos; the coffee for tiring, endless days in the middle of the week. No college essay is complete without a strong cortadito on the side. "}]}