{"schema":{"fields":[{"name":"index","type":"integer"},{"name":"personal_essay","type":"string"}],"primaryKey":["index"],"pandas_version":"0.20.0"},"data":[{"index":0,"personal_essay":"] Change is my middle name. Figuratively, that is. My parents divorced when I was very young. Understandably, I couldn't choose between living with either of them. So since kindergarten, I have attended nine different schools, trading off between living with each parent every year. Yet, the largest transition in my life came when my mom remarried and moved us to Washington two days before my fifth grade graduation. I had been used to starting new schools, but this was different. I felt vulnerable and isolated in this unfamiliar place. My dad could no longer stop by unannounced to take me out for ice cream. My grandma, who I used to visit nearly every weekend, would now only be seen on holidays. Even the weather was different; the constant rain was a far cry from the Southern Californian sunshine. It was emotionally draining to switch between attending schools in California and Washington every year. I remember the envy that I felt as I watched my best friend's parents attend our middle school's winter concert. By the time I reached high school, I decided to stay in California with my father and attend one high school. I did not foresee, however, the strain that my permanent move would put on my relationship with my mother. I would often go months without seeing my mom. I felt guilty if I did not call daily because I was afraid of losing some irretrievable part of her. When we did visit each other, my mom was often preoccupied because she needed to assist my little brother, Jayden, who has Down Syndrome. I loathed airports because being in a plane meant that I was leaving someone I loved behind. There were times when I needed to motivate myself to get through the day because I just felt so exhausted.Through this adversity, I have developed into a stronger individual, although much of my success is attributed to the support of my family during this tumultuous period. My resilient nature forced me to continue in pursuit of the things that make me happy, despite the emotional burden of the separation from my mom. I found my niche in my Chamber Singers Choir, allowing myself to achieve harmony in both my music and my mind. I also created a club to help other children with disabilities like Jayden. I made amends with my former enemy: the airport. Being in an airport still evokes strong memories of parting from my mother, but I have learned to view it as a place of new beginnings. Moving had been hard when I was young, but I eventually grew stronger. I found a way to make my unique situation work for me. After school, I often called my mom to tell her about my rambunctious puppy or any upcoming tests. I visited my mom every summer, which led to grumbling from my friends, who wanted to spend our summer days on the beach. But they understood that summer was my opportunity to make up for lost time with my mother during the school year.Looking back, I am happy with the decision I made, but I also appreciate my previous nomadic lifestyle. I often longed to see my mom, but had she not moved, I may not have developed my strong sense of independence and adaptability. Yet through all of this, I have learned that these adversities don't define me. I am defined by the strength, confidence, and independence that I have developed despite the difficulties that I have experienced along the way. Change is an inevitable truth in every person's life, and it is the way that stress is dealt with that shows true character. Although I come from a 'broken family,' I am not broken. I have learned to ride the wave of change, without letting it compromise my goals. "},{"index":1,"personal_essay":"Dear Roommate,I am so excited to be spending my first year with you. I really wanted to give you a chance to get to know me better before moving in together, so I thought I would send you a quick email about myself. I absolutely love getting to know new people so be prepared for me to bombard you with questions upon our first encounter. My most important characteristics have to do with my heritage and my personality.Overall, I would say that my mixed heritage has helped me to have a more cosmopolitan approach to life. My mother is African-American and my father is Spanish, but I am also mixed with Irish, English, and Native American. This aggregate of ethnicities has certainly produced my unique appearance: tan skin, abundant freckles, and curly hair. It has also influenced my own views on culture and tradition. When I visit the Spanish side of my family on Thanksgiving, I can guarantee that there will be beans, tortillas, and chile for dinner. Yet, if I visit the African- American side, I know that there will be collard greens, turkey, and macaroni & cheese. I am very open to trying unfamiliar cuisines; my favorite odd food is escargot. I have plans for traveling around the world, especially to Spain, France, Italy, Thailand, and the Galapagos Islands; I am especially looking forward to taking advantage of Harvard's study abroad programs. I truly believe that growing up in such an integrated environment has caused me to have a more global perspective and to gain an interest in international relations. I am interested in taking courses here in history, international relations, and political science. Needless to say, CNN is my favorite app on my phone. In short, the world, its various societies, its international conflicts, and its rich history interest me.As for my personality, I am driven, artistic, talkative, curious, and reflective. When I set a goal, I stick to it. I feel at my best when I am expressing myself in some branch of the performing arts. I have a passion for singing and acting from a wide range of genres, but I will also dance my heart out...as long as no one is looking. I will admit, people often tell me that I talk a lot! But it's only because there are so many things I am passionate about. You may be worried about the constant noise pollution of my singing and talking, but I promise that I will buy you a cute set of earplugs. I also find myself questioning everything, from law to gender roles. I have such an inquisitive nature and I truly seek to quench my thirst for knowledge here at Harvard. Another thing that goes along with my curiosity is my interest in animals and insects; I have a puppy, two cats, and many lizards at home. I have a wide variety of interests so I am eager to gain fulfillment through Harvard's academic and extracurricular programs.I hope that this letter has helped you to gain a better understanding of myself and my values. I cannot wait until move-in day at Harvard!Your new friend, Danielle RoybalMy French teacher tremendously impacted my life before he unexpectedly left this world. Known for his unrelenting smile and love for cats, Mr. Gurule was someone who truly cared about the lives of his students. Although it hurts to remember him, I am so glad to have been one of his students because he continues to influence me today.I remember when I first met Mr. Gurule at the end of my freshman year because I was scared out of my mind. My friends told me that only malice hid behind his grin; for a moment, I thought I would be better off taking Spanish. Yet, when I met him, he was inviting and warm. I only found it a bit odd that he had cats everywhere in his classroom. Not real cats, of course, but stuffed animals, posters, and paintings of just cats! Regardless, Mr. Gurule was a tremendous help as he allowed me to enter directly into French II since I had already taken basic French classes at my elementary school.As I took French II my sophomore year, I began to understand what my friends had warned me about. The classroom setting was very strict. Mr. Gurule would lock the door at the beginning of each class so that late students could not enter until ten minutes after class. No one was allowed to move the desks even an inch. And under no circumstances could anyone touch the cats. As tiresome as this could get at times, I was able to look past it because I truly loved Mr. Gurule's dynamic teaching style. Sometimes, he would even sit down with us and share his experiences as a mischievous child in Canada. I surprised myself with how quickly I was improving at learning French. I did not hesitate to sign up for French III the next year.On the first day of my junior year, everyone noticed Mr. Gurule's dramatic weight loss. Of course, we knew that he lived a very active lifestyle, but he didn't seem to have gained any muscle. There were dark shadows under his cheekbones, which protruded sharply from his face. He often sat down while teaching, which was odd because he was normally so energetic that he would jog around the room while lecturing. He would only come to school about three times per week. Rumors began to spread around the class that Mr. Gurule had cancer, but I knew better. Mr. Gurule was too healthy to have cancer. He was also too young. Didn't cancer mostly happen to older people? One day, though, my principal came to our class and handed us letters from Mr. Gurule. He really did have cancer, and it had spread throughout his body. But his letter was reassuring; he promised that he planned to fully recover and return to teach the following month. At the end of the letter, he wrote, 'Le grand chat est le centre de l'univers.' The big cat is the center of the universe. I laughed when I read that and figured that if he had enough humor to write about cats, then he would be fine. Mr. Gurule died the next week. The feeling was surreal; I felt like my whole world was braking to a complete stop. I tried to just suppress my feelings, to act as if Mr. Gurule was still on sick leave. None of the French teachers that we had during the next few months came even close to Mr. Gurule. I felt horrible for not showing my appreciation to Gurule while he was alive.But now that it has been a year, I am much more able to reflect on that time of my life. Mr. Gurule's passion for the French language and culture has taken root in me; I am in my fourth year of French and am planning to study abroad in France in college. Mr. Gurule was so strong, even at the end of his life. It is so easy to have a negative attitude when I am going through trials, but thinking of Gurule's endless optimism has helped to change my outlook on life. Sometimes, it is impossible to change my circumstances, but I can change the way I look at them. I know that I still have room for growth, but I want to be known as a fighter, just like him. I want to be able to go through hard times in life with a smile on my face. Lastly, I have learned to show thanks. Life is just too short to postpone showing gratitude. I make it a point to tell my teachers, family, and friends that I care. Mr. Gurule is a true hero, who will live on forever in my heart."}]}