{"schema":{"fields":[{"name":"index","type":"integer"},{"name":"personal_essay","type":"string"}],"primaryKey":["index"],"pandas_version":"0.20.0"},"data":[{"index":0,"personal_essay":"The sun beats down on the trailer as it inches along. Sweat drips down my neck. My wrists feel like rubber, my throat like parchment. And yet, my focus is elsewhere.My right hand glides across the keys while the left keeps time to the pounding of the kick drum. I grope blindly with my foot for the damper pedal, which manages to slide away every time we hit a bump. I knew I should have taped it down last night, I scold myself. Duct tape may not fix everything, but it sure could improve my pedal work. It doesn't help that the entire 8-by-10-foot trailer is trembling to Meghan's drumbeat (I'm still not sure how we fit a drum kit, keyboards, speakers, and four musicians on that trailer).As we approach the end of our set, I scan the festive audience. It's not your typical rock crowd. Imagine 32,000 suburbanites sprinkled, red-white-and-blue, along a two-mile stretch of road. But I have to return my concentration to the finale of an original called 'Toxic.' Our set has built up to this moment, when my band must impeccably align the song's final chords.E minor. Crash! G major. Crash! D diminished. We nail the final hit, and a chorus of 'whoops' erupts from the crowd.Before I can feel relief, though, a wave of nervousness consumes me. Our repertoire is exhausted, yet at least a quarter mile remains in the parade, and the caravan of floats in front of us is at a standstill. 'What do we do now?' I look anxiously at Adam, our guitarist. Even thirteen years of playing Chopin and Joplin and Liszt can't prepare you for the moment you're standing in front of thousands of spectators and are out of songs.I distinctly remember feeling the same pit in my stomach on the release day of my second mobile game, Duskfall. I had labored for months designing, programming, crafting graphics, and composing music. I had negotiated with seven game publishers before one finally responded 'yes.'But then, just four hours before release time, my publisher Skyped with urgent news: many of the game's files had been accidentally deleted from the latest version. I scrambled to reassemble the lost files, relying on my intuition and experience to recreate artwork and reprogram features. I finished the last graphic with twenty minutes left and uploaded the new version in time for Duskfall to be featured on the App Store across the world, from Germany to Ghana. I actually improved the game in those last hours\u2014cleaner graphics, more efficient code\u2014when I was forced to improvise under pressure.With these thoughts, I realize my band has prepared for this panicked moment. Every time we jammed to warm up or ad libbed a solo, we were preparing for this moment. Fortified, I turn to my bandmates. 'Let's wing it!' I shout. 'Improvise in A.'I hear the drum sticks calling out 'one-two-three-four,' and we dive in, with guitar, keyboard, bass, and drums all responding to each other like good friends. Our instruments are more in sync than ever, and we manage to end the improvisation on the exact same beat, without even glancing at each other.Improvisation is sometimes necessary to overcome a challenge, and once in a while, that spontaneity produces surprising innovation. As I learned, although improvisation can't be planned for, it can be prepared for\u2014whether by practicing an instrument or honing programming skills\u2014and relied on to handle an unexpected obstacle. In college, I plan to study computer science or applied math, as well as music. As I combine my artistic and technical interests in new ways, as I have done through game development, I will continue to value improvisation, and the power of a little duct tape.Only two weeks remained, and it hadn't even moved.I'll be honest: we were a rookie team; we had no idea what we were doing. As lead programmer, I had taught myself Java and written the code that would make our robot operate. But I had a problem: when I ran my code on the robot, an error message appeared. The chassis remained lifeless.Solving computer bugs can be tedious. But to me, there is something enticing about them, and the more stubborn the bug, the better. After attempting increasingly convoluted fixes for three weeks, however, I still hadn't found a solution. One day, a mentor advised me to think simpler, a counterintuitive idea at the time. That insight pointed me toward the obvious-in-hindsight answer: I had to turn off my laptop's Wi-Fi for the USB connection to work.That a mistake so simple can cause such a frustrating bug shows that the devil really is in the details. While developing my video game FlyFall, a bug causing the player to die spontaneously puzzled me for a week. The solution? Discovering a deleted quotation mark.After finally getting our robot driving, our mechanical lead, David, a good friend and a genius robot designer, congratulated me and motioned me to where he was welding a metal box designed to collect and score game pieces. 'What do you think?' David inquired. 'Other teams may laugh at how basic it is,' I chuckled. 'But it might just work.'A week later at our inaugural competition, I was about to receive a definitive answer to David's question. Everything was grander than I had imagined: the field was enormous; there were dozens of teams; and all those other robots\u2014they were works of art, each replete with painted metal, intricate logos, and more motors and pneumatic pistons than I could count. Envious of the complexity of our rival robots, I prepared for the worst: if we manage to win one or two matches out of twelve, we'll call it a success.But after our first match, I glanced upward at the scoreboard. Somehow, we had emerged victorious. Throughout the competition, we kept on winning, and I began to realize that our robot's success was not in spite of its simplicity, but because of it. When other robots malfunctioned, ours persisted unfazed. As computer bugs disrupted other robots, my no-frills codebase never produced an error. While other drivers struggled to control their numerous mechanisms, we could focus on deftly maneuvering around obstacles. And because our bot was so lightweight, it was the speediest machine on the field. These advantages propelled us to the championship in our first-ever competition.In the next competition, a second-place seed and several awards advanced us to the State Championship, a feat nobody expected. Even more stunning, our team qualified for the World Championship in Houston, a rare achievement for any team, much less a rookie. Just as the solution to a computer bug is often the simplest, my team's simple yet effective robot was a force to be reckoned with.There is a reason that mathematics pursues the shortest proof possible, that philosophy endeavors to explain our existence at the most fundamental level, and that efficient computer code is prized. In today's complex world, a seemingly simple idea can have transformative impact; at the same time, a few minute errors can compound into vast problems. As our surprisingly successful rookie season taught me, designing systems with simplicity in mind is essential to prevent such snowball effects, a lesson I will carry forward into college and career. When addressing complex challenges, it is often better to just think simpler."},{"index":1,"personal_essay":"Science fiction writers have fantasized about artificial intelligence (AI) for decades. But in the coming years, advanced AI will become a reality.I first learned about the capabilities of AI through robotics. As my team's lead programmer, I'm responsible for programming our robot's autonomous mode, which employs basic AI techniques like state machines. At the World Championship in Houston, I talked with with other programmers, learning that the key to more precise autonomous control is computer vision, a type of AI.I took an online AI course, which covered everything from computer vision to Google search. At my internship at GTRI this past summer, I sought to put some of what I had learned into action. My research project centered around AI planning systems, which have the ability to dynamically create a plan to reach a given goal. And this past semester, I've collaborated with a friend on a machine learning-powered election predictions project, demonstrating how AI can be used in service of critical social goals such as increasing voter engagement.I recently read Max Tegmark's Life 3.0, which outlines AI's implications for humanity's long-term future. AI is the key to expanding life beyond our solar system, but it could also be the harbinger of our extinction. AI excites me not only because of its potential to make our lives immeasurably better, but also because of the importance of interdisciplinary collaboration to ensure that AI doesn't threaten humanity's core values, or even its very existence.Reflect on an idea or experience that makes you genuinely excited about learning.I slung my acoustic guitar over my shoulder, donned a green bandana (my dorm hall's signature headgear), and headed out the door with my roommate Colby. When we arrived at the other side of Berry College, students were already clustered to watch the sunset. I was simply there to add the flavor of music to the already-strawberry sky. I pulled out my guitar, began strumming a song, and Colby\u2014a gifted vocalist\u2014carried the melody. Other students quickly joined in.Although I was studying mathematics at the Governor's Honors Program, playing music at sunset felt like the real reason I was here. Everything about that experience\u2014the creative and intelligent friends around me swaying to the beat, the warm summer breeze, the family of deer peering out from behind a tree, and of course, the music flowing from my guitar\u2014made me relaxed, and happy.Perhaps that's why I've fallen in love with the instrument. Over the past three years, I've taught myself chords, scales, and entire songs through internet videos and trial and error. Though I've played piano for more than thirteen years, learning guitar has unlocked a new dimension of music. I can now compose both guitar and piano parts when songwriting, and I have a better understanding of how the instruments in my rock band interact (also, guitars are a whole lot more portable than pianos). I plan to continue developing my skills and using guitar to bring people together through something I love: music.Tell us about something that is meaningful to you and why.I nervously opened the door and immediately felt the stares of the students. I was volunteering as a teaching assistant in an ESOL Algebra class, and this was the first class.I have been tutoring math and other subjects since ninth grade. The summer after freshman year, several friends and I started a tutoring business to promote our tutoring services and offer summer group math review classes. During junior year, I realized that our services were not reaching a huge group of underserved students who needed our support the most, yet probably could not afford paid tutoring. I emailed our school's ESOL math teacher, and we arranged to help twice a week.At our first class, my nervousness was quickly wiped away as soon as I began talking with a student named Luis. Like most of the students in the class, Luis had recently emigrated from Latin America and was just learning to speak English. Through a mix of Spanish I have been studying in school and basic English, I learned about Luis's story of moving from Mexico and discovered our shared interests, like sports,while at the same time teaching him how to factor mathematical expressions. It became clear that I had much more in common with Luis\u2014and the entire class\u2014than I initially expected.Three semesters later, I have new friends and my Spanish is much improved. Working with these students has shown me that by helping others, both they and I can gain something valuable.Briefly elaborate on one of your extracurricular activities or work experiences that was particularly meaningful to you"}]}