{"schema":{"fields":[{"name":"index","type":"integer"},{"name":"personal_essay","type":"string"}],"primaryKey":["index"],"pandas_version":"0.20.0"},"data":[{"index":0,"personal_essay":"] 'Reflect on a time when you challenged a belief or idea'To draw a flower, as is taught conventionally, one must first outline the shape. Then, color is added to the developing sketch. Dimension is created by shading and highlighting, finally giving the creation form. This process will allow one to craft a completely lifelike, entirely lifeless flower.I can still vividly recall watching a series of video interviews of Georgia O'Keeffe in my beginning art class. She spoke of how she had shapes in her mind, these inner feelings that were so natural and powerful that they took on a parallel visual form. They were fleeting, yet entirely personal glimpses into the inner workings of her mind. Through art, she could see them with clarity.In the beginning of my artistic career, I struggled to understand what O'Keeffe meant. The art that surrounded me was championed for its realism and detail, not its message or expressiveness. Art, as it seemed at the time, was merely a thoughtless competition to mirror reality. I cringe to admit it now, but Picasso's famous cubism or Matisse's vibrant paper cuts simply didn't make sense to me in the terms of my realism-programmed mind. O'Keeffe spoke of a similar struggle in her interview, remembering her college years where she dreaded recreating yet another stale, realistic still life of fruit or a vase of flowers, which would ironically become her most recognizable subjects. She eventually decided to reject conventional teachings and paint using the impressions that swirled around in her head to enhance reality. Her method seemed to contradict everything I had learned; she saw as much with her mind as she did with her eyes.Inspired, I attempted a similar process. Instead of just painting a reference from a picture, I began my artistic procedure with reflection. Thinking with no bounds was liberating. I entered every one of my consequent pieces with a clear intention. Every stroke and line was fueled with a sense of purpose; instead of working towards reality, I strove to materialize an abstract concept. The art that I made continued to grow, as I delved deeply into my thoughts and gained more knowledge. Soon, my subjects were concerned with the psychological exploration of the personality, or the historic states of human condition, topics that I would have once never imagined could reach into the realm of art. Although it seems quite obvious in retrospect, gaining the ability to incorporate ideas and emotions into my art was one of my most meaningful accomplishments. It became the step that advanced my hobby into a legitimate passion, one that I could explore with the quality and depth of any academic pursuit I had ever undertaken. Now, I could connect my passion for learning and ideas with the expression and beauty of art. By using insight as augmentation to my senses, the world bloomed before me with the intense vitality and color of an O'Keeffe flower. O'Keefe's words inspired me to develop my own artistic voice, one that now proudly demonstrates my beliefs and ideas. Some suggest that literature says a few things with a lot, but art speaks volumes with very little. While one of my previous pieces could only reflect the obviousness of reality, today, it can speak eloquently on the nature of who I am.That, is how I learned to draw a flower. "},{"index":1,"personal_essay":"Our family dining table is made out of two massive slabs of pecan. Its smooth, marbled surface is already beginning to hold the scars of coffee rings and wine stains, to the perpetual frustration of my mother. What was once a tree's most inner workings are now cut open and exposed to the lives of my family, continuously accumulating new markings and characteristics with time. Like tracking the life of a tree by counting the rings around its center, we can track its afterlife through the daily inconsistencies that we create upon it.  The exact makings of this table appear to be nothing but minute aesthetic details if one did not understand them in the context of my life. The pecan that holds our dinners and nests our early morning cups of coffee is the same leafy giant under which I sat in the shade as a child. Its branches separated the smoke that billowed from our windows when our house caught fire, and it remained as a watchful sentinel over the resulting rubble.  It was suitable then, that when the tree had to fall to make room for the house that we built in its place, we reincarnate it. Now it serves as the characteristic epicenter of family life, at which we convene daily to discuss triumphs and shortcomings over our plates.  Some could argue that this tree was a symbol of our tragedy, merely a reminder of the home and belongings that we couldn't save while it remained unscathed. Most would have no trouble cutting it down and disposing of it. Yet, when the tree fell, my family chose to use it.  The great strength of my family comes from their ability to derive beauty from hardship. When I look at the table that my mother slaved over for hours, drawing her own designs and priming the wood with her own hands, I am reminded of her tenacity. She would not let the frustration of our situation prevent her from seeing the beauty of what remained in our possession. What became one of her greatest losses transformed itself into her greatest artistic creation, our new home. As the disappointment of the loss faded, we replaced it with anticipation for the future. The empty lot that once provoked feelings of bitterness now became a blank canvas that was open to our inspiration.  Sitting at our dining room table, I must consider my own future, and cannot help but think of the veins of pecan that my fingers trace. The beauty that surrounds me every day is a constant reminder of the possibilities that arise from unfortunate events. It revived the hopes of my family, and brought new life out of the ruins of the fire. The table that I sit at, the walls that surround me, and the family that I share it with inspire me to bring a similar beauty into the world through my art. Just as the pecan table grows and changes with every scratch and stain, it has inflicted changes on the surface of my mind, bringing us both new life. 'Tell us about a person that has significantly influenced you'His grin widens into a smile, and the wrinkles on his face spread to reveal the rosy apples of his cheeks. Whenever he comes to visit, I can expect to receive a big hug and a jovial greeting. He used to remind me of Santa, although his balding, spotted scalp contains far less hair, and he is entirely devoid of a fluffy white beard on his chin. Almost immediately after he settles in, we sit down, and I know exactly what questions will follow.  'So, what are you learning about in history?' he asks.  My Grandfather is never one to dismiss the importance of history. Although he was a geologist for all of his life, it is history, he asserts, that has made the largest impact upon his intellectual and political ideologies. He swears that the average American could learn volumes of vital information simply from the requirement of a more intensive historical education. I cannot begin to count how many times he has scorned colleges for barely requiring historical courses in the scope of their education, and sometimes I jokingly fear that I risk being ostracized from the family if I neglect the pursuit of my own exploration of history. Because of him, I am now deeply aware of the old adage that those who do not know history are doomed to repeat it.  As is typical of any youngster who is given advice from a loving family member, this message didn't quite sink in to my mind instantaneously. Only through my own education did I start to see the repetitive connections that were only discernible through a rigorous and broad knowledge of the past. Human error presented itself in undeniable patterns, and empires were spawned and destroyed by countless classic mistakes. Yet, I also saw growth. Just as some humans at once appeared ignorant and unwise, others learned to grow and advance. Were we simply becoming more intelligent with time? The more I learned, the more that statement seemed unlikely and outlandish. I realized that generations do not innately acquire greater knowledge than their predecessors due to some rapid course of mental evolution, but rather by building on the accomplishments of those who came before them. History, then, became more than just an interesting subject to study. It contained the secrets to success and the manuals for failure, all written neatly in the pages of countless textbooks and biographies. Not only did it reveal our most characteristic mistakes, it established the inevitable framework of the future. With these realizations that the history of great cultures and countries was merely the result of human nature, it became apparent that the past is not only historical, it is personal. Now, when my grandfather comes to visit, I understand that his accomplishments are part of my own past, and they will help to determine my future. Without the values and the lessons that he has learned, I could not establish the values that define me. From him, I learned that history is part of an interconnected past that not only can, but must determine the future. 'Write a letter to your future roommate'I have one anticipatory statement for my roommate: I apologize in advance. You are probably expecting someone quiet who keeps a neat and organized room. My whirlwind of activity may come as a surprise.  In my defense, my creative energy is an innate quality. As the child of a costume designer and a musician, I became acclimated to a life full of homemade Halloween costumes and the Beatles. More than simply artistic fun, though, I grew up with a nearly biological need to maximize my time. Whether on vacation, where I attempt to visit every landmark, museum, and restaurant I can, or at home, where I am participating in various activities nearly constantly, it's a long running joke between friends that I never stop moving.  What does this mean for you? You may experience open sets of watercolors laying out next to overfilled cups of water, or stacks of library books strewn about the room. It is probable that you will have to step over unfolded piles of clothes I have left on the floor, forgotten in the midst of some spontaneous pursuit. I may leave the room late to watch whatever poetry reading or musical event may be happening on campus, or leave early to beat the heat and play tennis before class.  Being my roommate will not be an easy job. I will almost surely drive you crazy. But underneath the piles of clothes and unorganized papers, you might find a friend along the way. 'Stanford students possess an intellectual vitality. Tell us about your intellectual vitality'      You could say my reputation at O. J. Actis Junior High School is rather illustrious. I will forever go down in history as the girl who read the' really,really big book ' and lived to pass its reading test. Conquering Tolstoy's War and Peace, however, was really more of a testament to my innate, ancestral Vaughan family obstinacy than to my love for reading. That would come from a very different literary experience.      In my early years, reading became more of a competitive sport than an enriching experience. I labored through the biggest books I could find in the library, simply for the satisfaction of conquering those paper monoliths and bragging to my friends in an act of preteen hubris. When my grandmother handed me The Elegance of the Hedgehog, it looked like a piece of cake.     Yet, this book had a strange effect on me. Humbling and empowering all at once, it broke down whatever preconceived notions I had about the art of reading. Intelligence and education were no longer a means for competition, but rather tools for thought and understanding. It was almost as if I could feel the narrow borders of my mind disintegrate to reveal a world where philosophical ideas could thrive through reading and writing. While I had previously understood that stories had substance, I had never truly grasped the significance of their meaning until that point. Without losing the reverence I felt for intellectualism, I found its true purpose: a means for fulfillment instead of simply its end.     I will always be the girl who read War and Peace. Except now, I am the girl who learned to love it."}]}