{"schema":{"fields":[{"name":"index","type":"integer"},{"name":"personal_essay","type":"string"}],"primaryKey":["index"],"pandas_version":"0.20.0"},"data":[{"index":0,"personal_essay":"As I gaze at the stars in the night sky, I am completely removed from modern society. There are no lights on at this time in my neighborhood, no phones to distract me, and no noises except for the ambient sound of crickets chirping. My best friend glances over at me; we've been here before. For the past five hours, we've been sitting on my roof, dawn approaching on a spring morning. Our minds race, reviewing every detail of our nocturnal philosophical, religious, and intellectual conversation. Revelations and new perspectives run rampant in my head. '"},{"index":1,"personal_essay":""}]}