{"schema":{"fields":[{"name":"index","type":"integer"},{"name":"personal_essay","type":"string"}],"primaryKey":["index"],"pandas_version":"0.20.0"},"data":[{"index":0,"personal_essay":"One simple, unimportant word that plays a very small role in the entirety of the English vocabulary. And yet for me a small, blonde, seven year old who didn't speak a lick of English, that word was the anticipation of a new life, the bridge between fear of the future and knowledge of the present. I often pull out the musty memory, replaying it in hopes that it won't deteriorate and go forgotten throughout the years. It was a sunny day, and the long, low building reminded me of a shoebox. As soon as we walked in, my parents flanking my sides, I shriveled up, gingerly looking at the shiny gym floor on my left as though it contained something more harmful than a basketball. The office we were ushered to was small, and the room I was led into was even smaller. The only thing that actually fit was a round conference table and two chairs, one of which I was quickly placed in. A nice-looking lady walked into the room, giving me a big toothy smile before pulling out a large card on spirals and sitting down across the table from me. I fidgeted, not knowing how to react, and cringed when she opened her mouth spewing gibberish. I shook my head, desperately trying to tell her I had no idea what she wanted, trying to convey that I'd rather be shipped back to Italy. She smiled again, calming me down significantly, and simply showed me a picture. It was a pretty standard picture, nothing out of the ordinary, but it made my palms clammy and my head swim. In the picture a teacher was standing in front of a blackboard was teaching a young girl and boy. All the expected classrooms were scattered around the room. As the woman sitting in front of me took her pointer finger and placed it on the elderly teacher in the picture I stayed perfectly still, scared of fracturing any expectations she may have. The woman tapped the picture again. I shook my head again, my pigtails hitting my red cheeks as I shoved my sweaty hands under my legs, trying to qualm their tremors. The woman sighed and walked out, leaving me to examine the picture with growing anxiety. When she returned my mom accompanied her, and I finally had a Giorgia Piantanidatranslator. My mom forced a smile, informing me that all I had to do was name whatever was being pointed out and then I'd be allowed to leave. With that, I nodded tentatively, wistfully watching my mom walk out of the room before I returned my attention to the woman once again. She once again took her finger and placed it on the elderly teacher, and I spat out the only English I knew, 'Butterfly!' The woman paused, glancing up at me to see that I wasn't kidding. She moved her finger once again, resting it on the black-haired boy. Once again my shrill voice rang out, 'Butterfly!'The woman had now glued her eyes to me, carefully watching for any second guesses, but my lips were sealed. She moved on, spending fifteen minutes pointing at everything in that picture but a butterfly. Needless to say, I ultimately failed that test and was immediately thrust into an ESL class that changed my life. And as time went on the nights of missing my past vanished and dreams of the future took their place. It was in this way that I created myself; through triumphs and failures, through drinking in knowledge and eating up new ideas, and by knowing one simple word."},{"index":1,"personal_essay":"To be able to have so much of the world at your fingertips, and have so much to explore is one thing I know Swarthmore is amazing at offering. I would be a part of the Global Neighbors club, because being able to work with people who are physically and mentally disabled would give me a better understanding of humanity as a whole. Only meeting on Saturdays, it would also help me understand my older cousin better, who is both mentally and physically disabled. During the week, one of the classes I would be deeply interested in would be Clinical Psychology. Although I would be unable to take this course as a freshman, as it requires a prerequisite and isn't a course that will be offered in the fall of 2017, I would find the first opportunity offered to me. Since my biggest goal for the future is to help those that can't help themselves, I would be able to take this class and apply it to real life. And I would apply all the knowledge from campus when studying abroad, at the James Cook University in Cairns. Located in an amazing environment, a forest next to the barrier reef, I would immerse myself in environmental and aboriginal studies, fully surrounding myself with a culture completely different from one I am familiar with. In the end, all this and more is why I believe Swarthmore would be my best companion in helping me become the woman I long to become."}]}