{"schema":{"fields":[{"name":"index","type":"integer"},{"name":"personal_essay","type":"string"}],"primaryKey":["index"],"pandas_version":"0.20.0"},"data":[{"index":0,"personal_essay":"On the first Sunday of every month, I skip over to the Baskin-Robbins around the corner. My black hair flows in the wind as I joyously hum Here Comes the Sun. When I enter the ice cream shop, the ding of the bell soothes me while slightly jolting the store clerk behind the tubs of chocolate and milk. With a jump and a glowing smile, I order the same thing as always:'One scoop of vanilla with rainbow sprinkles, please.'Once I receive my order, my eyes gravitate toward the bright colors while my tongue indulges in the sweet, yet starchy, crunch. The oases of reds, blues, and oranges bleed into the vanilla ice cream, creating a symphony of color. Rainbow sprinkles are the stars of the show.My friends say that my love for rainbow sprinkles is a passion fueled by nostalgia. Maybe it is just that. Every time my taste buds are granted the colorful confection, I am transported to when my dad would treat me to ice cream as he sat down with a piece of paper, willing to engage in any topic or question I asked.The first time, I asked my dad to describethe dystopian world of Animal Farm. I watched in awe as my dad quickly scribbled stick figures that vaguely looked like pigs. He smiled sheepishly, apologizing for his creation, but I thought it was a masterpiece. He then detailed with many curvy arrows the intricate connections between Snowball, Napoleon, and Squealer. While he exposed the metaphors in the text, a new world opened. Sure, many kids idolize their parents, but I knew my dad was brilliant. In later lessons, my dad would draw diagrams as he told me about the complex plane and how imaginary numbers can coexist in harmony with the numbers I knew so well. Or he wrote Pinyin as he explained the phonetic difference between Shanghainese and Mandarin.For a couple of years, these lessons were simply a way for me to expand my perspective while getting closer to my dad. I longed for our tutorials, quenching my thirst for knowledge and satisfying my hunger for rainbow sprinkles. Out of all of them, though, I had a soft spot for the literature and mathematics lessons. As I sat in algebra one day, the ice-cream lessons transformed into something completely different. The unsolved variable x metamorphosed into a character from a novel. By solving for x, I was going through x's journey. X became Jay Gatsby, Edward Rochester, or Madame Loisel. By making myself more invested in x, what seemed like a mundane task at the time turned into something intriguing. Afterwards, I started to see connections betweenthe rushed brushstrokes in paintings and the equation of work in mechanical physics, between American football formations and historical war strategies. My awe and curiosity grew as I focused on the filaments between fields, seeing the whole world in a new light. By connecting what seemed to be unrelated, my education was no longer a constrained experience, but an immersive one.When I now look at the rainbow sprinkles, I see what I love so much about learning. Each color is a different subject, and when they mix, they make a dazzling rainbow that builds off of every hue. While the sprinkles look different, they all come together, bringing an almost too-good-to-be-true saccharine taste, and that is how I see our world. It may look like it is made of separate entities, but all of them enhance each other cohesively.And that, like taking a bite of vanilla ice cream with rainbow sprinkles, is incredibly satisfying.There's a feeling of euphoria that is irreplaceable. Some get it from making the winning touchdown. Others get it from performing their symphony.Meanwhile, the program I wrote runs on the terminal, and I wait anxiously, hoping that I successfully debugged my code.3...2...1...Let the euphoria begin.As someone who loves solving riddles and problems, coding gives me a rush. I love thinking logically and building algorithms one step at a time. Coding is my own puzzle: by fitting together the right functions, I can create a beautiful picture.I started coding in the Brown Scholars program at the American Museum of Natural History. In the first year, I learned the basics of programming for scientific research. In the next year, I interned at the Exhibitions Department. I noticed during the program how interactive coding truly is. It's not just sitting in front of a computer; it's a collaborative process where everyone chips in to create a final working product. I also learned about the fusion of hardware and software, as I worked with Raspberry Pis and Arduinos to create exhibitions.I've done more than creating exhibits. In my computer science classes in school, including AP and post-AP courses, I built websites and video games from scratch with HTML, Python, CSS, and Processing. I also spent two summers at NYU to hone my Python skills: I learned how to write encryption algorithms at a cybersecurity camp before my junior year and learned how to implement machine learning algorithms to create predictive data models before my senior year. All these experiences, while different in scope, only made me love computer science more. The most irresistible part of coding to me is still that euphoric feeling that rushes through me when my program solves a hard problem. That is irreplaceable.When I was first introduced to the Locksmith, Key Club's newsletter, it was not living up to its potential. It was published sporadically with an unappealing format and text copied-and-pasted directly from emails. I envisioned the Locksmith as a strong voice to spread the great work of the volunteers at the Key Club. Therefore, I decided to make a difference by revitalizing the Locksmith.At the end of my sophomore year, I became the Locksmith Director. I immediately created a small committee dedicated to the publication and developed an execution plan. The plan consisted of three major components: advertising the Locksmith through emails and Facebook posts, developing a point-based reward system to motivate members to submit articles and photos, and refreshing the layout to make it look enticing. With relentless efforts, my team successfully improved the content and increased the influence of the Locksmith. Now, we have 50 regular contributors and hundreds reading and sharing every issue. The Locksmith has grown into a monthly publication with over 60 pages of riveting stories and smiling Key Clubbers. For my 'exceptional leadership' in transforming the Locksmith, I received the sole Distinguished Committee Director award from Stuyvesant Key Club.I am now the Editor of the Locksmith and overseeing all publications of the Key Club. I am proud of my success in changing the Locksmith into a publication that is at the core of Key Club. With the expanded outreach of the newsletter, Key Club's membership has increased by 40 percent. The culture of Key Club has changed for the better due to the new Locksmith. This is most evident when someone eagerly asks the question, 'Will my article be in the next issue?''Of course,' I respond, remembering that just a year ago, no one would have been so enthusiastic about submitting articles to the Locksmith.Every year, NYU's GSTEM selects high school girls to conduct research with experienced scientists. Last summer, I was one of the fortunate few that were awarded the Winston Data Analytics Scholarship to attend this program. I worked with Dr. Rob Barton to build a data model predicting housing prices with machine learning algorithms. Because I knew so little about data science, I went into the program a bit nervous but excited.I immediately enrolled in a machine learning course on Coursera by Andrew Ng. I watched every course video, read every resource, and took many notes, making sure I understood everything. Before I knew it, I could explain concepts like gradient descent and ridge regression with confidence. I then created a data model that could predict housing prices using the regression algorithms I learned on Coursera. I submitted it to the Kaggle Zillow Price competition and waited a few anxious seconds to see my placement.I was ranked 1,583rd out of 1,700 competitors.Naturally, I was crushed, even though I was competing against professional modelers with far more experience. However, I was not deterred. I was determined to raise my ranking. I spent countless hours refining the model. I went through the data meticulously to understand the story behind each outlier, added new factors, and dropped irrelevant variables. My model's predictive power gradually improved as I climbed up the Kaggle leaderboard. At my final submission, I was in the top quartile of the competitors and received a top grade of 96.4 in GSTEM for my successful data model.I had a rewarding summer participating in GSTEM. By taking advantage of the scholarship opportunity, I significantly improved my knowledge on data science and developed a great appreciation of its impact on our lives. Through hard work, I overcame difficult challenges, accomplished things that I would have never dreamed of doing at my age, and demonstrated that I am a good data scientist.'Next up will be Tiffany Chen presenting her first exhibit.'I nervously walk up with my exhibit in hand, anxious to present the electronic leaf that changes color depending on the season. As I look down at the exhibit, I remember why I wanted to create it for the Museum of Natural History. As a kid, I fell in love with the beautiful fall foliage. However, whenever I asked about the reason behind the leaves' color change, I always got a complicated chemistry lesson that further confused me. I wanted to create an interactive experience so kids like me can visually see the process of the leaves changing colors. However, the process of building the exhibit was not easy. At the beginning, I drew multitudes of sketches in my small black notebook, each one building off the last. I also found materials and used techniques that made the exhibit almost indestructible. To keep the LEDs together, I learned how to solder. In a few weeks, the exhibit came together, with a functioning leaf and knobs that can change the season.I then worked on the code for the leaf. I wanted the users to have as much an interactive experience as possible. To do this, I emphasized the difference between the bud and the leaf so that users can learn how the two entities work together. I also made sure that the seasons changed smoothly, programming each LED to not change color abruptly unless when the leaf fell off. Looking down at my exhibit, I feel a sense of accomplishment. Even though the exhibit itself is small, it can leave a lasting impression on those who have experienced it. I know that many kids will benefit from this exhibit and be motivated to learn more about the world we live in.I take a deep breath.'Hello, my name is Tiffany, and this is my interactive leaf for the newest exhibition.'Although you may not yet know what you want to major in, which department or program at MIT appeals to you and why? (100 words or fewer)As someone who loves solving problems, coding gives me a rush. Coding is my own puzzle: by fitting together the right lines and functions, I can create a beautiful picture. With so much power at my fingertips, I am able to design anything, using my creative and analytical abilities. I hope to continue my technological journey at MIT's EECS program, building a solid foundation in both the theoretical and practical aspects of computer science. I especially desire to work in the Game Lab during my undergraduate career, where I can form riveting storylines with magnificent multimedia experiences.At MIT, we bring people together to better the lives of others. MIT students work to improve their communities in different ways, from tackling the world's biggest challenges to being a good friend. Describe one way in which you have contributed to your community, whether in your family, the classroom, your neighborhood, etc. (200-250 words)When I was first introduced to the Locksmith, Key Club's newsletter, it was not living up to its potential. It was published sporadically with an unappealing format and text copied and pasted directly from emails. I envisioned the Locksmith as a strong voice to spread the great work of the volunteers at the Key Club. Wanting to make a difference, I decided to revitalize the Locksmith.At the end of my sophomore year, I became the Locksmith Director. I immediately created a small committee dedicated to the publication and developed an execution plan. The plan consisted of three major components: advertising the Locksmith through emails and Facebook posts, developing a point-based reward system to motivate members to submit articles and photos, and refreshing the layout to make it look enticing. With these actions, we successfully improved the content and increased the influence of the Locksmith. Now, we have 50 regular contributors and hundreds reading and sharing every issue. It has grown into a monthly publication with over 60 pages of riveting stories and smiling Key Clubbers. I am proud of my success in transforming the Locksmith into a publication that is at the core of Key Club. With the enlarged outreach of the newsletter in my school, Key Club's membership has increased by 40 percent. In addition, since people are reading the newsletter, they are informed about Key Club's events, thereby volunteering more. The Key Club community has changed for the better due to the new Locksmith.Tell us about the most significant challenge you've faced or something important that didn't go according to plan. How did you manage the situation? (200-250 words)After developing a data model that predicts housing prices using machine learning algorithms, I sighed as I submitted it to the Kaggle Zillow Price competition. Admittedly, I was scared: this was the first time I used complex modeling techniques and competed against accomplished data scientists. I waited a few anxious seconds before my placement popped onto the computer.I was ranked 1,583rd place out of 1,700 competitors.I looked at the computer screen, disappointment rimming in my eyes. I had worked so much to create this data model, but it did not fare well in the competition. Determined to raise my ranking, I spent countless hours refining the model. I enrolled in Andrew Ng's online machine learning course, watching every video, reading through every resource, and writing every note to improve my algorithm. I went through the data meticulously to understand the story behind each outlier. I added new factors and dropped irrelevant variables. Gradually, my model's predictive power improved. I climbed up the Kaggle leaderboard. At my final submission, I was in the top quartile of the competitors.To this day, I still smile with pride over what I accomplished. With my hard work, I significantly improved my knowledge on data science while developing a great appreciation of machine learning and its impact on our lives. Most importantly, I learned to never give up even when faced with a seemingly insurmountable challenge. My determination continues through my classwork, my research, and other intellectual adventures.We know you lead a busy life, full of activities, many of which are required of you. Tell us about something you do simply for the pleasure of it. (100 words or fewer)I enjoy writing stories, particularly the creative process that allows my imagination to fly. With a stroke of my pen or a touch on my keyboard, various characters come to life: a teenage spy at an international summer camp, a girl with a pizza-shaped head, or a boy living in dystopian Seattle. Although the stories may sound outlandish, the themes and plotlines reflect the trials and tribulations of myself, the people around me, and the society that we live in. Writing stories is like having a conversation with my dearest friends. I find it soothing and joyful.Describe the world you come from; for example, your family, clubs, school, community, city, or town. How has that world shaped your dreams and aspirations? (200-250 words)My Chinese name is Tianyu. It means 'happy every day.'My parents named me that because they wanted me to grow up happy. It's such a simple wish. Who doesn't want to be happy for the rest of their life? As I grew older, however, I realized that being happy every day is easier said than done. We live in a world full of pressures\u2014pressures to fit in with friends, pressures to excel academically, pressures to do more than we can handle. However, whenever I engage in the analytical process of problem-solving, these pressures fade away. Since my childhood, I felt this joyous feeling when I solved puzzles. Every click two puzzle pieces makes when they fit together creates an 'aha' moment that brings me great happiness. I felt the same way in other moments of my life. I experienced an 'aha' moment when I researched chaos theory, discovering the connection between simple dynamics and complex geometry. I experienced an 'aha' moment when I programmed an exhibit for the Museum of Natural History, smiling as it worked perfectly. This want to solve problems led to my deep fascination in digging into the 'why' and 'how' questions about the universe. STEM offers me the ability to discover the answers to these questions.This is why I want to have a career in STEM. By doing what I enjoy, I know I will ultimately live a happy life, fulfilling my parents' and my own wishes to be Tianyu.How does the University of Chicago, as you know it now, satisfy your desire for a particular kind of learning, community, and future? Please address with some specificity your own wishes and how they relate to UChicago. (1-2 pages)I'm no Michelle Kwan, but I can manage well enough on the ice. Every winter, I find myself at an ice rink. Once the blades on my feet hit the slippery surface, I find my balance, skating slowly and sensing the environment around me. The stresses of my daily life fade as I listen to the cutting of the ice and the flow of the breeze. I glide away, free.Off the ice, I still search for balance between my interests and my pursuits. As I embark on the next stage of my life, I look for not only a launch pad for my future career but also a solid foundation with a broad perspective of the world that I can benefit from.When visiting Hyde Park this summer, I realized an education from the University of Chicago can provide me this balance. There, I was drawn to the unconventional and free-spirited thinking of its students. I believe this unique culture is attributable to UChicago's Core Curriculum. The breadth of the Core allows me to explore many subjects and prepares me well for future challenges. While I examine the meaning of humanity, I can also research the mathematics of nonlinear dynamics and the mystery of dark matter. While I investigate social policy, I can also appreciate the beauty of music and art. The interdisciplinary perspective of the Core will help me build critical thinking skills and develop an out-of-the-box mindset. In my high school years, through classes, internships and summer programs, I developed a strong interest in mathematics, computer science, and economics. I did research in areas such as inversive geometry and chaos theory. I also learned the fundamentals of data science and witnessed its power first-hand when applying it to economics problems in my GSTEM and Regeneron projects, where I used machine learning algorithms to forecast housing prices and gentrification trends. At UChicago, I can continue developing my computer science skills by delving deep into theory sequence while learning real-world applications in courses such as Mobile Computing and Game Construction. UChicago also boasts first-rate math and economics departments with Fields medalists and Nobel Laureates. I will actively seek learning opportunities in this world-class environment, where I can conduct cutting-edge research under the guidance of UChicago's faculties. Further, because of my family's influence, I also have an interest in applying the knowledge I learned at school to the business world when I graduate. The Trott Business Program and Dougan Scholars Certificate Program are additional reasons I want to apply to Chicago. These programs allow me to get direct access to the Booth School of Business, so I can learn business first-hand from Booth's world-renowned faculty and through internships and mentorships. Last, while many might be intimidated by the Windy City, I enjoy the cold and ice. Every winter, I will look forward to skating at UChicago's Midway Plaisance Park ice rink, where I can find balance as I glide on the ice.Dog and Cat. Coffee and Tea. Great Gatsby and Catcher in the Rye. Everyone knows there are two types of people in the world. What are they? (1-2 pages)I love the country.Many are shocked when they first hear this. How can a girl from New York City appreciate the country life when there's the hustle and bustle of the city? However, there's no denying it: between being a city person or a country person, I would rather be a country person.I think I was bound to be this way. For most of my life, I have lived in the suburbs. I lived in the meadows of Connecticut, the beaches of Washington, and the forests of Ohio. I was used to the relaxed country life.Once I moved to New York City, I realized how hard it is to escape the city. Even as I walked around Central Park's beautiful reservoir, I noticed how impossible it is to be alone in the city, to think to myself. I heard a few kids screaming in the playground close by; I heard the constant beat of a runner's feet tapping onto the pebbles. No matter how hard I try, I'm surrounded by people.In moments like this, I'd wish that I was in Ohio. I used to live in Powell, OH, and tucked into the woods is a small park with a cerulean blue lake. It's just as breathtaking as Central Park's reservoir, but I feel much more at home there. I am transported to the times when I walked around the lake, my dog in my arms, indulging in his soft fur. Whenever I go back to these memories, I realize how much I miss Ohio. There's this aura that emanates from nature: everything clicks perfectly together, leaving a serene atmosphere. In the country, I can think to myself, find myself.However, no matter how much I love the countryside, I cannot help but appreciate everything the city offers. All around me, there are museums and buildings that I can go into and explore. There are boutiques and shops I can walk into and window-shop. There are restaurants and cafes I can try new foods and cuisines at. There's a different type of freedom that the city offers. With a swipe of my Metrocard, I can travel anywhere in New York City. I even find myself loving the people in the city; everyone comes from a different background and brings a new perspective of life. While the suburbs allow for more introspective soul-searching, the city allows for external growth, granting me a more rounded view on culture, expression, and identity.So yes, it may be hard to find peace and quiet in the city. However, with every passing day in New York City, I gradually appreciate the benefits of the city. I belong in a place that offers the opportunity to develop an outlook on myself and the world I live in, no matter whether that place is in the city or the country."},{"index":1,"personal_essay":"I'm no Michelle Kwan, but I can manage well enough on the ice. Every winter, I find myself at an ice rink. Once the blades on my feet hit the slippery surface, I find my balance, skating slowly and sensing the environment around me. The stresses of my daily life fade as I listen to the cutting of the ice and the flow of the breeze. I glide away, free.Off the ice, I still search for balance between my interests and my pursuits. As I embark on the next stage of my life, I look for not only a launch pad for my future career but also a solid foundation with a broad perspective of the world that I can benefit from.When visiting Hyde Park this summer, I realized an education from the University of Chicago can provide me this balance. There, I was drawn to the unconventional and free-spirited thinking of its students. I believe this unique culture is attributable to UChicago's Core Curriculum. The breadth of the Core allows me to explore many subjects and prepares me well for future challenges. While I examine the meaning of humanity, I can also research the mathematics of nonlinear dynamics and the mystery of dark matter. While I investigate social policy, I can also appreciate the beauty of music and art. The interdisciplinary perspective of the Core will help me build critical thinking skills and develop an out-of-the-box mindset. In my high school years, through classes, internships and summer programs, I developed a strong interest in mathematics, computer science, and economics. I did research in areas such as inversive geometry and chaos theory. I also learned the fundamentals of data science and witnessed its power first-hand when applying it to economics problems in my GSTEM and Regeneron projects, where I used machine learning algorithms to forecast housing prices and gentrification trends. At UChicago, I can continue developing my computer science skills by delving deep into theory sequence while learning real-world applications in courses such as Mobile Computing and Game Construction. UChicago also boasts first-rate math and economics departments with Fields medalists and Nobel Laureates. I will actively seek learning opportunities in this world-class environment, where I can conduct cutting-edge research under the guidance of UChicago's faculties. Further, because of my family's influence, I also have an interest in applying the knowledge I learned at school to the business world when I graduate. The Trott Business Program and Dougan Scholars Certificate Program are additional reasons I want to apply to Chicago. These programs allow me to get direct access to the Booth School of Business, so I can learn business first-hand from Booth's world-renowned faculty and through internships and mentorships. Last, while many might be intimidated by the Windy City, I enjoy the cold and ice. Every winter, I will look forward to skating at UChicago's Midway Plaisance Park ice rink, where I can find balance as I glide on the ice.How does the University of Chicago, as you know it now, satisfy your desire for a particular kind of learning, community, and future? Please address with some specificity your own wishes and how they relate to UChicago. (1-2 pages)I love the country.Many are shocked when they first hear this. How can a girl from New York City appreciate the country life when there's the hustle and bustle of the city? However, there's no denying it: between being a city person or a country person, I would rather be a country person.I think I was bound to be this way. For most of my life, I have lived in the suburbs. I lived in the meadows of Connecticut, the beaches of Washington, and the forests of Ohio. I was used to the relaxed country life.Once I moved to New York City, I realized how hard it is to escape the city. Even as I walked around Central Park's beautiful reservoir, I noticed how impossible it is to be alone in the city, to think to myself. I heard a few kids screaming in the playground close by; I heard the constant beat of a runner's feet tapping onto the pebbles. No matter how hard I try, I'm surrounded by people.In moments like this, I'd wish that I was in Ohio. I used to live in Powell, OH, and tucked into the woods is a small park with a cerulean blue lake. It's just as breathtaking as Central Park's reservoir, but I feel much more at home there. I am transported to the times when I walked around the lake, my dog in my arms, indulging in his soft fur. Whenever I go back to these memories, I realize how much I miss Ohio. There's this aura that emanates from nature: everything clicks perfectly together, leaving a serene atmosphere. In the country, I can think to myself, find myself.However, no matter how much I love the countryside, I cannot help but appreciate everything the city offers. All around me, there are museums and buildings that I can go into and explore. There are boutiques and shops I can walk into and window-shop. There are restaurants and cafes I can try new foods and cuisines at. There's a different type of freedom that the city offers. With a swipe of my Metrocard, I can travel anywhere in New York City. I even find myself loving the people in the city; everyone comes from a different background and brings a new perspective of life. While the suburbs allow for more introspective soul-searching, the city allows for external growth, granting me a more rounded view on culture, expression, and identity.So yes, it may be hard to find peace and quiet in the city. However, with every passing day in New York City, I gradually appreciate the benefits of the city. I belong in a place that offers the opportunity to develop an outlook on myself and the world I live in, no matter whether that place is in the city or the country.Dog and Cat. Coffee and Tea. Great Gatsby and Catcher in the Rye. Everyone knows there are two types of people in the world. What are they? (1-2 pages)My Chinese name is Tianyu. It means 'happy every day.'My parents named me that because they wanted me to grow up happy. It's such a simple wish. Who doesn't want to be happy for the rest of their life? As I grew older, however, I realized that being happy every day is easier said than done. We live in a world full of pressures\u2014pressures to fit in with friends, pressures to excel academically, pressures to do more than we can handle. However, whenever I engage in the analytical process of problem-solving, these pressures fade away. Since my childhood, I felt this joyous feeling when I solved puzzles. Every click two puzzle pieces makes when they fit together creates an 'aha' moment that brings me great happiness. I felt the same way in other moments of my life. I experienced an 'aha' moment when I researched chaos theory, discovering the connection between simple dynamics and complex geometry. I experienced an 'aha' moment when I programmed an exhibit for the Museum of Natural History, smiling as it worked perfectly. This want to solve problems led to my deep fascination in digging into the 'why' and 'how' questions about the universe. STEM offers me the ability to discover the answers to these questions.This is why I want to have a career in STEM. By doing what I enjoy, I know I will ultimately live a happy life, fulfilling my parents' and my own wishes to be Tianyu.Describe the world you come from; for example, your family, clubs, school, community, city, or town. How has that world shaped your dreams and aspirations? (200-250 words)I enjoy writing stories, particularly the creative process that allows my imagination to fly. With a stroke of my pen or a touch on my keyboard, various characters come to life: a teenage spy at an international summer camp, a girl with a pizza-shaped head, or a boy living in dystopian Seattle. Although the stories may sound outlandish, the themes and plotlines reflect the trials and tribulations of myself, the people around me, and the society that we live in. Writing stories is like having a conversation with my dearest friends. I find it soothing and joyful.We know you lead a busy life, full of activities, many of which are required of you. Tell us about something you do simply for the pleasure of it. (100 words or fewer)After developing a data model that predicts housing prices using machine learning algorithms, I sighed as I submitted it to the Kaggle Zillow Price competition. Admittedly, I was scared: this was the first time I used complex modeling techniques and competed against accomplished data scientists. I waited a few anxious seconds before my placement popped onto the computer.I was ranked 1,583rd place out of 1,700 competitors.I looked at the computer screen, disappointment rimming in my eyes. I had worked so much to create this data model, but it did not fare well in the competition. Determined to raise my ranking, I spent countless hours refining the model. I enrolled in Andrew Ng's online machine learning course, watching every video, reading through every resource, and writing every note to improve my algorithm. I went through the data meticulously to understand the story behind each outlier. I added new factors and dropped irrelevant variables. Gradually, my model's predictive power improved. I climbed up the Kaggle leaderboard. At my final submission, I was in the top quartile of the competitors.To this day, I still smile with pride over what I accomplished. With my hard work, I significantly improved my knowledge on data science while developing a great appreciation of machine learning and its impact on our lives. Most importantly, I learned to never give up even when faced with a seemingly insurmountable challenge. My determination continues through my classwork, my research, and other intellectual adventures.Tell us about the most significant challenge you've faced or something important that didn't go according to plan. How did you manage the situation? (200-250 words)When I was first introduced to the Locksmith, Key Club's newsletter, it was not living up to its potential. It was published sporadically with an unappealing format and text copied and pasted directly from emails. I envisioned the Locksmith as a strong voice to spread the great work of the volunteers at the Key Club. Wanting to make a difference, I decided to revitalize the Locksmith.At the end of my sophomore year, I became the Locksmith Director. I immediately created a small committee dedicated to the publication and developed an execution plan. The plan consisted of three major components: advertising the Locksmith through emails and Facebook posts, developing a point-based reward system to motivate members to submit articles and photos, and refreshing the layout to make it look enticing. With these actions, we successfully improved the content and increased the influence of the Locksmith. Now, we have 50 regular contributors and hundreds reading and sharing every issue. It has grown into a monthly publication with over 60 pages of riveting stories and smiling Key Clubbers. I am proud of my success in transforming the Locksmith into a publication that is at the core of Key Club. With the enlarged outreach of the newsletter in my school, Key Club's membership has increased by 40 percent. In addition, since people are reading the newsletter, they are informed about Key Club's events, thereby volunteering more. The Key Club community has changed for the better due to the new Locksmith.At MIT, we bring people together to better the lives of others. MIT students work to improve their communities in different ways, from tackling the world's biggest challenges to being a good friend. Describe one way in which you have contributed to your community, whether in your family, the classroom, your neighborhood, etc. (200-250 words)As someone who loves solving problems, coding gives me a rush. Coding is my own puzzle: by fitting together the right lines and functions, I can create a beautiful picture. With so much power at my fingertips, I am able to design anything, using my creative and analytical abilities. I hope to continue my technological journey at MIT's EECS program, building a solid foundation in both the theoretical and practical aspects of computer science. I especially desire to work in the Game Lab during my undergraduate career, where I can form riveting storylines with magnificent multimedia experiences.Although you may not yet know what you want to major in, which department or program at MIT appeals to you and why? (100 words or fewer)"}]}