{"schema":{"fields":[{"name":"index","type":"integer"},{"name":"personal_essay","type":"string"}],"primaryKey":["index"],"pandas_version":"0.20.0"},"data":[{"index":0,"personal_essay":"] You've seen them.  They're everywhere. At the mall, at the grocery store, at the park even.  They're filled with a curiosity for exploration that would rival the greatest minds of NASA.  With an endless supply of energy, they're determined to extend the boundaries of the world-- until the pull of cruel nylon drags them back to reality.  That's right: leash babies.I was a leash baby.  Despite the early-years leash, my parents gave me a lot of breathing room growing up.  They entrusted me with the authority to choose my own boundaries.  They entrusted me with the responsibility of making my own mistakes and learning from them.  One of the biggest struggles: time.  I struggled with managing my time.  I, ultimately, was the one who had to decide whether I should do homework or hang out with my friends.  It was difficult...impossible even to pick between the two.  So I did both. 5:30. Snooze. 5:35. Snooze. 5:40. Awake! 6:30. School. 2:30. Gym. 4:30. Socialize. 6:00. Eat. 6:30. Homework. 12:00. Reflect on life decisions. 12:01. Sleep. Complete exhaustion.  But no matter what, I couldn't stop.  My parents had entrusted me with the responsibility to act freely.  I felt an obligation to be perfect in order to be worthy of my parents' trust.  I needed to be perfect...or at least as perfect as my sleep-deprived body would allow.  My desire to reach these expectations of myself motivated me to push boundaries to the extremes, academically and socially.  I took every honors and AP class that my counselors would allow.  I wanted everyone to know my name and know that I was approachable regardless of who they were. My desires devoured each other.  Time I spent hanging out with friends was time I regretted as a lost opportunity to study. Time I spent at home was time that my friends were hanging out without me.  The ideal me was happy -- an impossible kind of happy.I needed a yank of a leash.Why was I doing all this?  Who was it for?  What did my parents hope to teach me by giving me all this freedom?  The answer was a question itself: what made me happy?  Being the most popular or smartest in the  class...these were things I thought would make my parents happy.  But what would make me happy is a balance.  This balance between the two was something only I could find.  I'm still searching for the balance makes me happy.  But I also think that happiness is where I can make others happy. That's why I'm hoping to become a doctor, it seems like a future where I can contribute directly and indirectly to the happiness of others.  Getting there will be a long and difficult road, but I'm confident in myself as long as I stay balanced. I was raised with an emphasis on personal responsibility; now I raise myself with an emphasis on balance. Balance is management.  Balance involves happiness and stress.  Balance is slack on a leash. "},{"index":1,"personal_essay":"Hair? Check. Cologne? Got it. Poster? Done. Flowers? Oops.Twenty minutes and a trip to the flower store later, I'm walking up her driveway. Meanwhile, my heart is doing a cheetah impression.As I walk towards the door, I trip. Any remaining ounce of confidence escapes my body. \\\u2018Could this have started any worse?' I spoke too soon. The door opens. I flash a face of panic. I turn around to face a man towering above me. This is the epitome of an awkward moment. 'Uhh\u2026'He looks at my poster and flowers. 'I think you're looking for my sister.'He shakes my wavering hand and closes the door.  At this point, my heartbeat has transformed into a Ferrari. When the door opens next, I verify the opener, manage a goofy smile and finally pop the question.'Will you go to prom with me?' She looks at me with confusion. 'What's going on?' My heartbeat just broke the sound barrier.That night, I went to sleep not only as someone who had lived through one of the most uncomfortable nights of his life, but as someone who had a date to prom.  For most of my friends, asking a girl to a dance was nothing.  Me? This was one of the most important -- and stressful -- moments of my life.  My first dance, my first \\\u2018date.' This was phenomenal.   For the years prior to prom, my dates were movies and pints of self pity--I mean ice cream.  I had always wanted to go to dances, but I was always paralyzed by the possibility of disappointment.  I was an idealist.  Worse, I was a classic romantic.  Dances were special.  If I went to one, it had to be with someone special.  She didn't have to be the love of my life or anything, but it couldn't be just anyone.  I wanted to take the pictures that I would look back at fifty years later and smile.  I wanted to share a single noodle while eating spaghetti.  I wanted to have those moments that they have in \\\u2018chick flicks' where everything falls into place.  But part of me knew.  \\\u2018This is real life, how could I ever get anywhere close?'  So for three years, I didn't even try.But one day I did.  It might not have been the fairy tale that I had imagined, but I'm glad that I went to prom.  I'm even more glad that I asked my date.  That night I took away more than just pictures to smile at.  I was disillusioned.  All those things on TV, all the things I'm told to dream about in life, they are dreams.  They are things to strive for, but that shouldn't stop me from actually living.  I'm not crippled by my idealism anymore.  I confidently walk through the plaza with flowers in hand and poster ready.  I smile at my arranged date and say, 'Nice to meet you, would you like to go to homecoming with me?'Squeak. Squeak. Clang.I am on one knee.  The cold, hard floor digs into my skin. I drop my head to focus on the task at hand. All I can think of is my body succumbing to exhaustion. I struggle to stay stable on one knee. Gasps of air burn my throat like breaths of harsh winter. My heartbeat pounds against my ear drums, drowning out all other noise.  I collapse and roll over onto my back. I stare at the ceiling until my breathing slows.  I crawl onto my feet, using the bottom of my already drenched shirt to wipe the sweat off my face. My sweat glands send reinforcements to replace their fallen comrades. As I lean over to pick up the ball, I contemplate the idea of taking another break. But once the ball touches my hand, I shake my head. I look ahead with a determined stare. One more deep breath and I am bursting forward, letting my momentum carry me. Squeak. Thump.  Squeak. Thump.  My feet are no longer touching the floor, and the ball no longer touches my fingers.  Come on....almost there.  Swish. Yes!...Yes, yes yes! Back down to the ground. But this time my mind isn't concerned about my body. I'm smiling, replaying that swish again in my mind.  I love basketball.  On the court, I can forget about all the things that worry me.  No longer do I stress over the last test question I changed at the last minute.  No longer do I think about the scathing comment my classmate said.  On the court, none of this matters.  It's just me, the ball, the basket, my team.  There is only one focus: to score. The shiny hardwood stretch is a place where I can lose myself to be someone else.  My hands are no longer used for typing.  My feet don't merely step one in front of the other.  My normal clothes are shed for over-sized shorts and bright sneakers.  For this hour, I'm not judged by my appearance, class, or grades.  I gain freedom from these mental constraints by focusing in on the physical constraints.  The here.  The now. The tangible. The things that require more focus to change. I don't tower at a height of 6'6, or leap over grade schoolers with a 48 inch vertical. I stand at an imposing 5 feet and 8 inches with an equally impressive vertical jump of 5.8 inches. There is no denying that I lack the ideal physique for the sport.  But for what I lack in height and bouncing ability, I compensate with all of my best efforts.  Instead of succumbing to my lack of athletic talent, I focus on mastering my current skill set. Each shot is another chance to get better. Each successful shot motivates me to make one another. Each missed shot motivates me to make the next one. I know that I haven't grown taller or increased my limit for jumping.  But every day, I am getting better. Any sign of improvement fills me with a sense of accomplishment and happiness. When the universe seems bent on stressing me out, basketball offers me sanctuary.  It reminds me of the power of perseverance.  My sentiments toward basketball is embodied in this mantra:  there will always be room to improve.  I know that I'll never be a Michael Jordan and that's okay.  I don't need to be.  I love playing basketball.  Not for fame, not for glory.  The basketball court is a place for my mind to be focused, to block out all noise. It is a place for me to relax and have fun with friends and strangers.  It is a place where I give something my absolute best for no one but myself.  It is a place where I can be Dean Phan: the world's most height challenged basketball player.  I'm happy with that.I've experimented with a variety of curriculum throughout high school. However, along my academic career, I've found one area of school that truly captured my attention: science. Natural sciences stood out among the mathematical theorems and eloquent authors because of its unique ability to explain any facet of life. Chemistry analyzes the composition of nature's elements. Biology explains the collection of processes that allow for human life. Physics gives a reason for why an apple falls from a tree. As much as science can offer analyzations of the world, it can also offer solutions. Where diseases were once an unforgivable curse, medicine is now able to treat people and save lives. Still, there will always be new diseases and a need to respond to those unwelcome threats. I want to contribute to finding answers to life's mysteries. That's why I want to go to the Wiess School of Natural Sciences."}]}