{"schema":{"fields":[{"name":"index","type":"integer"},{"name":"personal_essay","type":"string"}],"primaryKey":["index"],"pandas_version":"0.20.0"},"data":[{"index":0,"personal_essay":"] On the eve of my first day of fourth grade, I was sitting beneath the window of my living room, absentmindedly catching shards of sunlight on my spoon, when I brought up a memory of four years earlier. My five-year-old heart had been shattered when the odd dirt that engulfed every inch of my father's hometown in rural China had caked over my light-up sneakers, and I was making an off-handed inquiry as to what it was.My dad just laughs, sounding suspiciously of schadenfreude, and says 'It's chicken poop.'It is incredibly sobering to look at everything that has ever made you happy and realize how precarious it is. This morning I was practicing Brahms, balancing this chord or that grace note until the ivory keys became merely a tether to a universe of melodies, harmonies, and rests that held just as much beauty in their silence as a chord does in its song. Yesterday I took a detour from my routine jog to wade through a field of crackling grass, seeping back into the dirt in submission to the crisp autumn air, and realized that even as the last hues of orange and blue retreated to a soft line at the horizon, Rochester never taught me to be afraid of the dark. Nine years ago, my dad stood next to me on the carousel for the millionth time. I had been too afraid to go on any of the real rides and was instead delighted by the twinkling lights, the jovial beat of trumpets and accordions, and the faded screams and purring engines in the distance, but my dad was still smiling and my mom hadn't grown bored of taking pictures.And yet, if Bor-Luh Lin never came to China, never met my dad, or never offered to become his doctoral advisor in the U.S., I may still be trapped beneath the oppressive smog of Guangzhou, sealed behind the walls of an oven, and never know what it is like to run free as a child, curious and unafraid. And if Mao Zedong never died and my father never went to college, I could have grown up barefoot in chicken poop, never even having the opportunity to argue with my mom about school. But they did and I didn't; I grew up alive and free and lucky.My dad was a patron of math and logic, always ready with another story about infinite hotel rooms or blue-eyed men on an island, but it was only when I realized the fragility of my circumstance that I learned to fall in love with the complexity and solidarity only found in the immutable truths of mathematics. I always had the privilege to learn how an airplane flies, why the Roman Empire fell, or how to translate emotions into English, but it was only when I reached for it that I discovered the marvel of the universe unraveling to show its secrets, and realized that learning was never rewarding when it was easy, only when I fought through the frustration, lost myself in the pursuit, and found that moment of complete devotion to the answer.I remind myself that the world of knowledge is vast, beautiful, and ever-expanding, and it's a blessing that I am able to even grasp at it. I tell myself I must fling open the unlocked doors of each new day. Yet, I must remember that others had been opening those doors for me before I was even born, that I cannot contribute to the entropy of goodwill, and that I must give as much as I have taken. Helping a friend understand calculus or comforting a child while volunteering may be a drop in the ocean, but my entire life is comprised of a million drops from a million people. I never understood what it meant to live until I understood what it meant to breathe. "},{"index":1,"personal_essay":"'Tell us about an engineering idea you have, or about your interest in engineering. Describe how your ideas and interests may be realized by 'and linked to' specific resources within the College of Engineering. Finally, explain what a Cornell Engineering education will enable you to accomplish.'I must have wanted to be an engineer long before I knew what the word meant. On almost every fork we own, the middle two prongs are pulled half an inch back, a homage to a time before I became strong enough to open a soda can and resorted to making a lever with a fork. I tore through thousands of plastic bags, searching for the perfect cut that would allow me to parachute off a self-made cliff of couch cushions and pillows.Through fractured bones and bruised knees, I have discovered the pain that comes with learning. Yet, I've also marveled at how the universe unravels to show its secrets, and I've experienced the joy of revelation when disparate facts are pieced together to bring sense to the physical world. Moments like that are exactly what I want my life to be about: discovery and creation.While my high school has nurtured my interest in STEM, it does a poor job of demonstrating how math and science can be just as expressive as the humanities and music. Engineering is a channel for both artistry and logic, and while math and physics are frequently defined with absolutes, engineering requires the ability to draw new conjectures, to tackle a problem from many different angles, and to create new solutions through the oscillating agony and joy of invention. From the Mars Rover team to CUAir, Cornell University offers incredibly diverse student teams that will satisfy my curiosity in any field of engineering. These teams emphasize the applicational aspects and the problem-solving potential of engineering, creating an outlet for imagination while allowing me to form close bonds with others who are passionate about science.In addition to my personal desire to become an engineering, one of engineering's greatest appeals is its ability to make a difference. I wholeheartedly believe that a great majority of opportunities I have been blessed with were through the kindness of others, whether directly or indirectly. With programs like Engineers Without Borders, students use their education to create something tangible and lasting and fulfill the promise that knowledge and power can be used for the greater good.Perhaps one of the most wonderful things Cornell offers is its diversity and global network. Dissenting opinions and exploring new options are things that are particularly important to me in my college experience. Not only will Cornell's study abroad programs enabled me to further my education in a new environment, but it will expose me to languages, cultures, and ideas that were rooted in experiences completely different from mine. Gaining a worldwide perspective is fundamental to becoming a more understanding person and nurturing intellectualism, and with study abroad programs in places such as Hong Kong or Israel, Cornell provides incredible opportunities to do so.The personal growth I seek is also facilitated by Cornell's international alumni network of 40,000. Whether I use my education for research, creating a startup, or working for an organization or corporation, the chance to access Cornell's alumni network promises that even after I complete my college education, my life will not be limited to the United States.In all honesty, I do not know what I will be in four years. I know that I have loved math since I was six, when my father first tried to explain infinity. I know that I love to read and write, love the art of twisting words to create something that eclipses our existence. I know that the pursuit of knowledge is fundamental to my happiness, but I do not know what I will do with it. However, I know that whatever path I take, Cornell Engineering will my enhance my growth as a student and as a human being. Cornell University is a prodigious, world-class institution unlike any other in the world, and I would be indescribably grateful to call it home.'Briefly elaborate on one of your extracurricular activities or work experiences.'In a masochistic attempt to cure my shyness, I forced myself to join the speech team, deciding it would be a competition between my love for winning and my fear of public speaking. But when the latter won out freshman year, I was determined to improve. I forced myself to watch recordings of my performance and rehearsed constantly until last year, where I was only a point from section finals. Humbling as it was initially, speech made me realize that my self-worth was more than a sum of achievements and that failure cannot make my perseverance falter. It realized that I cannot be naturally good at everything, that having to work harder than others doesn't make something unworthy of pursuit, and that I must actively fight for improvement. My former timidity may be a memory, but I know that it was through taking initiative that I was able to grow.'Rev. Theodore M. Hesburgh, C.S.C., President Emeritus of the University of Notre Dame, served as a trusted adviser to U.S. presidents and popes. A champion for human rights, Fr. Hesburgh was one of the architects of the Civil Rights Act of 1964, which outlawed discrimination based on race, color, religion, sex, or national origin. Reflect on the current state of civil rights, the progress that has been made, or the problems still being faced today.'In the essay 'A Hanging,' by my favorite author, George Orwell, he vividly details the murder of a criminal. However, the crime is never stated. It didn't matter. He was human even as his neck snapped.Since the tragic deaths of Matthew Shepard and James Byrd, Jr., violent assaults are far less socially acceptable. Yet, we may still voice our fear of certain ethnic groups, still express our disgust at those who live differently, still reject the notion that some are born with an advantage.It will never be okay to condemn another for their appearance, beliefs, or lifestyle, especially when it doesn't interfere with our own. I could never stand to hear my old pastor speak of God's love while proclaiming that Jews and homosexuals deserved His wrath.But while America may not be a melting pot, we are at least a mosaic, and as we befriend different people, we learn that they live and love no differently. The internet provides an invaluable resource where people may voice their stories and we constantly grow more connected.We are not the ones who are meant to judge, and the best we can do is accept each other in our entirety.'Blessed Basil Moreau, the founder of the Congregation of Holy Cross, described education as 'the art of helping young people to completeness.' How are you incomplete?'Had I been born a few years earlier, I may have grown up in a single-room basement of someone else's home. Had my father been a bit lazier, I may have never escaped the impoverished village of his childhood. Thus, I have been nurtured by my parents' perseverance, sacrifice, and godsend, but I'm still learning to repay all I have been blessed with.I know that I have loved math since I was six, when my father first tried to explain infinity. I know that I love to read and write, love the art of twisting words to create something that eclipses our existence. I know that I love music, that I lose myself to Bon Iver as easily as to Beethoven. I know that I adore every second of volunteering I spend hearing other's stories, whether inspiring or poignant. Yet, I have not turned what I love into a purpose to fill the hollows between my heart and lungs.But I know the more I learn the more I can contribute to others, can aid someone no matter how meager. Whatever I study, I trust that education will show me the path that I can make the greatest impact.(For USC) 'Your browser history says a lot about you. Take a moment to think about the time you spend online. Whether it's browsing an Instagram account, listening to your favorite podcast, subscribing to the best web series on YouTube, or even addressing questions on tech-help forums, we want to know where you spend the most time online, and why. Please share your favorite online destination (via a web address, specific app, social network, etc.) - and describe why in a few sentences.'If I was to count the seconds spent connected to the internet, little would compare to Pandora. Whether it's Beethoven's cascading roar of strings making my latest chemistry lab a touch more dramatic than necessary, The 1975's symphonic, layered rhythms joining me as I apply makeup, or even an ungodly amount of One Direction playing as I exercise, I am constantly listening to music. And through the oscillating revelation and torment of Pandora's limited skips, I have discovered everything from Bear's Den's cathartic melancholy to Phoenix's more theatrical, disarrayed sound.While Pandora is constantly playing in the background, I spend the most time actively browsing the Humans of New York blog. I am constantly entranced by the stories of others, whether I wholeheartedly sympathize with this person I never met or find their views in complete contradiction with my own. I predominantly wish to leave Minnesota so that I can be exposed to different geographical and ethnic cultures, and Brandon's blog connects me to unique perspectives in the interim.There is a wonderful fulfillment in understanding the calculus disguised in physics equations, but there's so much to discover beyond realm of school. I may read articles on BBC News for their neutral perspective, answer prompts from dailypost.wordpress.com, so enticingly vague so as to leave room for the breadth of creativity, read chinasmack.com and its sister sites for unfiltered foreign opinions, or just browse through The Onion for laughs. But regardless, academia is never a qualifier for the joy of exploration."}]}