{"schema":{"fields":[{"name":"index","type":"integer"},{"name":"personal_essay","type":"string"}],"primaryKey":["index"],"pandas_version":"0.20.0"},"data":[{"index":0,"personal_essay":"]  Don't make your kids switch schools in the middle of high school. It's too traumatic.  \u2014Possible proverb. When I started high school at Worthington Kilbourne, I was an excited slightly-nerdy freshman. I played tennis, joined the Science Olympiad and Mock Trial teams, and did homework. I spent my weekends watching TV and sleeping. But I also had a ton of friends. Tennis friends, lunch friends, club friends, class friends\u2026I had more friends as a freshman than I had people in my grade at middle school. And I was happy. My classes were pretty easy, I was able to take drawing classes, I was in extracurriculars I loved and I had yet to encounter the notorious 'girl drama'. Everything felt perfect\u2026and that's the moment I decided to change high schools. It probably doesn't make sense that I would transfer schools, especially if everything was perfect. I was first introduced to Columbus Academy (CA) by my friend Alex, when he told me he was transferring. We probably would've parted ways there, but the thing about Columbus Academy (CA) was that it had really good academics. Not only did the administration encourage kids to take challenging classes, but the material in each class I toured was interesting and relevant. The teachers were all extremely engaging, and that also meant a lot to me. I might have loved the life I already had, but I'm an academic at heart and the lure of all of the knowledge\u2014the things I could learn, the opportunities I could gain in order to learn more beyond high school\u2026it drew me in. Losing the friends I already had, the clubs I loved, the ten hours of sleep a night I was getting was all worth it, if it meant I got the opportunity to learn more about the world and to take interesting and challenging classes with amazing teachers. So I decided to go with him\u2026and I thrived. If going to high school was like upgrading to a color TV from a black and white one, going to CA was like getting the newest 60' HD TV. Everything was sharper and more intense, mostly in a good way. My classes were more challenging and more interesting, and I was excited about what I was learning. I made friends and joined new clubs, and even participated in the tennis team although I wasn't allowed to compete. With the change though, also came some bad things as well. My classes were a lot harder than I was used to, and I didn't get easy As. I had to do everything I could to stay on top of my work, as well as extracurriculars. I had participated in several research competitions before I transferred, but it was much harder once I was at CA because there was no existing infrastructure to help me enter and pace myself. Over time though, I learned better time management skills and how to balance my activities, so I wasn't overwhelmed and could concentrated on the reason I switched\u2014the learning. I also decided to establish a science fair advisory club at CA, to help students with similar interests get started. While there are definitely times I look back and think about how different my life would be if I hadn't transferred, I also think about the things I would have lost. Not only has my love of learning thrived at CA, but the experiences I've had here have also given me tools that I believe will help me succeed in life. I'm more confident in my abilities to face challenges and lead others, and I've learned a lot of academic skills as well as life ones. So even though I do sometimes wonder what life would be like if I had stayed at Kilbourne, I have never regretted my decision. I would make it again in a heartbeat.  "},{"index":1,"personal_essay":"I've learned a lot about human health and biology from the dinner table, since my mom is a scientist and she's been so passionate about her work. By the time I was in sixth grade I'd heard a lot about the benefit of probiotics from her work as a food microbiologist, so when my first pets, a pair of hamsters, had a litter I decided to look at whether feeding yogurt to hamster babies could help with their growth by improving their gut health. I examined the bacteria from the hamster feces, and surprisingly found that some gut bacteria were already resistant to antibiotics. A graduate student at OSU then did a genetic screening, and we found that they had the same resistance genes as the bacteria from the mother's gut bacteria. I received special permission and presented the work at the Institute of Food Technologists Annual Meeting the next year. The excitement of the study and the realization that I had contributed a new piece of knowledge to the scientific community really helped to drive me towards biology. Over time I conducted more projects, including incorporating probiotics into chocolate, finding ways to inhibit acne-causing bacteria (both won 'Excellent' at the Ohio State Science Fair), examining the health risk associated with eating raw oysters (paper pending for publication), and last year I researched stem cells and artificial limbs at Stanford's Educational Program for Gifted Youth (EPGY) camp, and later learned my work was similar to a project at Johns Hopkins \u2014 a prosthetic limb with feeling, by neuroscientist Steven Hsiao. I hope to continue researching throughout my time at Hopkins, especially since Hopkins was founded as an institution to merge teaching and research, and undergraduate research is such an integral and unique part of the Hopkins experience. Additionally, because Hopkins' medical school has one of the best hospitals in the country, I would love to get the experience volunteering there.In addition to my personal love of research, I also love helping people interested in science. I started a non-profit organization with my friend Ashley my sophomore year, One Student At A Time, and we focus on helping underprivileged kids interested in STEM. With a lot of fundraising and the support of the local community we were able to provide 5 scholarships to OSU summer camps about chemical engineering and physics targeted towards young girls (WiE Cheer and GRASP; https:\/\/engineering.osu.edu\/news\/2013\/05\/teenagers-pay-it-forward-looking-back-women-engineering-camp-experience), and last year we sponsored two cash prizes at the Zanesville District Science Fair for girls with STEM-based projects. Based on my experiences, I would love to volunteer or work with Johns Hopkins' Center for Talented Youth (CTY) camp over the summer. It's the type of camp that really fosters interest in science and research in young people, and if possible One Student would also love to work with CTY towards being able to provide some scholarships the way we did with OSU's WiE Cheer and GRASP camps."}]}