{"schema":{"fields":[{"name":"index","type":"integer"},{"name":"personal_essay","type":"string"}],"primaryKey":["index"],"pandas_version":"0.20.0"},"data":[{"index":0,"personal_essay":"] I was at home with Mom, Dad, Big Sister, and Little Brother - except none of them were actually related to me. They didn't look like me, they didn't talk like me, and they didn't think like me - but, for one whole week, they were the only family I had.Two years ago, when my Japanese teacher announced a two week-long cultural exchange opportunity in Japan, I was the first to register. Six months later, I jetted off to Tokyo and marveled at the world-famous shopping hubs, Harajuku and Shibuya, immersed myself in anime culture at the famed Ghibli Museum, and took in a sweeping view of the city lights from atop the famous ferris wheel in Odaiba. And, in bona fide tourist form, I even managed to get lost at the train station.A week into my trip, I traveled to the tiny village of Numazu to stay with a host family for the second half of my trip. Stepping in through the doors of the house I was to call 'home' for the next week, I bowed to the strangers with a simple, 'Hajimemashite' - hello. My host family was sweet and accommodating, and, despite our distinct language barrier, I felt right at home. But, deep down, though I tried not to show it, I was filled with anxiety because of what was to come the next morning.  Innately shy, it took superhuman effort to will away my fear and walk into Numazu Chuo High School with Big Sister Rino. For the next week, the thirty girls in the room would be my classmates, and I eyed them nervously. Would they like me? Would we be friends? I didn't have much time to ponder these questions, as I was immediately thrown into a whirlwind of activity. I presented about American culture in my stilted Japanese, took classes like history, physical education, fashion design, and cooking, and even helped the language teachers by having English dialogues with their students. No matter how mentally prepared I'd been for this trip, the truth is that the language barrier still made me feel lonely, the mixups and slipups still made me feel clumsy and awkward, and the cultural norms and unfamiliar traditions still made me feel confused and unintentionally rude. But during that week, I forced myself to focus on the positives, on what I could do instead of what I could not. I couldn't will myself to become fluent at the snap of a finger, but I nonetheless applied every morsel of my Japanese language training to communicate with my classmates and host family. My sentences were awkward and full of mistakes, my accent too thick and sometimes incomprehensible. But I kept at it, and before I knew it, I felt completely at ease.I'm still not sure what motivated me - possibly one of the shiest people in the world - to embark on such a trek. But I'm so glad that I did. Traveling to and studying in Japan without the safety and comfort of my family and friends was nerve-wracking at first, but by welcoming me into their country and sharing their lives with me, my Japanese family and friends taught me to not fear but instead appreciate and celebrate what makes us all so unique. To this day, the friends I made in the Land of the Rising Sun are some of my closest. We keep in touch through every means possible, including video chats and phones calls. Those are my favorites because, on the rare occasion that I use the wrong word or make a basic grammar error, we cannot help but laugh as we remember how awkward I had been the day we first met. I am no longer that shy, timid girl afraid to make mistakes. In her place stands an individual unafraid, confident, and dare I say, enthusiastic about taking risks and seeking new and exciting adventures. "},{"index":1,"personal_essay":"Last November, I'd barely been at Duke for a day when I found myself amidst a thunderous, blue and white-clad crowd at the Wallace Wade stadium. And I couldn't help myself. I was screaming along with them, 'Go, Blue Devils!' At Duke, I will study environmental science through classes like Community Based Marine Conservation in the Gulf of California and by spending a semester at the Duke Marine Lab with Professor Van Dover engaging in groundbreaking research on the biogeography of deep-water chemosynthetic ecosystems. I will continue my 'green' works with Divest Duke, calling to end new investments in fossil fuel companies. Through DukeEngage, I will travel to the Amazon rain forest to conserve wildlife; with the Duke Lemur Center, I will continue my animal shelter work. And at the end of a long day of work, I will retire to my Smart Home, the first LEED Platinum live-in laboratory.This summer, my passion for environmental science guided me to embark on an amazing journey to Pensacola, Florida to research the Deepwater Horizon oil spill in the Gulf of Mexico. And there, I devoted every second to soaking up as much marine science knowledge and field research experience as I possibly could.My fascination with environmental science began when I learned about ocean pollution - particularly the recent oil spill - during my high school AP class. I became extremely intrigued by the work happening at the University of West Florida, and, after a series of email exchanges with Professor Wade Jeffrey, I was invited to spend my summer in the professor's microbiology laboratory and conduct independent environmental science research on oil microbial community diversity and the effects of solar radiation.Through this internship, In those seven weeks, I learned so much about science, my future career, and myself. Although it was difficult mastering the techniques of microbial research, I had amazing mentors who believed in me and taught me the value of learning from my mistakes. Yes, I spilled all the pipet tips inside the PCR hood; yes, I dropped the sample on the dirty floor before gel extraction; and yes, I used one too many pairs of gloves. But I learned from each of those moments, and I never made the same mistake twice. And as I became more comfortable and commanding in the lab, I discovered that I had exactly what it takes to become a successful environmental scientist. "}]}