{"schema":{"fields":[{"name":"index","type":"integer"},{"name":"personal_essay","type":"string"}],"primaryKey":["index"],"pandas_version":"0.20.0"},"data":[{"index":0,"personal_essay":"This past summer I participated in the Assisting Individuals with Disadvantages (AID)Summer program which provides English lessons to disadvantaged children in Taiwan. The firstweek was a crash course not only in how to develop a curriculum, but also in how to bridge thecultural and socioeconomic gap between us and our students. When the time came to chooseclasses, my partner and I told each other, 'We like challenges,' as we confidently and naivelyvolunteered to take on the class with the lowest skill level.We entered the school with energy, enthusiasm, and lesson plans in hand. How couldthis possibly become a story of failure? Quite simply, as we soon discovered; no matter how latewe stayed up or how many activities we planned, we could not engage our students. Everylesson, our questions were met with blank stares with the exception of the same two studentswho knew all the answers. Each night, we asked each other the same question: 'What else canwe do?'Eventually, our students began to notice our desperate attempts to salvage our lessonplans. Once, my partner and I painstakingly made a class mascot that we planned to use in abody parts lesson. As we hung up our hand-crafted man, we were greeted by muffled giggles.During the lesson, the kids had no idea what they were doing. Rather than pointing at the bodypart that we named in English, they randomly guessed until they got it right. Our goal was toengage them and make learning fun, but what we had thought would be a fun and instructivelesson did not resonate with our students. I looked to my partner with hopelessness\u2014it wasclear that the lesson would not be the success we had hoped for. We quickly scrapped ourplans and improvised the rest of the day's lesson. This pattern repeated itself for the duration ofthe program. Before I knew it, I was finished with the program, and the kids left one-by- one. Thesadness that I felt as I watched them leave was also tinged with relief, as I would no longer beburdened with the stress of failing kids whose English levels I had hoped to improve.Looking back on the experience now, I realize that the program was extremely valuablein teaching me the importance of persistence. Each day, there was nothing that my partner andI could do but stand at the front of the classroom and carry on. I prepared the next day's lessoneven with the knowledge that it would most likely not go as planned. When something worked,the feelings of accomplishment and joy were enough to erase all my previous disappointments.We incorporated successful activities into our lessons whenever we could. Though I was forcedto return to the drawing board every night, I knew that it would be worth it for the times when mykids smiled because they grasped what I was teaching. I did not come into the programexpecting to fail, but when I left, I finally understood that small triumphs merit perseverancethrough failure. My failures did not stop me from appreciating my students and their ingenuityand creativity, but rather enhanced the moments of victory we shared."},{"index":1,"personal_essay":"In English class of junior year, we read 'The Loss of the Creature,' by Walker Percy. In his essay, Percy discusses how every traveler 'will only be conscious of the disparity between what it is and what it is supposed to be The previous summer I traveled to Shandong Province in China on a cultural exchange program. I jumped on the opportunity to visit the place where my grandparents had grown up. Although they seemed to be very knowledgeable on the area, my parents had never been to Shandong and were equally excited for me. 'The people there are tall and big-boned,' 'this dish is what true Shandong people eat,' my parents would often say. 'Is this a Shandong thing?' I would ask whenever I noticed an idiosyncrasy in our family traditions. The Shandong in my mind was a collage of travel documentaries set in China, stories I heard from my family, and my visits to Taipei. What I encountered when I arrived in Shandong was an entirely different picture.On the way to the hotel, I eagerly glued myself to the window of the bus, but there was little to see. For miles there was nothing but the occasional orderly rows of government-planted trees. The only glimpses of human life would be a small house, or a bike leaning against a wall every few miles. Poverty was evident even in developed cities. I was not expecting Shandong to be a land of riches, but I was still taken aback. Even so, I told myself that my ideas of Shandong culture were accurate.My mom has always insisted that the food we eat at home is authentic Shandong cuisine. Clearly, my mother had the wrong idea of what was 'authentic Shandong.' At the first restaurant, the food might as well have been a bottle of soy sauce. I attributed this heavy seasoning to the restaurant, but nothing at any of the restaurants matched up with the stories of steaming fluffy mantou, or anything that I had eaten growing up. Disappointedly, it seemed as though my trip would be made up only of the successive shattering of my concepts of Shandong.Part of the trip included a visit to a local school. We were greeted by a crowd of students and a welcoming ceremony put together by the students. The talents of the students were extraordinary. One girl performed a beautiful traditional dance, while another played the Chinese lute. I cannot put into words how impressive these performances were. After my earlier experience with the poverty of the area, I had not expected there to be such an overwhelming amount of gifted students. Later, wandering into the art room, I saw a student diligently practicing calligraphy as his art teacher looked on critically. The student was literally sweating from the amount of concentration each brushstroke required. Going from classroom to classroom, I felt immature and unsophisticated, despite the advantages I had back home. These students were from a rural area and yet, their natural talent combined with their work ethic and maturity allowed them to overcome obstacles I never had to face.Although Shandong was not what I thought it would be, the trip as a whole was eye-opening. I visited many cultural sites, and I even trekked the 7000 steps to the summit of Mount Tai. Though at first I had been disappointed due to my preconceived notions, the reality was not worse, just different. As I saw more of the real Shandong, I learned to value each new experience as it came. When I returned home, I told my parents about my experiences there. Despite my efforts to tell them about the real Shandong I had experienced, they only latched onto the parts that fit their own stories of Shandong and ignored the rest. My attempts to describe my journey from initial disillusionment to my final appreciation for Shandong were met with blank stares from my friends. The disconnects I felt between me and my friends and family were more than the differences between the New England forests and the rows of government-planted tree; they came from having a completely new and different experience. My journey to Shandong, the feelings of shock as I learned what Shandong was really like, and my amazement at the school were my own to remember. The trip gave me more perspective than I had ever imagined; not only was I able to visit a place very important in my family history, but also I was left with a true understanding of the word ineffable.S a family friend who passed away recently, is my first choice partner for a tutorial. Since I rarely see my extended family, S was my stand-in aunt; her home was even the venue of my first 'real' Thanksgiving. S never minced words. While many found her blunt, I appreciated her insistenceon truthfulness. She was never afraid to let my mom know that yes, fashion has evolved since the eighties, or to ask me if I had gotten a job yet as I ducked away sheepishly. She could reciprocate the brutal honesty that I often unintentionally dispense. In a tutorial, her honesty would be especially valuable; she would be able to pinpoint faults in my arguments and mistakes in my work easily.In addition to her willingness to criticize, S had a treasure trove of experiences. Her recollections and lifetime of travel inspired my own dream of traveling the world someday. Her strength of character is something that I aspire to achieve. She never let anything stop her from achieving her dreams. She came to America by herself after being cut off from her family when she was fourteen and put herself through college at the age of thirty. I was continually awed by her ability to keep in touch with the international network of friends she made on her travels. Her experiences, including successfully managing properties on both coasts, would enrich our discussions and open my eyes to things I have never even thought about.S's presence would give me not only a deeply invested professor, but also another teacher with unique and useful insights. She would create an even more engaging tutorial.This is the full essay from which I excerpted essays that I sent to the school I eventually got into, but I did not get into Harvard (this was the supplemental optional essay I submitted to Harvard). I started working on my essays pretty late, so I did not have as much time to edit them. Additionally, my older siblings and teachers at my school helped me make extensive edits and helped with brainstorming quite a bit. "}]}