{"schema":{"fields":[{"name":"index","type":"integer"},{"name":"personal_essay","type":"string"}],"primaryKey":["index"],"pandas_version":"0.20.0"},"data":[{"index":0,"personal_essay":"My hand began to twitch as it brought itself closer to my lips. I knew this wasn't right, yet I couldn't resist. I mustered all the willpower embedded into every cell of my anatomy in an attempt to distance my fingertips from my mouth, but to no avail. It was inevitable. After days of self-restraint, I would relapse yet again. I abstained for so long, but no amount of strength in this universe was able to hold me back from this temptation. The constant finger-tapping and the endless gum-chewing were all for nothing as I surrendered to my cravings and chipped away at my nails once again.The act of nail-biting may seem unorthodox to some, but to me, the sensation it provoked was remarkably satisfying. The relief that it triggered would provide me with an immense joy, yet no amount of joy could quite mask the guilt that would come to parade my conscience afterwards. I was more than eager to ruin my hard-work and discipline in order to experience a measly thirty seconds of pleasure as I chomped on my fingernails;'Why are humans so irrational?' I thought to myself, feeling ashamed of my nonsensical whims and desires. I allowed the problem to fester, ultimately reaching a point whereby it became subconscious \u2013 I would sit at my desk, pondering the countless reasons as to why this was a terrible habit, ironically whilst biting my nails. By that point, it had become second nature, an act that was incorporated into each and every aspect of my daily life.Regardless, I was not prepared to admit defeat. I knew that I was stronger than this.\\\u2018I shall not allow one minor setback to stop me from overcoming this unhealthy habit',I reiterated as I reflected on what had just occurred. A different approach was needed to ensure that this mishap would cease to repeat itself, and so I began to search online for an answer. I read somewhere that 50% of adolescents regularly bite their nails, a discovery which furthered my drive to end my addiction as I refused to become another statistic.After hours of flipping through dermatology books in the hopes of finding a remedy to rid me of this god-forsaken habit, I stumbled upon a seemingly plausible - yet peculiar - solution: applying bitter tasting nail polish to my fingernails.I found this cure to be rather unusual, a strange excursion of which I would be the pioneer. I toyed with the idea at first, fearful of the slight chance that it would fail andin turn takeme right back to square one. Nevertheless, after swallowing my doubts, I embarked on my journey.As each day passed, it proved easier and easier to refrain. Were there times I would slip up? Of course! However, I realized that setbacks are an integral part of success. Initially, I would ignore the bitter taste and continue to chew and bite, but after a bit of adjustment - and much ingested nail polish - I realized that the meager reward was not worth the suffering. Eventually, nail-biting was demoted from its status as second nature, and cast out into the abyss of forgotten habits. Thanks to a combination of creativity, determination, and perseverance, I was able to surmount the initial hurdles and continue on the path of triumph. Here I am, two years later, with not the slightest clue as to what fingernails even taste like."},{"index":1,"personal_essay":" Having once contemplated the many injustices in today's society, I questioned why there was not more effort being put into improving the situation. I was then treated with this answer: \\\u2018It does not matter a person's circumstance now, for he or she will be rewarded in the afterlife for any suffering undergone during this life'. I found this response to be lazy and insufficient. I viewed it as an example of flawed-thinking, perhaps an excuse to allow for the evils of this world to prevail. I was left unsatisfied, yearning for a better solution. Consequently, I delved into the fields of economics and political philosophy, searching for a more adequate proposal to reduce the epidemic inequality in our world. Through my wider reading, I developed my knowledge of the various philosophical theories that govern us and their implications. I realized the economic benefits of meritocracy, but acknowledged that if a society were to become purely meritocratic, the market would be made heavily biased against racial minorities as a consequence of the ethnocentrism pertaining to all non-homogeneous environments. This would inevitably result in frustration within these minorities, leading to increased crime and interracial disharmony. My enhanced understanding of economics and political philosophy then steered me to examine positive discrimination. I found this to be a more suitable alternative to a purely meritocratic approach, as the overall societal benefit from minorities leading better lives - and in turn committing less crime - would far outweigh the potential additional economic growth spurred by the unrestricted market in a meritocratic society. Intrigued by the influence of markets and morality in the political process, I have found it difficult to isolate one course of study and pursue only that field. A proper education in modern politics requires elements from various subject areas including philosophy, sociology or economics, and thus studying one of these disciplines without considering the others would certainly be an injustice. Fortunately, the structure of the degrees offered by Cornell's College of Arts and Sciences would relieve me from this issue: with only a third of the courses taken being directly attributed to my major, I am given ample opportunity to explore other components of my academic interests. For example, whilst majoring in Economics, I am still granted the freedom to explore the philosophical works of John Rawls and Robert Nozick, learning about their contributions to modern political institutions. Whilst I would gain an abundance of knowledge by exploring these works, they alone would not be enough to satisfy my intellectual cravings. I have made it my mission to formulate a solution for today's injustice and inequality, and what better way to do so than through Cornell's unique Minor in Inequality Studies. Classes such as Sassler's 'Race and Public Policy' will help me to better comprehend the effectiveness of policies implemented to reduce racial inequalities, thus providing me with an enhanced understanding of the Meritocracy Vs Positive Discrimination argument outlined above. Furthermore, after having based my A Level French Research Project on Marine Le Pen and her influence on France's modern political life, I have developed a desire to spend time in France where I could immerse myself in French culture, a desire that Cornell would allow me to indulge in through a year abroad in Paris! With both a high level of proficiency in the language and a demonstrated interest in the region, I would make a great candidate to participate in the EDUCO program, which will allow me to further my knowledge of French politics whilst aiding me in my quest to attain fluency in the language. Through my research I have realized that Cornell as an institution will provide me the necessary tools and opportunities to pursue my diverse range of interests, as well as exposing me to many more. As such, I am eager to be a part of its vibrant community and would be absolutely delighted to attend.Describe two or three of your current intellectual interests and why they are exciting to you. Why will Cornell's College of Arts and Sciences be the right environment in which to pursue your interests? (Please limit your response to 650 words.)I spent a portion of my summer in Kisii, Kenya, teaching micro-finance to self-help groups. Although it was one of the more enjoyable experiences of my life, I felt that something was missing: cultural diversity.Having grown up in the international hub that is Abu Dhabi, it seems that I took multiculturalism for granted, something I hadn't realized until my exposure to the relatively mono-ethnic environment of Kisii. Being part of such a culturally diverse community remains the most positive aspect of living here, and I am eager to be in a similar setting for university; with 72 nations represented in the class of 2021, one cannot deny the global experience offered by Boston University.In addition to its intercontinental atmosphere, I must stress the appealing academic opportunities available at this institution. Through the pursuit of either an Independent Major or a double-major, Boston University allows me to combine and further my interests in all the fields of Economics, Philosophy and Politics. I would struggle immensely to narrow my focus down to only one of these fields, and as such am extremely grateful that I would not have to make this choice at Boston University. Moreover, through the numerous language-learning and study-abroad opportunities offered at Boston University, I would be able to continue sharpening my French language skills whilst immersing myself in French culture and politics.Realizing that Boston University tends to all of my academic and extracurricular needs, I would be more than delighted to attend if accepted.What about being a student at Boston University most excites you?An appropriate study of the realm of modern politics necessitates more than the pursuit of a typical bachelor's degree. The political decision-making process draws heavily from numerous fields, such as economics, philosophy and psychology, and thus to study one of these disciplines without considering the others would be an intellectual nightmare! Thankfully, Brown provides a solution, as its curriculum encourages students to undertake a multi-disciplinary approach in regards to their academics, a prospect I find extremely appealing due to the broad nature of my scholarly interests. Furthermore, I am very appreciative of Brown's commitment to the study of race, gender and social inequality. Thanks to the Diversity and Inclusion Action Plan, I am exposed to a multitude of DIAP courses. These will allow me to better comprehend the roles that ethnic marginalization and institutional racism played in the separation of my home country into two, perhaps comparing it with the experiences of racial minorities in the United States.Realizing that Brown's curriculum aligns perfectly with my requirements as a learner, I have applied and would be ecstatic to attend.Why Brown, and why the Brown Curriculum?I spent a portion of my summer in Kisii, Kenya, teaching micro-finance to self-help groups. Although it was one of the more enjoyable experiences of my life, I felt that something was missing: cultural diversity.Having grown up in the international hub that is Abu Dhabi, it seems that I took multiculturalism for granted, something I hadn't realized until my exposure to the relatively mono-ethnic environment of Kisii. Being part of such a culturally diverse community remains the most positive aspects of living here, and I am eager to be in a similar setting for university; with 76 nations represented in the class of 2021, one cannot deny the global experience offered by Columbia.In addition to its intercontinental atmosphere, I must stress the appealing academic opportunities available at this institution. Starting with its core curriculum, I would be ecstatic to partake in such academic breadth, a prospect which I have not had due to the narrow nature of A Levels. Moreover, through the Columbia in Paris program, I will be able (should I get accepted) to pursue my interests in French culture and politics whilst further sharpening my French language skills.Behind the success of any university is a team of extraordinary professors, and this is certainly the case with Columbia, an educational establishment which hosts such highly acclaimed staff. I long for the opportunity to study under economist Joseph Stiglitz - my initial inspiration to co-find my own think tank - or political scientist Mark Lilla, who has sparked many debates within my social sphere regarding identity politics and true secularism.Realizing that Columbia tends to all of my academic, recreational, and extra-curricular needs, I have confidently made it my Early Decision choice and would be more than delighted to attend if accepted.  Please tell us what you value most about Columbia and why. (300 words or less)Unique to Dartmouth is the Nelson A. Rockefeller Center, a feature aligning perfectly with my academic interests.Through its Public Policy minor and internship opportunities, I would receive exposure to the world of politics within weeks of turning eighteen! I would be given ample opportunity to pursue my intellectual curiosities, gaining insight into the ways in which political decision-making is influenced by factors such as ethics and the economy.The existence of this center indicates that there resides a community of individuals at Dartmouth with similar interests to me, a community that I am eager to be a part of.While arguing a Dartmouth-related case before the U.S. Supreme Court in 1818, Daniel Webster, Class of 1801, uttered this memorable line: ''It is, Sir\u2026a small college. And yet, there are those who love it!'' As you seek admission to the Class of 2022, what aspects of the College's program, community, or campus environment attract your interest?Having once contemplated the many injustices in today's society, I questioned why not more was being done to improve the situation. I was then treated with this answer:\\\u2018It does not matter a person's circumstance now, for he or she will be rewarded in the afterlife for any suffering undergone during this life'.I found this response to be insufficient. I viewed it as an example of flawed-thinking, perhaps an excuse to allow for the evils of this world to prevail. I was left unsatisfied, yearning for a better solution. Consequently, I delved into the fields of economics and political philosophy, searching for a more adequate proposal to reduce the epidemic inequality in our world.Through my wider reading, I developed my knowledge of the various philosophical theories that govern us and their implications. I realized the economic benefits of meritocracy, but acknowledged that if a society were to become purely meritocratic, the market would be made heavily biased against racial minorities as a consequence of the ethnocentrism pertaining to all non-homogeneous environments. This would inevitably result in frustration within these minorities, leading to increased crime and interracial disharmony.My enhanced understanding of economics and political philosophy then steered me to examine positive discrimination. I found this to be a more suitable alternative to a purely meritocratic approach, as the overall societal benefit from minorities leading better lives - and in turn committing less crime - would far outweigh the potential additional economic growth spurred by the unrestricted market in a meritocratic society.Intrigued by the influence of markets and morality in the political decision-making process, I have found at the University of Pennsylvania a degree which effectively amalgamates these features, thus perfectly tending to my intellectual interests. To isolate one of the aspects of Philosophy, Politics or Economics, whilst ignoring the others, would certainly be an injustice, as an appropriate study of the realm of modern politics necessitates more than the pursuit of a typical bachelor's degree. Thankfully, at Penn's College of Arts and Sciences, the uptake of these three fields together in a cross-disciplinary manner is encouraged rather than restricted.Penn's PPE program also boasts countless unique features, such as its its Behavioral Ethics Lab, where talks and lectures are regularly offered regarding the pressing issues we suffer today. It would be a delight to attend them so as to expand my academic horizons, perhaps utilizing the knowledge gained to help conduct my own research as part of my degree; I would be honored to publish this work in either the PPE Journal, or my own think-tank LIPI.Another aspect that must be stressed is the course's emphasis on psychology and its importance to politics, a feature not found elsewhere. By pursuing the Choice & Behavior theme, I am able to enhance my knowledge of behavioral game theory, using it to model situations which will allow me to better comprehend the ways in which government subsidies may influence the decisions of low-income citizens.Having based my A Level French Research Project on Marine Le Pen and her influence on France's modern political life, I have developed a desire to spend time in France where I could immerse myself in French culture, and what better way to do this than with a year abroad in Paris! With both a proficiency in the language and a demonstrated interest in the region, I would make a great candidate to participate in the PPE-in-Paris program, an excursion allowing me to further my knowledge of French politics whilst aiding me in my quest to attain fluency in the French language.Through my research I have found that Penn as an institution will provide me the necessary tools and opportunities to pursue my diverse range of interests, as well as expose me to numerous others. As such, I believe that it is a perfect fit for me and would love to attend. How will you explore your intellectual and academic interests at the University of Pennsylvania? Please answer this question given the specific undergraduate school to which you are applying. (400-650 words)Whilst scrolling through Yale's website in an effort to explore the institution's countless opportunities, I stumbled upon a page titled 'Advice on Choosing Where to Apply'. I was taken aback by this finding: the article was dedicated solely to helping students find the university that was best suited to their individual requirements. It contrasted strongly to the stereotypical propaganda seen on the majority of university websites, professing the ways in which their individual school is the greatest.The very existence of this page makes strikingly apparent that Yale has pioneered an atmosphere wherein the needs of others are placed before one's own. It became undoubtedly clear that this was the perfect environment in which to spend the most crucial four years of my life.What is it about Yale that has led you to apply? (125 words or less)Some have described the worldwide appeal of populism\u2013a grass-roots force associated with a distrust of political and cultural elites, the attraction to common-sense solutions, and an upsurge in ethnic, religious, or national pride\u2013as a response to the upheavals of globalization. Over the past decades, technology and global trade have cost jobs and emptied cities, income inequality has grown exponentially, and, for many, the values of community and identity seem more threatened today than ever before. In your view, is the appeal of populism a necessary and positive corrective to the challenges of globalization, an unrealistic or inadequate response to the current age, or some combination of both? Is it an example of democracy at its best or a danger to democratic institutions?Please include your response below.The upsurge in right-wing populism across Europe, the United States and elsewhere has gone far from unnoticed. Rural voters frustrated by economic hardship have leaned towards nationalist parties that propagandize populism, ignoring the more mainstream Libertarian-leaning candidates preaching the benefits of globalization and free trade. One cannot deny that global trade, accompanied by technological advancement, has left certain non-metropolitan areas to suffer. Lower production costs in foreign countries have led businesses abroad, leaving behind masses of unskilled workers without steady pay-checks. The rise in populism is therefore a clear indication that many feel left behind whilst the rest of society is progressing, and consequently they are led to side with protectionist policies and those who preach them. Politicians claim to save jobs through nationalization and restriction of imports, thus appealing to those in society's wake with promises to relieve them of their financial constraints. Whilst these frustrations are understood, one must look at the overall societal benefit; technology and global trade have created millions of jobs, sparking economic growth and allowing for much greater social mobility. Although income inequality has risen, the living standards of society as a whole (including those below the median income) have risen alongside it. Policies encouraging global trade help to increase social utility, and as such their economic pursuit is ethically justifiable. At the same time, the rise in populism has identified that government is neglecting to accommodate those who have been disadvantaged by the free market, failing to provide the sufficient welfare, infrastructure or opportunity to gain the skills and qualifications needed to survive in this new advanced era. Therefore, I would like to offer my opinion by stating that the appeal of populism is paradoxically both necessary and unrealistic. This movement has outlined to government that it has failed to fulfill its role in protecting those who are deemed less-fortunate by natural market forces, therefore it is necessary in the sense that the state is made aware that something must be done to help. However, the demands made by populists are unfair, unrealistic and cannot be met, as the benefit of the majority of society cannot be sacrificed to correct the sufferings of a few. This recent ideological shift has also outlined a major flaw pertaining to democracy, being that voters are often misinformed. False promises and skewed statistics are used to sway a voter's thinking, and as a result has been this surge in ethno-nationalist populism. Politicians have exploited people's fears and discontent so as to expand their voter base, forming artificial relationships between immigration and crime, which have statistically been proven time and time again to be false. Corrupt leaders have notoriously given a face to the pains felt by these disgruntled citizens, with that face being anyone who looks or sounds different. This inevitably leads to hatred and resentment towards foreigners, which ill-minded political figures abuse to their advantage.Democratic institutions are methodically designed to prevent extremists from gaining power, yet, as we have recently witnessed across countless nations, dangerous figures have become more and more influential. It is clear that the beliefs of these elected officials is not a true reflection of the values held by those nations' citizens, but is instead the result of fear-mongering and manipulation perpetrated by the selfish elites that the populists themselves want away with. In this age of post-truth politics, we are seeing more and more the threat that malicious politicians are to democratic institutions.Populism is a bulwark in the common man's battle against the elites, but how is the common man expected to win a movement against those who founded it?In your view, is the appeal of populism a necessary and positive corrective to the challenges of globalization, an unrealistic or inadequate response to the current age, or some combination of both? Is it an example of democracy at its best or a danger to democratic institutions?Moving from the sparsely populated island-nation of Bahrain to the commotion of a rapidly developing UAE, was indeed an arduous experience. Many a tantrum were thrown in an effort to impede the process, but to no avail.Fortunately, that reaction was nothing more than the delusional fears of an eleven year old boy being made to adjust to a new environment. Within weeks of my arrival to Abu Dhabi, I begun to appreciate the blend of culture and modernity. This fusion has allowed my outlook on life to flourish, teaching me to appreciate both past as well as future.Tell us where you have lived - and for how long - since you were born; whether you've always lived in the same place, or perhaps in a variety of places.It is unfortunate that such an overwhelming emphasis is placed on standardized examinations during the final years of British secondary education. A student spends this crucial stage of his or her life becoming accustomed to countless acronyms such as \\\u2018GCSE' and \\\u2018UMS', memorizing mark schemes word for word and scrutinizing past grading curves in an attempt to predict the following exam session's grade boundaries.Amidst our struggle for success, we develop a tendency to neglect the things that bring us joy. I found myself in this same position, abandoning one of the most integral parts of my teenage life: the art of recreational ice-skating.I had made quite the name for myself at the Zayed Sports City Ice Rink. Those countless hours on the ice rendered me accustomed to its unique culture. The secret handshakes, the skater jargon, even the stench of sweaty socks lingering in the changing rooms would provide me with a sense of community and belonging.Despite my enhanced focus on academics yielding satisfying results, I continued to feel a sense of emptiness, where it became apparent that I had foregone one of my most intimate passions. Realizing that I longed for that sense of community, I grabbed my skates and headed back to the rink, where after what seemed like eons of celibacy, I would receive a warm-hearted 'welcome back' from the security guard stood at the gate.With the workload increasing as final exams approach, many of my peers struggle to find a position of equilibrium in their lives. My return to the ice however, has assured me that I will prevail; there exists no better feeling than to disconnect - truly disconnect - from the pressures of reality by feeling the cold wind brushing against your face as you speed across the oblong rink.Twenty years ago, the world met Harry Potter and his companions. One of the more memorable lines from the J.K. Rowling series was spoken by Albus Dumbledore: ''Happiness can be found, even in the darkest of times, if one only remembers to turn on the light.'' What ideas or experiences bring you joyIt is unfortunate that such an overwhelming emphasis is placed on standardized examinationsduring the final years of British secondary education. A student spends this crucial stage of hisor her life becoming accustomed to countless acronyms such as \\\u2018GCSE' and \\\u2018UMS',memorizing mark schemes word for word, and scrutinizing past result curves in an attempt topredict the following exam session's grade boundaries.Amidst this struggle for success, we tend to forget about the things that bring us joy andhappiness. It is undeniable the prevailing culture where pupils are expected to drop everythingfor their academics, a culture that I was regrettably drawn into. I found myself abandoning oneof the most integral parts of my teenage life: the art of recreational ice-skating.On the first day of school I met Majid, who invited me to join him and his cousin (whointerestingly enough was also called Majid) for a skate session at Abu Dhabi's Zayed SportsCity - a large sports complex named after the nation's founder. Having grown up in Bahrainwhere there was only one rink shared amongst the island's entire population, I had not receivedmuch exposure to the ice beforehand. As such I was eager to partake in this experience. It wasan opportunity to try something new, an opportunity that I am extremely grateful to have seized.Initially, it was quite difficult to adjust to the atmosphere. The uncomfortable boots paired withthe absence of stability was definitely an impediment, and the cold sweats as I journeyed fromthe soaring temperatures of Abu Dhabi to the hostile, Antarctic conditions of the indoor skatingcomplex; that first attempt was not one on which I look back upon favorably. Majid and Majid onthe other hand, were completely immersed in the activity, their faces animated with pure glee asthey seamlessly glided across the rink. I was both frustrated and utterly perplexed, attempting todecipher the reasons for which we perceived the same task in such contrasting lights.Ultimately, I concluded that it was simply a matter of me needing to adjust to the new conditions.As a result I persevered, determined to create a harmony between the blades and the ice.Slowly, my persistence began to pay off: after repetitive falls leading to a handful of face-firstplummets into the ice, I eventually taught myself to move without needing to clutch onto therailings, making it significantly easier to survive the cold as I was no longer subjected to placingmy hands on the freezing metal bars. At last, I found that I was enjoying myself, movingeffortlessly across the ice whilst swaying side-to-side with the tempo of the music emanatingfrom the speakers.Little did I know that one session would turn into another, and then another. Within a fewmonths, it became habitual, a religious service to which I felt inclined to attend; every sessionleft me more enlightened than the previous. I'd devote my entire weekend to this ritual, longingfor school holidays as they would allow me to skate every single day. I had made quite thename for myself at the Zayed Sports City Ice Rink. Those countless hours spent on the iceaccustomed me to its unique culture: the secret handshakes, the skater jargon, even the stenchof sweaty socks lingering in the changing rooms provided me with a sense of community andbelonging.Gradually, as school begun to constitute a larger and larger portion of my daily life, I saw thatmy visits to the sports complex became less and less frequent. By the time spring of Year 11 passed by, the concept of ice-skating was nothing more than a distant memory echoing from aprevious lifetime.Despite my enhanced focus on academics yielding favorable results, I begun to feel a sense ofemptiness, where it became apparent that I had foregone one of my most intimate passions.Realizing that I yearned for that sense of community once more, I grabbed my skates andheaded back to the rink, where after what seemed like eons of languishing, I would receive awarm-hearted 'welcome back' from the security guards stood at the gate.With workload and stress increasing exponentially as final exams approach, many of my peersstruggle to find a position of equilibrium in their lives. Be that as it may, the ultimate battlecontinues to draw closer, and my rediscovery of the balance between academics and the icehas assured me that I am prepared for combat. There exists no better feeling than to disconnect- truly disconnect - from the pressures of reality by feeling the cold wind brushing against yourface as you speed across the oblong rink. Above all however, is that I am given the chance torecalibrate my views and sensibilities in order to return, so that I may confront the difficultieslooking me dead in the eye without blinking once. I will prevail.Tell us about yourselfTowards the end of 9th grade, IGCSE French students were given the choice to follow the regular two-year curriculum, or to sit the exam a year early. This would allow them to then spend 10th grade preparing for the DELF B2, a rigorous qualification where if one is to pass, he or she is considered a fluent speaker. I felt that the IGCSE was neither adequate nor fulfilling. Being passionate about the French language, I craved the ability to utilize my linguistic skills in both an academic and non-academic setting. I longed to have discussions with francophone citizens that would encompass more than the bog-standard 'Je joue au foot avec mon frere'. And thus, after being presented with this option, I seized the opportunity and sat the exam early, so that I could reap the benefits that the DELF would bestow upon me.I remember when my IGCSE result came out; I was mightily pleased with my A*. I breezed through the course and felt confident with my ability to continue onto the DELF program. That was until I actually began. The DELF was monstrous, absolutely incomparable to the IGCSE. From day one we were made aware of the strenuous academic journey that we were about to embark on: at fifteen years old I would need to adjust my Anglophone ears to understand French radio programs, spoken in slang with noisy static in the background. I would have to comprehend and dismantle written-works from highly-esteemed academic journals, and confidently lead twenty minute discussions on topics that we would only know thirty minutes beforehand. Although the experience was arduous, I am extremely grateful to have undergone it. It exposed me to a world beyond my own, allowing me to indulge in French movies and literature, and also facilitated my transition from IGCSE to A-level French. It has even permitted me to pursue my academic interests in the language, by providing me with the necessary tools to understand periodicals such as Le Point's 'Comprendre L'economie'.As far as opportunities go, this one has definitely been the most rewarding in my academic career. Describe how you have taken advantage of a significant educational opportunity or worked to overcome an educational barrier you have faced.It is unfortunate that such an overwhelming emphasis is placed on standardized examinations during the final four years of British secondary school. A student spends this crucial stage of his or her life becoming accustomed to countless acronyms such as 'GCSE' and 'UMS', memorizing mark schemes word for word, and scrutinizing grading curves in an attempt to predict the following exam session's grade boundaries.Amidst this struggle to excel, we have forgotten that there is more to school than just learning to pass tests. We have overlooked the fact that school is a vibrant and friendly community where each and every individual is intertwined. And when one becomes ignorant of these aspects of school-life, he or she loses motivation and morale. Having seen the effects of this all-work and no-play attitude on my fellow peers, I became eager to alter this detrimental mindset, and as a result I applied to become Head of House, intending to help revamp our school's house system and recreate a sense of school spirit. Wanting to remind students of said aspects, we planned to organize several house events for students to partake in, the first being a lip sync competition: contrary to our expectations, the turn out for this was enormous, with virtually every Sixth-Former attending; cheers and applause echoed throughout the assembly hall, accompanied by the newly revitalized VI Form students singing along with joyful expressions on their faces. Owing to the success of this event, we were inspired to carry out countless others such as inter-house Basketball tournaments, Pictionairy Competitions, Traditional Emirati Game Nights and Silly Sports Days. It brings me a strong sense of satisfaction seeing kids walking down the corridors proudly chanting the name of their house. I am glad to have helped remind them that school is so much more than an exam-prep factory, and instilled this sense of school pride into their everyday lives.Through our dedication, school had once again begun to manifest itself as a healthy environment that prioritized enjoyment as much as it does academic achievement. What have you done to make your school or your community a better place?During the first week of 10th Grade English, Mrs. Houlihan treated us to a short movie for all of the work we'd done. Before pressing play, she shut the blinds and asked a student to turn the lights off. Momentarily after, a group of boys stood up and yelled, 'Oh no, where's Shady gone? It's too dark to see him!', and followed these words with cruel laughter. As wonderful as she was, Mrs. Houlihan never acknowledged the hateful words coming from these students. To this day I am unsure of why she didn't intervene; perhaps she perceived the incident as nothing more than innocent banter, but personally, I prefer to believe that she was just hard of hearing. Unfortunately, I didn't defend myself either, and as a consequence, the 'jokes' continued to be made. Each time it took place, I felt my sense of ethno-cultural pride diminish, leading my self-esteem to plummet along with any enthusiasm I possessed in class.I've switched schools since, and am in a much friendlier environment now. However, I mustn't forget where I was before, and what I learnt there. Knowing first-hand the effects of victimization on an individual, I have come to this new school with the intention to never stay silent when anyone is being discriminated against. I must help someone in need, no matter how fearful it may seem. I wish I had done something about my own case of victimization, but the past cannot be altered. Instead, I've decided to look forward and prevent this from occurring again, and as a result, I've joined the school mentoring program, vowing to aid any student facing social difficulties. Knowing the extent to which UC values an atmosphere free of discrimination and harassment, I feel that my past experiences and mentor training would make me a truly valuable asset to the campus. I consider it my duty to ensure that my peers reside in a safe and comforting environment, and would continue to do so at university, where I will help to certify that no one feels ostracized due to their race or ethnicity. Beyond what has already been shared in your application, what do you believe makes you stand out as a strong candidate for admissions to the University of California?"}]}