{"schema":{"fields":[{"name":"index","type":"integer"},{"name":"personal_essay","type":"string"}],"primaryKey":["index"],"pandas_version":"0.20.0"},"data":[{"index":0,"personal_essay":"My stomach painfully twists as I sit in the van driving back from my mission trip to Eagle Pass. This has happened to me before. It won't last more than a week. The next two and half weeks proved me wrong. The pain intensified as the days passed, and every time I tried to eat, it made me more aware of the pain. 'Pierce, we need to go to the hospital.' Before I knew it, I was in a hospital bed with an IV in my arm. My vision faded and I woke up several hours later. 'After reviewing the test results, it is clear that you have Crohn's Disease.' My heart dropped.Both my parents suspected that I had an inflammatory bowel problem. I had done my research and I knew there was no cure for Crohn's. I thought that my week could not get any worse.Three days later I received a call from my father telling me that I needed to accompany him to the hospital. My grandmother, who had been battling illnesses for months, was going to die. She had moved to Houston shortly before I was born to be closer to my mother. As we stood with her in the cold hospital room, memories of the times when she would pick me up from school came flooding back. She was a retired teacher and routinely helped me with my homework and sparked my interest in science. She died later that night.My diagnosis and the loss of my grandmother could not have come at a more challenging time during my junior year. I was a member of the first Strake Jesuit Public Forum Debate team to attend the national Tournament of Champions (TOC), and AP exams would be taking place in just over a month. I missed about two weeks of school during my Crohn's flare-up, so I was swamped with makeup work.Everyone faces obstacles, and I told myself that while my disease and circumstances may have left me weak, I wouldn't give up. I knew I could be just as determined as my grandmother, who battled illnesses, countless broken bones, and underwent more surgeries than I can remember. I put all my energy into recovery and my determination and hard work paid off. My debate partner and I finished the TOC with a positive record, I scored 19\/20 on my combined AP exams, and I maintained straight A's in all my courses. After eight months, I no longer have pain and can manage my disease with medication. Moreover, I am confident that I can overcome difficult obstacles and help others do the same.I always wanted to be a doctor but never saw myself as a patient. My experience has been edifying. After seeing many different doctors and having a multitude of tests, I saw the complexity of our health care system and appreciate the need for simplicity and coordination as a care provider. I think that doctors need to see beyond the specific disease and understand the other issues that are happening with the patient. For me, I want to be more patient-centered and less disease-centered when I hopefully enter the world of medicine.I also developed a better understanding of the steep costs that come from medical care. While we could pay for my care, I realized that many families go bankrupt due to medical expenses. I founded a 501(c)(3) charity, the American Medical Debt Relief Foundation, and currently serve as President. My organization raises funds to forgive medical debt owed by people all over the country. Since inception, we have abolished about $3 million in medical debt, ensuring that these patients can focus on recovery and not repayment. I'm not happy that I have this illness, but I'm able to use it positively to be a better person and advocate.I spent the majority of my time after school, every weekend during the school year, and several weeks each summer debating. I chose debate because I wanted to further my academic interests beyond what I could learn in the classroom. It was important to me to learn more about what was going on in the world. The experience has been invaluable for several reasons. I learned how to handle defeat. During my freshman year, my partner and I competed on the varsity team and found that competing against seniors was very difficult. Despite this, we tried different strategies in rounds, had practice rounds against the seniors on our team almost every day, and just kept doing as much research as we could. That year, and the following two years, I was awarded the honor for the best public forum debater at Strake Jesuit. I have learned how to work collaboratively. Summers at debate camp gave me the opportunity to work with debaters from across the country with different backgrounds and experiences. I formed bonds with people over a common interest in the issues that face not only our nation, but the entire world. The lessons that I have taken from that novel cooperation and the friends that I made are still some of my most important memories. By sophomore year, my partner Daniel and I were serving as the captain of both varsity and junior varsity teams. We won our first tournament and qualified for the state championship. We kept up the hard work, spent another summer at debate camp in Boston, and junior year we qualified for the exclusive, national Tournament of Champions (the collection of the best teams in the US). Debate also gave me a chance to be a teacher. Now in our senior year, we have taken the Strake Jesuit Public Forum Team from a group that struggled to qualify members for the state tournament to a team that regularly receives several qualifying bids to the Tournament of Champions at every competition we attend. Daniel and I have come a long way since our freshman year and we are ranked 5th in the nation (as of 01\/09\/18).The skills central to success in debate: analyzing data, using it to create cogent arguments, being able to express myself clearly, and thinking on my feet are the same skills that will be central to my success in the future. These skills will facilitate my efforts to reduce disparities and inequities through medicine and policy."},{"index":1,"personal_essay":"'To give and not to count the cost'-St. Ignatius of Loyola, The Prayer for GenerosityI grew up with two physician parents and they were adamant that I live a life of service to others. My mother is spending her career working in public hospitals and my father is a leader for one of the world's largest medical charities. I understand the quote because I watched it every day through my parents' actions and those of my entire community.When I was looking at high schools, I chose Strake Jesuit, not just because of the great education it offered, but also because of the motto 'Men for Others'. Strake hosts students of different backgrounds and beliefs, but all are united by the mission to improve ourselves, our communities, and society at all levels. I have done my best to live this quote in my everyday actions and larger undertakings that present themselves in sometimes unexpected ways. During Spring break of my junior year, I went on a trip to Eagle Pass, Texas and stayed in a sanctuary church where undocumented immigrants from El Salvador were living. My days were spent working to repair a home and my nights were filled with discussions with the immigrants about the lives they left and what they sacrificed to come to this country. Another unexpected opportunity presented itself when Houston was tragically struck by Hurricane Harvey at the end of August. I had been using Facebook Messenger to help coordinate rescues of trapped flood victims. As soon as we could drive out of our neighborhood, I grabbed a small boat, and set out for flooded areas of the city with my father. We worked with others to create a rescue convoy. I waded into homes filled with chest-deep water and rescued 20 people, including several small children and their pets. Service is what I know and what I value. I look forward to the opportunity to hone the skills I have gained through my service and continue to enhance my social awareness. The aim of my life has been, and will continue to be, eliminating and preventing injustice and inequity. I believe that my future likely lies in medicine and policy as the most effective tools for me to accomplish this goal and I believe that the Jesuit education at Georgetown will be an outstanding next step.As Georgetown is a diverse community, the Admissions Committee would like to know more about you in your own words. Please submit a brief essay, either personal or creative, which you feel best describes you.Trinity College at Duke and Strake Jesuit share a strong academic environment and commitment to service that I hold in high esteem. I have known since elementary school that I wanted to be a physician like my parents. Duke's Global Health Institute will give me the opportunity to study healthcare in the context of improving health across the world. Moreover, my father, has told me a great deal about the experiential learning in the Global Health major which would give me the opportunity to work with populations left by the wayside as healthcare advances. Additionally, DukeEngage would let me take my experience and knowledge about healthcare accessibility and costs that I have gained from running my charity, the American Medical Debt Relief Foundation, and design a program to address access and cost almost anywhere in the world.If you are applying to the Trinity College of Arts and Sciences as a first year applicant, please discuss why you consider Duke a good match for you. Is there something particular about Duke that attracts you? (Please limit your response to no more than 150 words.)I am guided, not just by a motivation to tackle the problems of inequity and injustice, but to do so in a cooperative manner that results in enduring and effective solutions.I was sleeping on the floor of a brick sanctuary church in Eagle Pass, Texas just north of the Mexican border. I was there with a group of students and several adults to help a woman whose husband had recently died. He had struggled with chronic illness for the last several years of his life, an illness which prevented him from fixing the roof, repairing the water heater and a variety of other tasks to keep their home in order. His wife had been focused on meeting his health care needs and wasn't thinking about their house. Unfortunately, it could be ignored no longer, and the many facets of the house's basic functions were in desperate need of repair. We set out to remedy these issues over the following week.The students in my group were all high school juniors who all wanted to pursue very different careers. Moreover, the adults on our site came from all walks of life; a sports commentator, a teacher, and a private construction contractor. I found guidance and expertise in all the people around me. The team started doing work where they had some experience, and as we worked together, we learned new skills from each other. No one person could have completed the project alone. We worked full days, regardless of the weather, to ensure that we could complete her home repairs during our stay. As our teamwork continued, I learned the value of effective communication\u2014asking questions and listening with the intention of understanding, not simply replying. One should never deny the value of another's perspective in any situation. After tearing up the faulty components, measuring, designing, and cutting new parts for the house, we came out with a much-improved home for our gracious host. I was glad my co-workers and I spoke Spanish, allowing us to communicate with her and receive her incredibly warm thanks. At Johns Hopkins, I look forward to being surrounded by students and professors who work together to create an inclusive and innovative environment.Successful students at Johns Hopkins make the biggest impact by collaborating with others, including peers, mentors, and professors. Talk about a time, in or outside the classroom, when you worked with others and what you learned from the experience. (300-400 Word limit)I am most motivated to learn when I can apply the knowledge to help others, not just on an individual basis, but also on a systemic level where I can make lasting changes for the better. My most enjoyable learning experiences are those which involve building a strong base of knowledge and developing leadership skills.  For example, to found my charity, I spent weeks reading material detailing the process for founding a nonprofit organization, corresponding with compliance agencies, and reading state and federal laws to ensure that my organization would be legally registered and effective. While at Emory, I want to learn more about the human body and the way we interact with the world, not just to become a physician, but to effectively advocate for the sick and the disenfranchised.What motivates you to learn?, What will you miss the most about your current community when you leave for college?The 1995 movie, Outbreak, directed by Wolfgang Petersen is one of my favorite movies of all time (despite a 59% Rotten Tomatoes rating). I found the investigation of disease spread in populations fascinating.  The movie follows the progress of a variation of a hemorrhagic fever virus originating in the 'Motaba River Valley' as it spreads through a small American town. It portrays the science behind tracking the origin of a disease so that a vaccine could be developed. I found the science incredibly interesting, and the issues of prejudice and governmental power equally so.I was excited and eager to know more, and after seeing this movie I talked with my biology teacher who recommended The Coming Plague as additional reading.  So many upcoming infectious diseases arise in neglected areas affected by lack of investment and broken infrastructure.  This has happened for centuries\u2014remember the cholera outbreaks in England that were caused by poor public water systems. In my view, if we want to solve the problems facing modern infectious diseases, it will take stepping out of our isolationist mindset and running towards the problem in the least accessible parts of the world. Preventing the spread of illnesses in developing nations will take investment in infrastructure.  Improvements in the health of these seemingly remote areas can actually prevent the development of disease in the United States. Even though it might seem as though we are just improving a few lives, these efforts could potentially save the whole world.The Stanford community is deeply curious and driven to learn in and out of the classroom. Reflect on an idea or experience that makes you genuinely excited about learning. (100 to 250 words)As long as I can remember, I have wanted to be a physician. Studying at the College of Arts and Sciences at the University of Pennsylvania will give me the specialized knowledge base I need to pursue a medical degree, and allow me explore a wide range of other fields and learning opportunities to ensure that I am well-rounded.I am interested in a biology major and appreciate the various concentrations that are offered within that major. Ever since I read The Coming Plague, I have been interested in how our environment, specifically with respect to diseases, can influence health and society. The concentration on Mechanisms of Disease will give me a chance to explore these interests and enhance my broader understanding of the interactions between social factors, disease, and health. This is important to me as while I desire to be a physician, I also aspire to facilitate widespread changes to society as an advocate and reformer of the healthcare system.Furthermore, I believe that such knowledge should be utilized beyond our borders for a global impact on some of the biggest threats to humankind.  It is increasingly recognized that 'global' health impacts US health. Advocacy for a standard of medical and surgical care worldwide is critical. This has been demonstrated vividly in the past several years with the outbreaks of highly communicable diseases in Africa that are rapidly disseminated around the world due to our increasingly mobile population. Our government needs to effectively partner with those of other nations, global health organizations, and NGOs to become more effective and efficient in containing outbreaks. In many ways, I think this may be the first step in global cooperation in setting and maintaining global standards of basic care.In my effort to impact global cooperation and advocacy, I would benefit from the ability to communicate more effectively in other languages. Living in Texas and going on mission trips to border towns, I have gained an understanding of the hardships faced by many people throughout Central and South America. Using the strong Spanish language course offerings, as well as the minor in Hispanic Studies, I can build on my existing skill set. Having a command of another language will be crucial as I hope to travel, possibly with the Study Abroad Program offered by the University, and attempt to deepen my knowledge of effective mechanisms to address the issues of poor healthcare and infrastructure.Beyond these specifics, my immersion in the historically strong academic and socially aware environment at the University of Pennsylvania will greatly facilitate all that I plan to do with my life. Moreover, the University of Pennsylvania has the resources and collaborative environment that I need to approach societal problems as an undergraduate.How will you explore your intellectual and academic interests at the University of Pennsylvania? Please answer this question given the specific undergraduate school to which you are applying. (400-650 words) Hasan Minhaj said something that caught my attention in his comedy monologue at the last White House Correspondents' Dinner. He said, 'we're living in a strange time when trust is more important than truth'. While this quote is from a performance that was anything but serious, it carries a concerning message. I deeply value the trust of others and I want my relationships to be ones of mutual trust. To me, truth and trust go hand in hand and have equal value. If I always tell the truth, then there would never be any reason to not trust me. Unfortunately, I think Mr. Minhaj is correct. Error and malicious intent have spawned an atmosphere of mistrust because of a lack of truth. However, the problem is circular, and not simply a lack of truth, but also misuse of a position of trust. Many people in our nation are willing to believe whatever a trusted source tells them and dismiss truth delivered by sources that may be perceived as less trustworthy. I want the place I live to be filled with people guided by facts and science, regardless of who is bringing them forward. Once we can get beyond the motivation to alter the truth or slander its harbingers for our own ends, then we can enter an era of universal cooperation. I hope that my country can unite around this unaltered truth and work together toward a community of equality and justice.What do you hope will change about the place where you live?I would bring to UNC, not just a motivation to tackle the problems of inequity and injustice, but an understanding of how to foster effective communication and cooperation to bring a complex goal within reach. During Spring break of my junior year, I went on a trip to Eagle Pass, Texas and stayed in a sanctuary church. I was there with classmates to help a woman whose husband had recently died. He had struggled with chronic illness for the last several years of his life and had been unable to keep up their home. Our host had spent those years caring for him because they lacked healthcare access.The students in my group were all high school juniors who wanted to pursue very different careers. Moreover, the adults on our site came from all walks of life; a sports commentator, a teacher, and a private construction contractor. I found guidance and expertise in all the people around me. The team started working in areas where they had some experience, and as we worked together, we learned new skills from each other. No one person could have completed the project alone. We worked full days, regardless of the weather, to ensure that we could complete her home repairs during our stay. Showing mutual respect and working together for another's benefit are cornerstones to future success. I am highly motivated to inspire others to do their best. I look forward to working with my classmates to change the lives of others.What about your background, or what perspective, belief, or experience, will help you contribute to the education of your classmates at UNC?My stomach painfully twists as I sit in the van driving back from my mission trip to Eagle Pass. I thought to myself, 'This has happened to me before. It won't last more than a week.' The next two and half weeks proved me wrong. The pain intensified as the days passed, and every time I tried to eat, it made me more aware of the pain. 'Pierce, we need to go to the hospital.' Before I knew it, I was in a hospital bed with an IV in my arm. My vision faded and I woke up several hours later. 'After reviewing the test results, it is clear that you have Crohn's Disease.' While I had often dreamed of being a doctor, I didn't imagine myself as a patient.Everyone faces obstacles, and I told myself that while my disease and circumstances may have left me weak, I wouldn't give up. I put all my energy into recovery, and my determination and hard work paid off. I can now control all my symptoms with medications. My experience has taught me many things. I think that doctors need to see beyond the specific disease and understand the other issues that are happening with the patient. For me, I want to be more patient-centered and less disease-centered when I hopefully enter the world of medicine.I also developed a better understanding of the steep costs that come from medical care. While we could pay for my care, I realized that many families go bankrupt due to medical expenses. I founded a 501(c)(3) charity, the American Medical Debt Relief Foundation, and currently serve as President. My organization raises funds to forgive medical debt owed by people all over the country. Since inception, we have abolished about $3 million in medical debt, ensuring that these patients can focus on recovery and not repayment. I'm not happy that I have this illness, but I'm able to use it positively to be a better person and advocate. However, I need to further educate myself to be an even better advocate. I am particularly interested in pursuing a Bachelor of Science in Global Health at Georgetown University because of the diversity in the degree program itself. Just as debate appealed to me with copious opportunities to learn beyond the classroom, the Global Health program provides opportunities like internships which allow me to work on solving the problems of poverty and injustice, even as an undergraduate. The study abroad program would be an amazing opportunity to learn about diverse cultures and provide service to improve the lives of others. I look forward to working with my colleagues and the world-famous professors at Georgetown to hone my skills in research and writing. I also hope to take advantage of courses in health policy which will inform and guide my efforts to address the growing issue of medical debt. With the outstanding curriculum, Georgetown University is uniquely suited to prepare me for a future of service to improve the health of communities through medicine and policy.APPLICANTS TO THE SCHOOL OF NURSING & HEALTH STUDIES: Describe the factors that have influenced your interest in studying health care at Georgetown University. Please specifically address your intended major (Health Care Management & Policy, Human Science, Global Health, or Nursing).My family  taught me that facing serious obstacles and loss doesn't mean givingup. When you come upon a mountain, you only need resolve and commitment toclimb it. Most recently, I have faced two major obstacles that have changed myentire life.The first obstacle came at the end of my mission trip to Eagle Pass, Texas. Icould feel my stomach painfully twisting as I sat in the van headed back toHouston. I thought, 'This has happened to me before. It won't last more than aweek.' The next two and half weeks proved me wrong. The pain intensified as thedays passed and my energy was slowly sapped from my body. 'Pierce, we need togo to the hospital.' Before I knew it, I was in a hospital bed with an IV in mywrist. My vision faded and then I woke up many hours later. 'After reviewingthe test results, it is clear that you have Crohn's Disease.' My heart dropped.Both my parents suspected that I had an of inflammatory bowel problem. I haddone my research and I knew there was no cure for Crohn's. My father - a doctor- sat down with me and said, 'I looked over the images with your physician, andthis is a pretty serious case. We're worried you may not be able to make a fullrecovery.' I thought that my week could not get any worse.The second obstacle came as I was walking out of school 3 days later when Ireceived a call from my father telling me that I needed to accompany him to thehospital. My grandmother, who had been battling illnesses for months, was goingto die. She had moved to Houston shortly before I was born to be closer to mymother. As we stood with her in the cold hospital room, memories of the timeswhen she would pick me up from school on Thursdays with my grandfather cameflooding back. They routinely helped me with my science homework which helpedspark my interest in the natural world and the human body. She died later thatnight.These obstacles could not have come at a more challenging time during my junioryear. I was a member of the first Strake Jesuit Public Forum Debate team toattend the national Tournament of Champions (TOC) and AP exams would be takingplace in just over a month. I missed about two weeks of school during myCrohn's flare up, so I was swamped with makeup work. I was also dealing with aserious infection from the immune suppressing medication I take to control mysymptoms which made it very hard to focus.Despite those obstacles, I told myself that while my disease and circumstancesmay have left me weak, I would never let them keep me down. My family and hadtaught me that I was better than anything that life could throw at me. Icouldn't give up just because I was in poor health. My grandmother battledillnesses, countless broken bones, and underwent more surgeries than I canremember. Yet through it all, she made time to educate and care for me. I knewI could be just as determined. Morning after morning for the next few weeks, Imet with my teachers outside of school hours to go over many days of missedmaterial and take a plethora of tests. I also began a rigorous workout routinewith the goal of regaining my strength and surpassing my abilitiespre-diagnosis. My determination and hard work paid off.  My debate partner andI finished the TOC with a positive record, I scored 19\/20 on my combined APexams, and I maintained straight A's in all my courses. After six months, Ihave nearly made a full recovery and can manage my disease. Moreover, I am nowconfident that I can take what I have learned from my family and myexperiences, and help others overcome obstacles that might seem insurmountable.What was the environment in which you were raised? Describe your family, home, neighborhood, or community, and explain how it has shaped you as a person.'To whom much is given, much is expected'I grew up with two physician parents and they were adamant that I live by this quote.My mother grew up in a chemical mining town on the edge of a dry lake and my father spenthis early years living in the Basin Street housing projects in New Orleans, Louisiana. They bothdid extremely well and have provided me with incredible opportunities.I have always understood that I could not squander these opportunities. I chose StrakeJesuit, not just because of the great education it offered, but also because of the motto 'Menfor Others'. Strake hosts students of different backgrounds and beliefs, but all are united by themission to improve ourselves, our communities, and society at all levels.I understand the quote because I watched it every day through my parents' actions andthose of my entire community. I have done my best to live this quote in my everyday actionsand larger undertakings that present themselves in sometimes unexpected ways.During Spring break of my junior year, I went on a trip to Eagle Pass, Texas and stayed ina sanctuary church where undocumented immigrants from El Salvador were living. My dayswere spent working to repair a home and nights filled with discussions with the immigrantsabout the lives they left and what they sacrificed to come to this country.Another unexpected opportunity presented itself when Houston was tragically struck byHurricane Harvey at the end of August. I had been using Facebook Messenger to helpcoordinate rescues of trapped flood victims. As soon as we could drive out of ourneighborhood, I gathered up our small boat, and my father and I set out for flooded areas ofthe city. We worked with others to create a rescue convoy. I waded into homes filled withchest-deep water and rescued 20 people, including several small children and their pets.Service is what I know and what I value. I look forward to the opportunity to hone theskills I have gained through my service and continue to enhance my social awareness. The aimof my life has been, and will continue to be, eliminating and preventing injustice and inequity. Ibelieve that my future likely lies in medicine and policy as the most effective tools for me toaccomplish this goal and I believe that education at Harvard will be an outstanding next step.You may wish to include an additional essay if you feel that the college application forms do not provide sufficient opportunity to convey important information about yourself or your accomplishments. You may write on a topic of your choice, or you may choose from one of the following topicsI bring to Rice not just a motivation to tackle the problems of inequity and injustice, but an appreciation of these problems as well. I was sleeping on the floor of a sprawling brick church in Eagle Pass, Texas just north of the Mexican border. I was there with classmates to help a woman whose husband had recently died. He had struggled with chronic illness for the last several years of his life.  His illness had prevented him from fixing the roof, repairing the water heater and a variety of other tasks to keep their home in order.  His wife had been focused on meeting his health care needs and wasn't thinking about the house.  Unfortunately, it could be ignored no longer, and the many facets of the house's basic functions were in desperate need of repair.  Several of the rooms in her house typically flooded when it rained, and her sink would not drain properly. Instead, water would run all over her kitchen floor. We set out to remedy these issues over the following week. Along with several classmates, we worked full days regardless of the weather to ensure that the rather overwhelming task would be finished during our stay. After tearing up the faulty components, measuring, designing, and cutting new parts for the house, we came out with a much improved home for our gracious host. I was glad that myself and several of the other people in the group spoke Spanish allowing us to communicate with her and receive incredibly warm thanks in return.  A lifetime of experiences like these have given me a better appreciation for inequities in our country.  The burden our host faced in caring for her husband was forced upon her because of her inability to afford and access long term healthcare for her husband. Even when one can afford care, like my family, the system does not prioritize easy access.  Being diagnosed with a chronic, incurable, but thankfully treatable disease shortly after this trip has opened my eyes even further to the issues of healthcare cost and access faced by low-income Americans. I saw how rapidly my medical bills mounted, and I was grateful for my family's insurance coverage. This spurred me to establish, and currently lead, a charity that relieves families of the burden of medical debt. With the generosity of my organization's donors, we have purchased and forgiven three million dollars in healthcare debt owed by Texas families just like our host in Eagle Pass. I would contribute unique experiences and knowledge of some of the changes that could help address the increasing disparities and inequities in our communities. The quality of Rice's academic life and the Residential College System are heavily influenced by the unique life experiences and cultural traditions each student brings. What personal perspective would you contribute to life at Rice? (500 word limit)Being born and raised in Houston, I have admired Rice as long as I can remember. From jogging the track around the University, to riding through the beautiful campus with my father, my parents told me that they would be incredibly happy if I pursued my education at Rice, as I would attending one of the best institutions in the country. My first significant and personal experience with Rice University was a Public Humanities tour during my sophomore year. This tour and my subsequent reflection on it directly motivated me to apply to Rice.  The tour began with clips from one of the best movies I have ever seen, Outbreak. We continued by exploring outbreak narratives and how society discusses and approaches the dangers of new diseases with Abby Goode. The rest of the tour was spent exploring the records, history, and tools used in medicine. The entire experience was an enlightening look into not only the history of medicine, but also global\/societal perspectives on the problems that caregivers seek to address.  With passionate and knowledgeable instructors, I am confident that attending Rice will allow me to go beyond just learning about problems to solving them. How did you first learn about Rice University, and what motivated you to apply? (250 word limit)"}]}