{"schema":{"fields":[{"name":"index","type":"integer"},{"name":"personal_essay","type":"string"}],"primaryKey":["index"],"pandas_version":"0.20.0"},"data":[{"index":0,"personal_essay":"] I have a complex Oedipus complex: it's quite difficult (impossible, really) to develop and then resolve a rivalry with my father if he does not exist. So, according to Freud, I'll never form a super-ego, and I won't develop a 'moral compass.' Outdated psychological theories can be rather frustrating!It's been a rollercoaster ride growing up with two mothers, but I imagine that childhood is often turbulent, no matter who one's parents are. As time has passed, however, I've come to greatly appreciate my family structure. I've even entertained the radical idea that all kids should have to grow up with two moms - at least for a part of their lives. We're impacted so much by the people who raise us, and I can confidently attribute my respect for women, belief in diversity, and nonviolent nature to growing up with the two independent, strongly-principled feminists I have the privilege of calling my mothers. Not surprisingly, however, I haven't always had such an appreciative perspective.In 5th grade, I had a good friend named Harry. We'd been in classes together for a few years, and - like typical 5th-graders - we connected through sports, smarts, and silly jokes. One day in science class, the topic of what our dads did for a living arose. When my turn came, I sheepishly muttered, 'I have two moms.' Many of my classmates already knew of my family structure, but the temporary look of shock and disapproval that I glimpsed on Harry's face told me that this was the first time he was hearing this apparently unacceptable news. After he recovered from his initial confusion, the conversation carried on pretty ordinarily. From that day forward, though, Harry and I rarely talked.For a long time I blamed myself for Harry not liking me, but I was also mad at my parents. 'Why couldn't you two be normal?' I thought. 'Why can't I have a dad like everyone else?' I was thoroughly uncomfortable talking about my family. I loved my parents deeply, but any time the topic of dads came up, I avoided the conversation. If avoidance was impossible, I engaged in self-deprecating and sardonic humor, poking fun at my 'abnormal' family. My experience with Harry could have taught me that true friends should support each other fully and unconditionally; instead, it planted in my mind the worry that there was something inherently wrong with my family. This harmful idea, which persisted through middle school, hindered my self-confidence and inhibited my personal development.This summer, while volunteering at a literacy camp, I encountered a situation reminiscent of my experience with Harry. A rising 3rd grader, Donald, asked me about my dad's job. When I explained that I have two moms, Donald snorted, 'Ew.' My heart sank. A confusing combination of shock, anger, and disappointment coursed through my veins. For a moment I was paralyzed. How could it be that in America, the most advanced nation in the world, an 8-year-old kid who can't even read the word 'homosexual' already has an ingrained repulsion toward gays and lesbians? I quickly regained my composure and began my impassioned rebuttal: 'My mothers are upstanding citizens who are incredibly kind and do much good in the world!'My response may have meant little to the oblivious youngster, whose mind had undoubtedly moved on to more pressing issues, like lunch. Our conversation, however, did have a significant impact on me. It showed me that I'm proud of where I've come from. It reinforced my deeply held notion that a person's character is comprised of far more than sexual orientation. It reminded me that our world still needs people willing to fight for universal acceptance and respect.It turns out that my Oedipus complex isn't so complex after all: I don't need to identify with a father to learn how to be moral. My mothers' examples have guided me all along. "},{"index":1,"personal_essay":"'A rising tide lifts all boats.'To me, this phrase is simultaneously the catchphrase for a flawed economic idea and the image I associate with 'The Common Good.' Now, to separate the inequality-fueling practice of Reaganomics from the noble principle of the Common Good, I should clarify what the Common Good means to me: Contributing to the Common Good means making choices that serve communities and the individuals within them; advocating for the Common Good involves being aware of societal problems and how they can be meliorated; living for the Common Good requires a devotion to helping all people lead a Good life in every sense of the word.Thinking about how a person can make a lasting impact on the world is a daunting task, but one lecture in economics class helped me discover how I could maximize my contribution to the Common Good: education. Poverty is the single biggest obstacle to creating an equitable society, and, in my opinion, education is the most effective way of breaking out of the poverty cycle. By enacting educational reforms that improve quality and expand access to good schooling, I could provide opportunities for success and basic comfort. Expanding educational opportunity also helps to build the next generation of socially conscious thinkers, ready to serve the Common Good in their own unique way.Through living, learning, reflecting, and doing, I hope to 'lift all boats.' Above all, I hope to make the world a place where goodness is a bit more Common.'Main office after class,' my teacher said to me after she hung up the classroom's phone.'Okay,' I choked out, my heart rate quickening as blood rushed up to my face. What had I done? Was I in trouble? How will I tell my parents? Little did I know that the news I'd receive in the office would lead me to one of the most formative experiences of my life.It turns out I wasn't in trouble at all; in fact, I'd been nominated to participate in the Rotary's Oratorical Contest on the role of ethics in the life I plan to live. Upon hearing this, I was thoroughly excited. The contest gave me a vehicle for improving my public speaking, reflecting on my values, and analyzing how to live morally.When I started writing my speech, ideas flew through me with ease. I explored how valuing truth and fairness can help lawyers, how listening skills affect friendships, and how minor actions can have major consequences. For the conclusion, I decided to write about what I hope to achieve in my lifetime. After writing it, I felt inspired and hopeful about my future: After presenting it formally for the first time, I knew I had developed a deep conviction for ethical, meaningful living.When my life is coming to a close, the only way I know I'll be happy and proud of the life I've lived is if I can honestly say I changed the world for the better. This doesn't mean I'll solve all the world's issues, but each time I stand up for the victim of bullying, give to those in need, make someone feel cared for, or combat selfishness and promote benevolence, I'll be contributing to the greater good. Then my mission will be complete; then I will know that I have earned the right to be a part of the grand community that is our world.Not only did these words add purpose to my life, they also increased my excitement for college. In college, I'll fine-tune my problem-solving and critical thinking skills, helping me tackle complex societal issues. I'll gain the independence and confidence needed to make a real difference in the world. Best of all, I'll be surrounded by like-minded individuals who are engaged learners committed to serving the common good.At Clark, I'd learn about a broad array of subjects while developing intellectual skills that transcend disciplines. I'd gain real-word experience while cultivating practical skills. Clark's ability to enrich of both these types of abilities is what makes a LEEP education so special. Furthermore, many of Clark's programs excite me: Law and Society, Ethics and Public Policy, and Peace Studies all would further my understanding of how to make a lasting, positive impact on the world around me. This academic atmosphere coupled with Clark students' dedication to community service makes Clark an institution that would guide me on my way to becoming an ethical, considerate, and influential part of our great world.I don't know what job I want to have, but I know what I want to do. When I saw the phrases 'innovative change agents' and 'work for the common good' on the Taubman Center's website, I was immediately hooked. I dream of a day where educational and anti-poverty policies give each citizen an equal opportunity to succeed: Public Policy will help me turn that dream into action.I believe a thorough grounding in the framework and operations of a system allows for understanding of that system. I believe it is vital to understand a system before trying to improve it. I believe that with the proper skills and knowledge, even the most complex problems can be solved. Because of this, I believe a Public Policy concentration will allow me - with passion, clarity, and insight - to address the challenging but surmountable obstacles standing in the way of global equality.I'm not a religious man, but I have a deep connection with the Unitarian Universalist church.I used to dread Sundays: the hour of listening and singing was unbearable for me. However, when I began searching for my sense of self, I realized that the church's teachings had subconsciously influenced my beliefs.What I think are my defining characteristics - acceptance of differences, a commitment to giving back, and a belief in the power of love - are very similar to my church's values. Most importantly, the church has shaped me by giving me choice. The UU church promotes ideas but does not force its members to believe in them. If you want to believe in God, great! If not, great!What binds the church's members is a commitment to improving our community and the world. Thanks to the guidance of my church, I share this deep and powerful commitment as well.The world is filled with extraordinary people; among all of them, I would choose my social studies teacher as my partner in a tutorial. Not only is Mr. W brilliant and diligent - traits necessary for tutorial success - he has additional qualities that would help me get the most out of the tutorial: he's passionate about continuing to learn, is eager to challenge ideas in a constructive manner, and, most importantly, his ideological bend is significantly different than mine.Many students prefer learning with like-minded individuals, but I learn most effectively when paired with people with whom I initially disagree. Mr. W says he respects all opinions that are intelligently supported, and I am in full accordance. Since I am a moderate liberal and Mr. W is a moderate conservative, our opinions would be different enough to force each other to consider new ideas but similar enough to make our differences reconcilable. By looking at the same problems through different lenses, the conclusions we'd draw would likely be in the hypothetical 'middle,' a place that's rarely inhabited but contains all sorts of answers.The dynamic of having a teacher as my fellow student could pose problems, but I believe the challenges would further my development as a learner. As the least experienced of the group, it would be easy for me to defer to the expertise of my older counterparts; however, if I truly want to enter the important academic conversations of our day, I'll need to make my voice heard among distinguished, accomplished individuals. This dynamic would also force me to critically assess my own ideas before expressing them. The skills I'd develop would serve me well both in the classroom and in all of the intellectual endeavors that our fascinating, ever-changing world has in store for me."}]}