{"schema":{"fields":[{"name":"index","type":"integer"},{"name":"personal_essay","type":"string"}],"primaryKey":["index"],"pandas_version":"0.20.0"},"data":[{"index":0,"personal_essay":"]  As I gaze off into the dripping heat, I think about the newest book I bought from the local peddler. A novel by a new woman author, named Mary Shelley. It is about Galvanism, and my tutor would pitch a fit if he knew. The Savannah heat is so unbearable that I am fairly certain I might faint in my new gown and bonnet and cause a terrible scene. But just when I think I am about to lose my mind, I see a horse and carriage turn around the corner under the Spanish moss, and I know it is time for tea.I have been given the gift of time travel. I journey though the centuries in a museum in the heart of Savannah, Georgia's charming historic district. There I am no longer Kate Bosen, high school senior, avid Motown fan, and cupcake connoisseur, but a young woman living in the nineteenth century Deep South named Louisiana. I am enchanted by science fiction and transcendentalist novels, and am frequently reprimanded for my interests in such. I began to volunteer my time there when I was fifteen, as a docent-in-training and, after an intense winter of studying, started giving tours of the historic landmark to visitors from all over the world.  I was thrilled to learn about the museum's nineteenth century roots. I had always thought Savannah's history to be fascinating, but never had a chance to research or immerse myself into it. Through the museum, I had the time of my life meeting tourists coming from all over, from Argentina to Zimbabwe, and learning how to capture a crowd and keep them hanging on every word.Eventually my enthusiasm was recognized and I was asked to join one of the museum's 'living history' programs, in which the whole staff strip themselves of their nametags and daytime personas and emerge from their offices donning the most hip and trendy fashions of the South's Regency era. My colleagues become my fellow actresses, and bosses become my good friends that gather to joke over tea and gossip about the latest presidential scandals and the balls. Our motley crew includes other museum's tour guides, Savannah's high society ladies, and even local military personnel. The cast of these shows is the most diverse and accepting group of people I have ever been fortuitous enough to encounter, and they have taken me under their wing. The amount of love and support I receive from them has allowed me to develop poise and confidence, and this is something I hope for everyone to experience, even if it can't be from a bunch of misfit Jane Austen-esque history buffs clad in bonnets and neckties.The shows that I am a part of at the museum have become the best parts of my week. After long days of lectures and seminars that leave me feeling drained and distraught, I leave school in the twenty-first century and travel through time back into 1820. Surprisingly, this journey only takes about ten minutes or so, depending on the traffic in the space-time continuum. When I arrive, I pull on my lace gloves, settle my curls in my bonnet, and always remember to appreciate my real life because of the terribly uncomfortable corset that Louisiana has to wear. But becoming good ol' Lou and teaching others about her life has helped me understand my own better, and thank my lucky stars every day that I have a place to escape reality completely. Some people can feel great in a park, or maybe a quaint little coffee shop, but I am only truly at peace when I can remove myself from the current day and age all together and journey back to the nineteenth century.  "},{"index":1,"personal_essay":"Music has captivated me ever since I first bopped my head to the Bob Marley music my father played over dinner. Since then, my relationship with music has flourished. I have had the opportunity to perform with numerous music ensembles, but one group affected my musical development more than the others. I am the front woman for my school's rock band, Eclipse. As a member, I have performed for various audiences, from the student body to the Grammy Foundation, but one memorable performance made me realize how special music truly is. It was a bitterly cold November morning at the Rock N' Roll Marathon, and we were positioned at mile marker twenty-one. Our set consisted of entirely Disco, because of a recent Boogie-Get-Down gig. Before we knew it, the runners who had been dragging their feet for twenty miles began to rock around the corner. I noticed one woman looking downright drained, but when she heard me singing Gloria Gaynor's 'I Will Survive,' something extraordinary happened. I saw her progress from a shuffle to a near-sprint as she came toward the stage to sing and dance with me. After boogie-ing a few moments together, she raced to the next mile marker, and I was astonished at how much of a difference a few seconds of music made for her. Seeing the inspirational power of music has made me realize why I love to perform, and want to continue doing so at UCLA. So whether I am a member of the Chamber Singers or another Funk band, I intend to keep spreading the joy, because when someone who is feeling discouraged connects with the right beat, it helps her go the extra mile."}]}