{"schema":{"fields":[{"name":"index","type":"integer"},{"name":"personal_essay","type":"string"}],"primaryKey":["index"],"pandas_version":"0.20.0"},"data":[{"index":0,"personal_essay":"]             'Without balance, you have nothing.' My fencing coach has taught me many things, but this is by far the most important. He demonstrated it during my very first lesson, when he nearly toppled me over with merely a light push on the shoulder as I stood in the en garde position. Although I quickly found my balance while fencing, it wasn't as easy to find balance in the rest of my life.         My family is Korean, but I grew up American. My parents separated when I was four years old, and just a few months later, I moved halfway around the world, from Seoul, South Korea, to New York City. That was the last time I ever saw my mom, hugged her, and kissed her. I was instead raised by a single, immigrant father without a college degree. He worked long hours, seven days a week, so I spent a lot of time alone. Sunday nights became my favorite night of the week during the first few years we spent in New York because it was the night my dad came home the earliest, and he would always take me to the Korean-style Chinese restaurant to order black bean paste noodles and tangsuyuk (sweet and sour beef).         However, these nights were some of the only times when I was exposed to Korean culture, and despite my dad's efforts, my Korean identity slowly slipped away to be replaced with an American one. I have assimilated too well into American society, my dad says. I used to cringe at my dad's thick accent as he thanked my teachers at parent-teacher conferences, but my dad is just as disappointed that my Korean is stilted with a choppy American accent. He often remarks, 'What kind of Korean doesn't even speak Korean?' In response, I would sometimes think, 'Maybe I'm not Korean.'         When I was in fifth grade, my grandmother made me kimbap\u2014white rice and a combination of other ingredients, such as vegetables, meat, and fish, rolled together with dried seaweed\u2014for lunch every day. I hated it. All of my friends had paper bag lunches, while I came to lunch with a square Tupperware container. They would unpack their bags, revealing peanut butter and jelly sandwiches with the crusts cut off, juice boxes, colorful fruit roll-ups, and goldfish crackers. I would lift up the lid from my container as slowly as possible, just as you would gradually uncap a shaken soda bottle in the futile hope that it wouldn't erupt, but no matter how slowly I moved, our entire lunch table would always be assaulted by the fishy stench of warm imitation crab meat. Eventually, I became so embarrassed that I stopped bringing a packed lunch to school, resorting instead to the free cafeteria food. It didn't even matter to me that I actually liked kimbap. I was so focused on not being Korean when I should have been focused on simply being myself.         It's only in retrospect that I came to realize this, but once I did, I began to appreciate and even share my Korean heritage. However, this doesn't mean I have completely renounced my American side. After all, I've lived here for nearly my entire life. Instead, I have bridged the two cultures. At home, I speak 'Konglish,' a mix of Korean and English: I will start a sentence in English, but end in Korean. On weekends, I take my friends to Koreatown for lunch, where we share kimbap and rice cakes, and in exchange, they bring me to their favorite pizza joints. I have found a balance in my life, just as I now stand unwaveringly whenever my coach pushes my shoulder. Because by blood I am Korean, in mind I am American, and at heart I am Korean-American. "},{"index":1,"personal_essay":" I wish I could say that last summer I found a cure for cancer or ended world hunger\u2014accomplishments I could be proud of\u2014but all I can honestly tell people is that I worked at the mall for minimum wage. For many people, a summer job at the mall may sound like an appropriate way for a teenager to spend her summer. However, I attend a fiercely competitive school, where students will wait hours on line to speak to the head of a department to snag a coveted seat in an AP Physics C course. And when the fall semester started, the first question out of everyone's mouths was, 'What did you do this summer?' As my peers described travelling abroad in Europe or conducting experiments that involved mice brains, I wondered if my summer job was worth mentioning. After all, I didn't even enjoy it.  My hopes of a fun summer job had been immediately crushed with my first assignment: attaching security pins onto newly arrived stock. I stood alone amid boxes of plastic-wrapped clothes in the grey-walled back room of the store for nearly two hours. After lunch, I was finally allowed to work on the floor, returning unwanted clothes from the fitting room back to their original racks, organizing messy racks, and assisting customers. None of these tasks were difficult, but by the end of my five-hour shift, my feet were sore and my back ached.  However, the physical pain of standing for five hours wasn't the hardest part of the job to endure. The worst part was dealing with the boredom of mindlessly hanging up clothing. (Listening to the same playlist day after day comes in as a close second.) I had thought that I would adore this job. It seemed to be a good match: I liked shopping, and I loved people. Unfortunately, working at a store is entirely different from shopping at one. As I worked, I began to notice small details, such as how frequently customers dropped merchandise that they then left on the floor for an employee to pick up, and realized how oblivious I had been as just a shopper. I was exposed to a new perspective in an environment I was already familiar with.  Furthermore, I also realized how differently some of the other employees treated the job. For me, it was simply a summer job, the first of many stepping stones to come. For another, it was the best of the three jobs she worked to help support her family. This job most certainly was not life-altering, but it was eye-opening, and I did gain much more than money from it. So, when the school year began and I was confronted by the inevitable question, 'What did you do this summer?' I smiled proudly: 'I experienced life.' \u200bIn Yale, I see a home. A home isn't just a place where I can find comfort, but a place where I can grow and be challenged. So while I find comfort in the student-run butteries, which echo my own late-night snacking sessions with my dad, and in the strong Korean-American community, I am undaunted by the unfamiliar. I want to perform research in a chemistry lab on Science Hill. I want to tell stories through words and photography. I want to explore, and at Yale, I'd not only be able, but also be encouraged to do so.  Taoist philosophy says to 'go with the flow.' I'm not Taoist, but it still matters to me that I take the time to enjoy life. It seems as though everyone is constantly looking into the future and not spending enough time embracing the present. My best friend, for instance, is anxious to graduate high school and begin a new chapter of her life. I, too, am excited about the possibilities the future holds, but I am also satisfied with where I am now.  I celebrate the present by recording it. Some people believe that photographing a moment detracts from its meaning; you focus more on obtaining the perfect photograph than on absorbing the moment itself. However, I disagree. When I look through the lens, I see the world in greater detail. I notice an obtrusive figure that sneaks into the frame, an out-of-place strand of hair, and the perfect crookedness of a smile. I see the world from an alternate perspective that only adds to my appreciation of the moment. I will get to the future when I reach it, but until then, I would rather enjoy and preserve the present. "}]}