{"schema":{"fields":[{"name":"index","type":"integer"},{"name":"personal_essay","type":"string"}],"primaryKey":["index"],"pandas_version":"0.20.0"},"data":[{"index":0,"personal_essay":"] Some children are afraid of monsters under their beds. I wasn't one of those children.Instead, Osama Bin Laden hid in my hamper and Hitler crouched in the back of my closet. I'd stay up late into the night concocting elaborate escape plans for any and all situations: house fires, home invasions, confrontations with costumed characters at Disneyland (who were obviously potential kidnappers attempting to trick less vigilant children). I was scared of many, many things, but more than anything else, I was absolutely terrified of making mistakes.My parents weren't aware of my perfectionist tendencies when they started me in ballet, but by the time I was six, it was apparent the activity was a perfect fit. At nine, I started daily training with a former Soviet-era ballerina who shared my outlook on mistakes. I auditioned into the Advanced Studies program at the Colburn School of Performing Arts at 14, and while my classes have grown progressively harder, one thing has remained constant. Ballet demands perfection.But it also demands fearlessness. Having the technique required to execute the difficult fouett\u00e9 combination in the finale of Balanchine's 'Western Symphony' is one thing. Launching into it knowing you might land in the orchestra pit is the real trick.I learned how to be fearless the summer before high school, and it didn't just change the way I dance. It changed the way I live. There I was, perched atop of a 40-foot ladder on a high ropes course as part of a bonding activity at LEAD's Computer Science Institute. Two days earlier, I would have climbed down. But I had just flown by myself across the country to the University of Virginia to study a subject about which I knew absolutely nothing. Of course I jumped off that ladder \u2013 it felt like I already had.And later that summer, when a Startalk scholarship took me to Hawaii to learn Mandarin, I jumped again. Back when I started French immersion school in kindergarten, I was so afraid of making a mistake I didn't utter a word for six months, but at Chinese camp I spoke Mandarin on the first day. And so what if I told my professor I was 'too fat' to go the Batman movie? Or if two years later, when I got a scholarship to study in Hunan Province among real Chinese people, my mind went blank at McDonald's and all I could remember how to ask for was orange juice?Being fearless has even shaped how I compete in national circuit Lincoln-Douglas debate. My coach warned me that running a feminist and anti-colonialist critique of linear time (a completely original position) in the sudden death rounds of the Alta Silver & Black Invitational was a huge risk, but I put fear aside and won three rounds in a row, becoming the first debater from my school ever to win a bid to the Tournament of Champions as a junior.I can't say I don't aspire to perfection anymore. I do. But I can honestly say that I'm no longer afraid of making mistakes. Just as the ideal path to safety when escaping the kidnapper who slips in through your bedroom window at 4 a.m. is not a straight line, neither is the path to perfection. It's a circuitous route paved in equal parts with triumphant victories and mortifying mistakes.Last summer, when I spent a few weeks in New York taking professional-level ballet classes, I couldn't help but be intimidated. Some of my classmates were members of ABT's corps de ballet, my teachers were ballet legends, and I was the youngest person in the room. Each day, I had to make a choice. I could do fewer pirouette turns and make sure my landing was clean, or do more, and potentially fall out of the position. A double pirouette is safe. I went for the triple. "},{"index":1,"personal_essay":"It seemed unlikely I'd ever be one of the national circuit's top Lincoln-Douglas debaters, let alone the top-ranked girl in my grade, when I first joined the debate team. At my first tournament I lost as many rounds as I won \u2014 a record that didn't exactly scream 'debate prodigy.' But this summer, I was one of twelve debaters selected for the elite 'Top Lab' at the Victory Briefs Institute. By October, I had qualified for the Tournament of Champions, finished in the Top Eight at two national tournaments and in the Top Four at another, and climbed to 11th in the national rankings. I knew from the start that I belonged in the debate world \u2014 a world where ambition, intellect, and original thinking are celebrated. I just had to prove it. The trophies I've won since are a testament to my belief that hard work is the key to excellence.When I visited Columbia's campus last summer, I had the best chocolate pastry of my life at a nearby restaurant. But that is not the only reason I want to go to Columbia.The Columbia students I met were extremely enthusiastic about the Core Curriculum, and I can certainly see why. Not only do the Core classes provide every student with the opportunity to study classic works of literature and art, they also bring the students together and enable them to discuss their shared intellectual experiences. As a top- ranked national circuit debater, I would definitely welcome such a forum for academic discourse and debate.Further, Columbia is ideal for me due to its international focus, evidenced by the opportunities it affords undergraduates to study over 40 languages and study abroad in over 150 locations. Language study is a particular passion of mine; I've studied five languages so far and hope to continue my studies of Mandarin and Arabic, while possibly beginning to study a sixth language. Also, studying at Hunan University in China was a life-changing experience which left me yearning to study abroad again. I know at Columbia this would be possible.Next, my pre-professional training in ballet makes Columbia's location impossible to ignore. In addition to participating in Columbia's own dance program, I could take daily classes at some of the nearby dance studios I discovered while visiting New York last summer, including Broadway Dance Center and Peridance. Plus, I could regularly enjoy the performances of world-class companies like American Ballet Theater and New York City Ballet.Finally, I want to go to Columbia because when I visited, I witnessed two students dancing to Shakira's 'Hips Don't Lie' like no one was watching. I think I'd fit right in.My interest in studying the humanities at Columbia is rooted in a desire to examine all facets of the human experience \u2014 from language to philosophy to art \u2014 looking specifically at which elements of that experience are universal. In particular, I intend to focus on Art History, Philosophy, Linguistics, and East Asian Languages and Culture.Any serious student of Art History is aware that Columbia's Department of Art History and Archaeology is the best in the nation, and I can think of no better place than New York City to immerse myself in the art world. I am especially enthusiastic about the sheer diversity of the department's offerings and its mission to examine artistic expression within a broad range of historical and cultural contexts. My travels in China and study of Chinese and Arabic have inspired my interest in Far Eastern and Islamic Art, and I'm excited to see course offerings on both of these subjects. I also hope to deepen my understanding of Dadaism, German Expressionism, and Contemporary Art.Exploring the intersection of Art History and Philosophy is particularly appealing to me, and I would welcome the chance to take a course like the one offered this Fall on 19th Century criticism, which incorporates works by Kant, Nietzsche, and Hegel.I hope to pursue another of my passions \u2014 learning foreign languages \u2014 while at Columbia, and to look more closely at the concept of human expression as it relates to language through the study of Linguistics.I am especially interested in the travel seminar for Art History majors, as it would provide me with a deeper, more personal knowledge of the culture from which the particular piece of art or art movement I'm studying arose, and \u2014 who knows? \u2014 may even inspire me to learn another new language.That's easy. Because of the people. The 'New Curriculum' attracts students with eclectic tastes and gives them the freedom to follow their academic interests wherever they lead. Look at my own family: my dad studied Swedish, Japanese, Jazz, and Geology. My mom wrote her honors thesis about ancient mystery religions. I've met so many fascinating Brown students and alums over the years \u2014 people unafraid to follow their passions. If I am fortunate enough to join the class of 2020, I will relish the opportunity to chart my own path, learning as much from my adventurous classmates as from my professors.The student body at my 110-year-old all-girls school in a gritty part of Hollywood provides a snapshot of LA that is far more genuine than the stereotype Alicia Silverstone made famous. The 'real' LA isn't about movie lots, manicured lawns, and Beverly Hills boutiques. At Immaculate Heart, my classmates come from all over the city and their parents come from all over the world. Some speak a language other than English at home. Some will be the first in their family to go to college. This diversity has shaped my perspective and inspired my interest in other languages and cultures.Burbank, California \u2014 where I grew up \u2014 is the sort of small town where my brother's Little League All-Star game makes the front page of the local paper, but for most of my life I've ventured outside its comfortable confines. I take the subway downtown for ballet every day, and use it to explore Los Angeles - wandering around Little Tokyo, scouring the shelves at the Last Bookstore, checking out The Aquadolls at the Echoplex, or taking in some Rothko at MOCA. I might live in a sleepy suburban town, but the dynamic, 24\/7 city of LA is my true home.My interest in studying the liberal arts at Penn is rooted in a desire to examine all facets of the human experience \u2014 from language to philosophy to art \u2014 looking specifically at which elements of that experience are universal. In particular, I intend to focus on Linguistics, Art History, Philosophy, and East Asian Languages and Culture.Penn's multi-disciplinary approach to learning is especially appealing to me, given the diversity of my interests. No matter which professional path I eventually pursue, a well-rounded liberal arts education will provide me the depth of knowledge and the broad range of skills I'll need to communicate ideas and solve complex problems. Penn's focus on examining intellectual concepts within a real world context, and not just from a theoretical standpoint, is also attractive to me.My passion for learning foreign languages first drew me to Linguistics, and competing in NACLO and working as a research assistant for Professor Megha Sundara at UCLA last summer allowed me to further explore the discipline. I am especially intrigued by the application of Linguistics to the field of artificial intelligence, where researchers are not only attempting to replicate human language, but are also asking important questions about what, essentially, makes us human. I'd like to study at Penn in large part because of its outstanding Linguistics Department. It is not only one of the oldest such departments, it is also one of the best. I hope to explore a number of sub-disciplines under the umbrella of linguistics, and am particularly interested in learning more about sociolinguistics. Last summer, I assisted with a number of studies on infant language acquisition, looking specifically at bilingualism, and would be excited to continue working in a linguistics lab, especially the department's Language Variation and Cognition Lab.The sheer breadth of opportunities to study foreign languages at Penn is another major draw for me. Most of my summer breaks during high school were spent taking advantage of scholarships for foreign language study and travel. I hope to continue my quest to master Chinese and Arabic, and perhaps learn another language during the course of my undergraduate career \u2014 although my guess is I might have a hard time deciding which one. Between Penn's language departments and the Penn Language Center, the choices are endless! Italian or Igbo? Polish or Punjabi? I'll just have to wait and see. I also plan to take advantage of the numerous opportunities to study abroad offered through the 'Penn Abroad' program. (Maybe that will help me narrow my choices.)Art History is another area of interest for me, and again, Penn's History of Art department is one of the best in the country. The proximity of Philadelphia's museums and cultural institutions, especially the Institute of Contemporary Art, is a huge plus. The department's commitment to undergraduate teaching also appeals to me, as does the amazing range of courses offered.Finally, my experience as a Lincoln-Douglas debater has exposed me to a wide array of philosophical works, and I hope to continue my study of philosophy at Penn. I am particularly interested in the intersection of linguistics and philosophy, and in examining the ethical and moral implications of new technologies.There's this electrical box on the sidewalk outside the Colburn School. I suppose I've been passing it for years on my walk from ballet class to the subway, but I noticed it for the first time a few weeks ago, after an anonymous painter decided to make it his canvas. The resulting painting looked a lot like a Gerhard Richter I saw once at MOMA. I briefly reveled in the irony of the fact that this work of art, which I was quick to associate with an Abstract Expressionist-Pop Art masterpiece, was sitting out on the middle of Grand Avenue, just steps away from The Broad, and a half block from the Museum of Contemporary Art. I wondered how long the box could go undetected if I were somehow to uproot it and place it, with a tasteful placard, in the middle of a nearby installation. I determined it might last quite a while. I decided not to test this hypothesis.'No one speaks like a robot. We\u2014Don't\u2014Talk\u2014Like\u2014This.'That's the first part of the answer I gave countless times to explain the Spanish Segmentation study to inquisitive parents at UCLA's Infant Language Acquisition Lab, where I worked under Professor Megha Sundara. I'd go on to explain that if I said a sentence in French, and you didn't speak French, you wouldn't know even how many words were in that sentence, because humans don't pause between each word.So what does this have to do with the electrical box? If a French person and a monolingual, English-speaking American hear the same sentence, the former knows exactly what each word means, individually and in context, and the latter couldn't even tell you how many words are spoken. To the French person, the sentence has meaning, and to the American, it has none whatsoever. In the same way, I might look at the Grand Avenue electrical box and say, 'This is art. This belongs in a museum,' to which you might respond, 'That is graffiti on an electrical box. You are a lunatic.' The piece has meaning to me, but to you, it is as incoherent as a sentence spoken in a foreign language.The study of art may seem to have little in common with the study of foreign languages, but I am drawn to both because I relish the opportunity to extract meaning from that which at first seems incomprehensible. When I hear someone saying words I don't understand, I want to learn that language.When I see a piece of art that I 'just don't get,' I want to learn about the artist, the historical context, the pieces that inspired it, the pieces it inspired.I want to go to Harvard because I want to be among great minds who share my passion for decoding the seemingly indecipherable. I want to be part of a community of students who aren't as proud of all they do know as much as energized by all they don't -- students who might also question the artistic intent behind some paint strokes on an electrical box . . . and who may even conspire with me to 'relocate' it to a museum.'It is a narrow mind which cannot look at a subject from various points of view.' Middlemarch by George EliotWhen it comes to gun control, some people argue that banning guns is the best way to prevent mass shootings and combat domestic violence.And I can see their point.Others insist that gun laws are unfair since they are enforced arbitrarily, leading to the discriminatory conviction of minorities. After all, the first gun laws in the U.S. were borne out of a desire to disarm freed slaves and empower the Klu Klux Klan.I can see their point too.If I were running for President, demonstrating a willingness to entertain contrasting points of view on such a controversial issue would open me up to accusations of pandering to both sides \u2014 of flip-flopping. But in national circuit Lincoln-Douglas debate, it's what wins me rounds. The most successful debaters are those who can 'look at a subject from various points of view' \u2014 those with, in the words of George Eliot, the least 'narrow minds.'At a national circuit LD debate tournament, competitors square off in six preliminary rounds, alternately affirming or negating a particular resolution. So, I might win my first round by championing jury nullification as essential for subverting the prison-industrial complex \u2014 then, still flush with victory, immediately begin prepping for Round Two, where I will unleash a breathless screed against jury nullification, insisting that it historically disadvantages minorities by increasing the use of plea bargains. Two hours and a pizza break later, I'll be back behind my portable podium, arguing at 426 words per minute that we ought to abolish prisons entirely and shift to a rehabilitative system. And that's all before I break to out-rounds, where if I want to bring home another trophy, I'll have shift my position yet again.Of course, when one is debating hot-button issues, it's impossible not to have some preconceived notions. After all, as thinking members of society, we are bound to form our own opinions. But as a debater \u2014 unless I want to lose half my rounds \u2014 I don't have the luxury of summarily rejecting opposing views. If I find a particular side of a resolution morally repugnant, I have no choice but to unearth a new ethical theory that will convince me \u2014 and hopefully my judges \u2014 of its merits. Having to justify a position I'd never take in real life has forced me to seek out novel approaches (like a Yangism argument where I supported my case using ancient Chinese proverbs). And by the time I have fully researched a debate issue, my original bias has usually been all but forgotten.It's ironic that debate \u2014 which requires opponents to vehemently disagree with one another \u2014 also teaches one to be tolerant of other people's views. In truth, there are an almost infinite number of legitimate points of view on any given topic. Ordinarily, if you asked me whether I thought teenagers should be able to make their own healthcare decisions, I'd say, 'Duh, yeah, of course!' But now that I've studied the subject from all perspectives, I'd say it depends \u2013 are you looking to protect outer freedom, or to maximize expected well-being? Are you approaching it from a feminist or an anti-colonialist point of view? And further, which empirical evidence should I take into account, and which experts should I trust? Two individuals evaluating the resolution through the lens of the same ethical or critical theory may come to opposite conclusions, with each equally able to support his position.There is no one solution to any one problem. Debate teaches us to view issues from a panoramic perspective, reject black-and-white answers, and above all else, keep an open mind. The only sure way to be wrong is to be sure that you're right. And that's a lesson I hope I remember if I do run for President one day."}]}