{"schema":{"fields":[{"name":"index","type":"integer"},{"name":"personal_essay","type":"string"}],"primaryKey":["index"],"pandas_version":"0.20.0"},"data":[{"index":0,"personal_essay":"] 'There is only one thing that makes a dream impossible to achieve: the fear of failure.' - Paul Coelho, The AlchemistShe's a foot shorter than everyone else and not athletically built. Nobody special, really.One summer, she wanted to qualify for the state championship swim meet. She had nine seconds to drop in the 200 breaststroke. 'How can I make the state cut?' she asked her coach.'You have to train at least four hours a day. You can't be the last person to finish in practice. You have to keep up with everyone else,' her coach responded. 'Why don't you set small goals at a time? Maybe drop two seconds this summer?'She didn't want to set a small goal. Disregarding everyone else's comments, she attended two practices every day. With swim practices at 6 AM, evening practices at 4 PM, and midday naps to rejuvenate, she had no time to herself. She had just one goal: drop those nine seconds. With the hours of practice, her body fat toned down. She challenged herself, shuddering at the thought of missing the cut.The day of the qualifying meet came, making her as anxious as ever. She dove into the water and completed the first two laps of breaststroke, gaining momentum with every pull. On the third lap, however, the pain shot through her body, like an inferno swallowing every single inch of her muscle. She felt like she was going to die.But she took another breath, completed another stroke, pulled, kicked, and inched her way forward through the water. She was too scared of missing the qualifying cut. With each motion, more tears flooded her goggles in disgusting saltwater. Only one more lap left, she thought. She pushed her body to finish -- to the point where her pain receptors stopped working. She jammed her fingers into the touchpad and collapsed on the wall: she was done.Everything after that was a blur. The officials carrying her out of the pool; her coaches asking if she was alive; her parents screaming from the stands. However, during all of this chaos, the only thought racing through her head was, please, tell me that I made my state championship time; I don't want to fail\u2026Her heart dropped when she saw her time. She had missed the cut by 0.2 seconds. 0.2 seconds. Disappointed, she turned to her coach. 'Stop dwelling on your times. Don't be afraid of 'failing.' Instead, focus on giving your best effort in practice,' he advised.I will beat her at the district championship swim meet this year. I train more than her, lift heavier weights than her, swim faster than her in practice, and eat healthier than her. It's not easy, but I do it anyways. She fears the outcome; I don't. She's afraid of what she can't control; I'm not. I lead my lane at swim practice, swimming faster than boys six feet tall. I will beat her because I know how she trains; I know all her weaknesses.She is the old me. "},{"index":1,"personal_essay":""}]}